traffic,cpu,memory,optimal_cpu
4578,6,48,5
807,15,8,1
3686,3,7,4
3219,9,45,4
4344,2,31,4
117,1,45,2
2628,7,63,4
3414,13,16,3
3789,15,35,5
221,7,49,2
2586,9,38,4
1518,5,7,2
2762,3,28,3
2845,10,61,4
834,12,51,2
4545,2,42,5
1545,8,43,3
3552,5,5,3
2507,2,16,3
1774,6,17,2
4232,8,16,4
537,3,22,1
274,1,54,2
1606,13,24,2
4309,5,26,4
3474,8,61,4
4349,5,10,4
519,3,55,2
3149,7,33,4
4125,10,58,5
3982,13,53,5
2464,7,46,4
1724,15,6,2
4281,12,38,5
1323,5,30,2
2723,2,22,3
2564,10,2,3
4399,8,8,4
650,7,7,1
3823,7,20,4
4143,8,61,5
2195,8,41,3
4843,4,15,5
1942,1,7,2
583,13,60,2
3043,10,10,3
4917,12,33,6
2767,4,56,4
2488,11,9,3
1191,2,61,2
2517,6,42,4
1221,8,23,2
2117,10,9,2
2311,10,45,3
3016,3,63,4
701,6,35,2
3246,12,50,4
1152,15,10,1
622,12,11,1
2365,15,23,2
4313,9,14,4
1310,4,43,3
4451,6,59,5
312,2,52,2
4267,11,36,5
1933,14,9,2
2970,6,14,3
3125,14,36,4
1385,1,30,2
1400,12,63,3
859,7,11,1
2579,3,31,3
3079,13,60,4
309,12,7,1
992,3,30,1
1342,10,39,3
4112,6,6,4
2078,14,8,2
3255,5,12,3
2682,1,21,3
1503,1,28,2
4188,2,16,4
1215,3,30,2
1820,13,13,2
520,4,60,2
4275,10,59,5
4633,14,39,5
333,6,34,2
409,10,36,2
2153,15,56,3
901,10,60,2
4263,2,58,5
624,7,45,2
2860,8,49,4
2100,4,34,3
521,7,16,1
2865,10,37,4
328,9,46,2
3074,1,56,4
3537,6,32,4
1590,15,45,3
822,10,43,2
927,6,26,1
3162,3,57,4
2416,7,3,3
1218,9,19,2
4367,13,42,5
1094,6,45,2
3565,3,51,4
2096,2,27,2
1058,12,15,1
3494,14,8,3
4445,11,45,5
2046,13,27,2
2933,6,60,4
1158,3,58,2
4576,1,41,5
3781,9,61,5
738,7,60,2
2143,15,16,2
4918,15,12,5
3726,4,31,4
339,14,61,2
2971,14,54,4
2302,11,3,2
1271,14,55,3
817,14,40,2
3924,12,27,4
1240,11,48,3
4303,2,14,4
138,3,33,2
1677,6,46,3
2881,8,40,4
147,3,22,1
2494,2,43,4
934,5,15,1
3649,8,16,4
4963,9,58,6
2952,11,23,3
1035,4,43,2
3156,2,10,3
883,7,9,1
3091,5,11,3
4213,9,17,4
3298,1,10,3
3503,12,31,3
909,5,2,1
1853,4,12,2
1082,9,35,2
1183,14,9,1
1059,15,7,1
1826,11,34,3
2919,2,12,3
3795,10,11,4
743,12,50,2
3778,11,28,4
3995,1,62,5
359,10,18,1
1255,2,52,3
3407,12,26,3
3942,7,7,4
2202,13,19,2
3880,2,57,5
1206,6,44,3
4705,12,43,5
4041,1,4,4
3459,10,18,3
1503,15,48,3
3485,4,43,4
556,7,55,2
1314,8,16,2
2364,8,17,2
344,5,53,2
4973,11,39,6
3203,2,45,4
4456,4,41,5
4352,3,47,5
3306,13,37,4
1893,7,21,2
494,6,60,2
3224,2,55,4
4507,4,3,4
3357,3,4,3
4783,1,51,5
1063,1,31,1
703,12,45,2
832,3,62,2
4194,9,10,4
3594,10,21,3
1657,4,13,2
3380,13,14,3
1599,15,4,2
1568,14,28,2
2015,10,19,2
3496,8,47,4
739,12,50,2
1465,15,35,3
372,1,53,2
3872,13,12,4
2575,8,13,3
908,2,21,1
3919,14,8,4
4429,3,47,5
3019,13,63,4
1306,14,17,2
4286,1,20,4
1232,15,15,2
851,8,56,2
604,14,29,1
278,15,37,2
907,5,42,2
2244,9,8,2
308,8,51,2
4059,12,42,5
143,14,62,2
4941,2,10,5
2283,15,35,3
2823,6,25,3
2075,12,56,3
4081,13,18,4
4074,4,62,5
1037,10,32,2
2689,13,16,3
4415,4,29,4
3117,14,45,4
1106,12,16,1
2706,4,18,3
3845,8,25,4
2011,8,14,2
2907,3,43,4
4224,8,22,4
861,8,26,1
4316,15,20,4
114,13,49,2
2367,7,4,2
4502,2,47,5
4667,5,25,4
1805,14,22,2
2834,5,2,3
4003,4,62,5
3800,1,58,5
2496,4,51,4
4197,1,32,5
1155,11,8,1
1433,7,33,3
3436,11,44,4
2422,1,57,4
745,4,37,2
2501,12,4,3
4637,7,61,5
2916,15,2,3
3568,13,13,3
2921,15,11,3
710,5,56,2
1280,11,8,2
4389,13,26,4
3245,13,28,3
4620,13,28,4
1930,3,62,3
924,13,7,1
4832,9,21,5
3839,2,50,5
2690,2,23,3
112,13,61,2
3222,13,51,4
4772,15,27,4
4752,8,46,5
724,15,42,2
2127,5,33,3
4760,15,24,4
4636,7,2,4
1405,9,37,3
243,11,22,1
2927,2,15,3
3929,7,20,4
371,7,26,1
3223,4,10,3
2141,13,42,3
2742,7,30,3
1629,4,47,3
2735,14,48,4
2513,9,3,3
763,14,48,2
552,11,52,2
2643,4,32,4
4795,13,59,5
4384,13,32,5
3731,1,15,4
4071,6,24,4
1331,5,63,3
4679,4,32,5
3240,11,39,4
2705,13,17,3
2636,13,9,3
3606,12,13,4
3716,3,2,4
1949,4,61,3
4557,1,41,5
1869,5,15,2
348,2,29,1
4906,15,2,5
3264,7,23,3
2925,9,46,4
2935,14,29,3
2781,6,14,3
336,6,9,1
731,10,59,2
3818,12,56,5
3785,10,52,5
3235,3,8,3
2373,8,4,2
2450,13,28,3
291,3,20,1
1396,11,47,3
534,4,22,1
3297,3,51,4
2351,2,62,3
3913,14,45,5
2991,15,2,3
2686,15,31,3
3261,1,21,3
3730,14,14,4
726,1,5,1
2187,1,53,3
3752,10,29,4
259,5,27,1
1223,10,59,3
3472,1,42,4
1367,5,4,2
435,4,63,2
1965,2,39,3
1503,3,62,3
4744,8,40,5
599,15,8,1
2884,3,6,3
1946,3,19,2
2979,2,3,3
3954,12,58,5
2183,5,14,2
1031,2,14,1
2724,10,48,4
132,10,34,2
1246,13,47,3
3049,12,34,4
3554,7,48,4
3502,10,17,3
2600,8,9,3
3699,6,56,5
1149,9,45,2
789,5,42,2
3225,6,49,4
4031,4,49,5
4401,9,13,4
3824,2,39,5
1926,14,62,3
3890,14,45,5
367,1,36,2
1192,11,33,2
2179,6,3,2
232,12,45,2
4478,6,8,4
115,6,60,2
2761,14,50,4
4405,6,41,5
2356,4,57,3
4721,11,58,5
4492,14,42,5
4051,9,58,5
4781,7,8,4
572,8,36,2
940,8,16,1
1249,12,59,3
2424,10,7,3
3870,11,7,4
4700,4,13,4
581,6,35,2
3583,12,5,3
1558,7,35,3
3334,6,36,4
3101,13,8,3
2413,6,41,4
2465,7,12,3
3269,9,34,4
4795,8,9,4
2007,3,46,3
4757,12,60,5
4177,3,57,5
2636,2,8,3
3684,13,24,4
3065,6,4,3
366,7,10,1
1235,9,30,2
2158,6,60,3
4676,15,52,5
4927,9,8,5
442,2,57,2
2908,4,19,3
3829,13,21,4
3232,1,32,4
1102,6,21,1
379,3,24,1
4486,10,23,4
1063,6,59,2
2169,1,48,3
2670,8,23,3
735,6,55,2
4650,12,45,5
709,13,42,2
2223,7,16,2
2341,9,14,2
3998,4,12,4
1622,4,21,2
2903,10,28,3
3917,14,27,4
4918,4,48,6
3467,2,19,3
267,3,29,1
2326,6,3,2
3404,2,13,3
2540,9,58,4
3834,10,5,4
752,13,11,1
1534,3,42,3
1347,10,47,3
1724,3,17,2
3950,6,34,5
4467,2,45,5
4067,12,60,5
2816,4,60,4
924,14,3,1
1188,1,48,2
3760,4,24,4
190,5,15,1
3662,12,29,4
414,5,44,2
4721,10,56,5
1038,14,61,2
3034,2,60,4
2809,13,34,4
2637,9,49,4
2232,7,25,2
1509,4,29,2
3314,5,40,4
2899,12,28,3
4898,15,14,5
2107,11,59,3
955,1,3,1
125,10,61,2
3513,5,30,3
1918,11,18,2
374,6,19,1
3720,5,56,5
1035,6,61,2
3930,7,15,4
3299,13,27,3
2766,6,5,3
1007,15,7,1
3087,13,17,3
4627,13,22,4
3906,10,44,5
1970,2,48,3
2610,2,9,3
1923,9,8,2
355,6,60,2
3020,10,15,3
756,4,48,2
2651,10,8,3
2739,5,12,3
3994,13,44,5
4306,12,42,5
2910,11,21,3
1391,5,26,2
3024,8,33,4
3734,5,20,4
147,2,52,2
2868,2,22,3
1613,5,11,2
169,4,4,1
3802,13,42,5
4196,2,49,5
4083,6,47,5
2961,8,50,4
4275,2,32,5
2570,15,39,4
4672,10,40,5
1685,7,2,2
1533,4,22,2
2113,5,26,2
1540,2,15,2
462,11,45,2
1399,14,39,3
1352,10,37,3
432,9,62,2
4779,15,53,5
3637,3,31,4
3152,10,62,4
780,1,22,1
2414,4,38,4
1690,1,63,3
3401,13,23,3
1102,6,61,2
4754,13,32,5
4273,4,47,5
3019,12,4,3
917,4,48,2
2008,9,53,3
460,9,54,2
160,7,19,1
4202,4,33,5
1394,9,13,2
2994,5,59,4
4716,10,21,4
312,11,24,1
1288,4,30,2
330,5,17,1
767,9,37,2
2511,11,33,4
2162,15,57,3
3289,12,2,3
4283,1,42,5
850,7,38,2
2374,9,28,2
3997,11,19,4
3826,1,55,5
1367,3,5,2
520,13,30,1
4197,7,9,4
4626,15,25,4
1483,4,11,2
4831,9,40,6
4008,10,61,5
3754,11,29,4
4775,13,4,4
246,14,43,2
3953,8,49,5
2985,10,53,4
4941,4,4,5
3984,13,50,5
1453,3,24,2
3984,5,28,4
870,7,43,2
2223,6,25,2
2439,7,44,4
3561,13,9,3
1873,5,9,2
2776,12,48,4
4236,2,18,4
1840,5,34,3
4641,7,11,4
492,1,49,2
1773,13,38,3
140,5,12,1
3070,4,27,3
2157,12,61,3
660,15,52,2
1014,12,34,2
2195,7,44,3
3295,6,51,4
1274,7,9,2
1735,4,30,2
4645,13,54,5
4982,5,15,5
2785,8,21,3
3862,3,35,5
2414,4,41,4
3430,11,55,4
3935,10,12,4
2592,15,9,3
4673,12,2,4
2732,6,28,3
1715,14,16,2
1131,7,52,2
1292,10,50,3
4945,14,21,5
2299,9,31,2
480,13,54,2
3132,5,48,4
3939,3,23,4
1450,5,14,2
1553,2,39,3
4786,13,24,4
3231,8,23,3
1251,4,4,2
1506,9,63,3
1293,3,16,2
651,7,51,2
1150,3,14,1
2152,11,16,2
3479,12,57,4
1866,13,23,2
352,4,13,1
278,2,49,2
356,6,45,2
4015,5,18,4
4952,12,59,6
2836,10,62,4
1579,10,59,3
2701,4,33,4
1267,4,46,3
3716,1,42,5
2742,12,51,4
3772,3,11,4
3139,5,46,4
3482,15,44,4
847,2,54,2
2860,7,19,3
2810,3,58,4
4993,14,42,6
2592,11,20,3
195,8,44,2
4539,2,51,5
4910,14,28,5
343,8,9,1
3808,5,58,5
637,9,19,1
3566,9,47,4
4471,6,31,4
1935,11,60,3
3957,3,26,4
3896,12,52,5
1777,1,2,2
701,1,39,2
3612,5,19,4
4729,12,50,5
4135,10,15,4
1173,2,53,2
1735,13,14,2
371,10,48,2
4042,9,26,4
4164,3,9,4
1606,4,61,3
4518,10,20,4
1911,10,63,3
292,2,41,2
607,2,55,2
1261,3,54,3
3622,11,50,5
4099,6,42,5
3640,7,51,5
4667,5,42,5
1758,15,54,3
2235,8,4,2
4631,1,59,5
4333,2,30,4
3903,5,17,4
3933,1,8,4
1965,11,50,3
4044,10,63,5
3073,7,54,4
4312,3,22,4
946,6,47,2
1058,10,44,2
3003,11,15,3
1197,7,40,2
3191,5,25,3
1152,13,49,2
2853,7,31,3
1829,11,57,3
2091,3,34,3
4028,8,53,5
1397,7,23,2
1872,4,11,2
1844,7,63,3
4481,10,63,5
1387,12,12,2
3840,15,16,4
1974,11,51,3
3637,5,49,5
2797,10,56,4
732,5,31,1
3917,3,58,5
4761,15,15,4
4520,7,33,5
4218,4,63,5
322,7,27,1
938,7,22,1
4983,10,62,6
138,14,6,1
1894,4,48,3
870,2,13,1
3074,6,30,3
3434,6,22,3
2532,5,26,3
804,1,54,2
4777,2,17,4
3850,7,32,5
4303,3,21,4
4966,7,32,6
1310,2,61,3
863,14,12,1
451,11,57,2
375,9,53,2
3655,9,62,5
382,5,33,2
3767,5,49,5
2934,15,9,3
1818,8,24,2
418,9,9,1
824,8,3,1
4663,10,28,4
1768,6,37,3
4570,2,36,5
4087,13,24,4
3887,10,42,5
3360,10,49,4
3361,2,14,3
1624,2,32,3
1826,3,46,3
4345,5,31,4
3263,1,7,3
4909,9,60,6
339,11,21,1
710,5,27,1
1939,7,37,3
4431,14,20,4
328,11,23,1
855,5,13,1
407,11,4,1
1408,15,54,3
3389,10,6,3
1452,3,6,2
3350,3,44,4
3406,4,24,3
1021,15,15,1
835,15,54,2
3502,13,50,4
4224,10,40,5
3964,3,8,4
2296,10,59,3
4199,6,36,5
3463,5,39,4
2830,15,15,3
3904,15,54,5
4278,1,18,4
1277,4,8,2
1927,8,21,2
1018,12,35,2
3145,13,63,4
575,12,31,1
3852,9,51,5
430,10,41,2
448,15,14,1
567,11,52,2
1851,15,7,2
786,13,57,2
4364,6,56,5
1821,14,52,3
1877,13,58,3
3357,12,28,3
1481,11,62,3
353,15,19,1
4356,4,25,4
126,12,33,2
2718,10,40,4
2503,2,27,3
1086,15,35,2
1713,12,22,2
3634,9,29,4
1278,8,6,2
2846,5,43,4
795,8,19,1
4523,6,9,4
3476,1,44,4
1855,8,49,3
4923,5,35,6
756,3,56,2
4573,11,23,4
1372,1,24,2
2519,12,10,3
4105,8,54,5
4662,6,56,5
1124,12,28,1
2685,15,60,4
1831,7,15,2
727,3,53,2
2644,12,21,3
368,10,27,1
4154,8,42,5
2756,3,8,3
1532,15,25,2
154,5,10,1
3995,6,44,5
3732,13,8,4
2557,8,38,4
1492,12,5,2
4685,13,12,4
2263,5,5,2
1893,1,29,2
2441,1,56,4
3117,13,50,4
566,11,28,1
2612,6,18,3
4303,13,41,5
664,14,7,1
3599,10,18,3
2530,11,44,4
2938,6,54,4
4355,10,13,4
2537,14,41,4
1894,10,2,2
3174,7,30,3
4228,7,27,4
3079,12,9,3
931,9,52,2
381,12,59,2
3347,6,31,3
3757,10,31,4
3727,12,59,5
238,12,52,2
4648,3,5,4
1350,12,25,2
2497,3,62,4
630,15,27,1
1833,4,9,2
1435,6,32,3
3802,15,19,4
208,4,62,2
822,2,35,2
598,7,60,2
2204,2,54,3
1218,5,34,3
4829,15,41,6
1615,5,10,2
2292,8,21,2
2930,11,41,4
3617,15,48,5
2525,10,47,4
368,5,3,1
436,14,44,2
3924,12,40,5
3610,10,22,4
3924,6,15,4
1291,14,31,2
4426,15,43,5
452,4,47,2
2661,4,52,4
304,14,52,2
3429,3,18,3
1886,15,34,3
2531,2,12,3
3528,4,57,4
2472,11,43,4
2217,9,49,3
661,9,38,2
1987,12,9,2
4371,4,5,4
820,9,40,2
492,5,43,2
344,11,12,1
3293,12,22,3
3339,15,5,3
229,9,48,2
4073,9,44,5
1782,9,14,2
4804,9,32,6
3190,7,54,4
4868,9,5,5
4699,1,17,4
4944,4,52,6
1952,6,41,3
2689,6,55,4
2037,11,50,3
1001,1,43,2
1456,1,23,2
1463,14,57,3
994,1,31,1
3586,8,17,3
3744,1,5,4
2073,9,51,3
1218,10,53,3
1842,2,26,2
4436,9,40,5
3188,9,43,4
2896,13,46,4
2562,13,49,4
2368,11,24,2
4910,2,47,6
1643,4,46,3
2339,11,3,2
524,15,33,2
2603,15,4,3
2958,11,56,4
3396,9,22,3
3901,9,9,4
1637,8,40,3
3487,12,5,3
1300,5,28,2
1394,1,37,3
533,2,57,2
2895,12,49,4
2065,14,49,3
768,4,10,1
2013,9,9,2
4566,4,15,4
1218,5,54,3
4317,1,50,5
3215,13,39,4
2407,5,4,3
2954,14,53,4
4133,2,46,5
4752,9,11,4
1387,10,34,3
1941,10,54,3
4743,12,57,5
1961,11,19,2
3084,9,39,4
903,5,28,1
1959,8,31,2
4298,14,11,4
3057,12,41,4
4728,10,41,5
600,6,15,1
1328,10,48,3
196,8,8,1
3984,9,12,4
3738,4,32,5
4757,14,58,5
2643,14,56,4
1487,13,27,2
4107,10,61,5
2404,4,23,3
4400,7,7,4
1465,5,21,2
2646,4,57,4
291,2,61,2
1926,2,44,3
324,13,63,2
872,4,16,1
1345,10,51,3
3112,8,30,3
2766,8,32,4
1724,7,11,2
3574,4,51,4
2095,7,15,2
4252,9,63,5
619,15,10,1
3629,8,25,4
1525,5,38,3
972,3,29,1
1057,13,20,1
4353,2,30,4
3688,4,21,4
3131,14,52,4
336,13,16,1
4528,11,54,5
4820,9,41,6
3326,10,52,4
1667,4,60,3
1009,9,37,2
2060,10,33,3
3687,5,58,5
3438,13,21,3
1485,3,22,2
915,6,37,2
2568,9,29,3
3884,8,61,5
909,13,39,2
421,3,55,2
4498,4,7,4
943,4,6,1
2671,1,8,3
510,12,46,2
3670,5,48,5
923,12,52,2
2600,13,25,3
2909,3,36,4
2486,7,30,3
1975,7,49,3
4254,5,15,4
4702,5,36,5
3439,1,5,3
2627,15,19,3
768,4,49,2
3688,13,23,4
3171,1,41,4
3030,1,31,3
1701,8,63,3
312,9,43,2
2246,2,44,3
3442,15,16,3
1172,9,44,2
2322,1,10,2
1129,15,21,1
2701,13,5,3
4190,9,2,4
3478,1,58,4
3638,10,19,4
627,10,5,1
827,15,29,1
2220,15,8,2
2214,8,15,2
692,1,62,2
3597,8,41,4
4629,1,61,5
366,13,59,2
3564,8,51,4
3983,13,39,5
3767,2,18,4
1302,5,59,3
3947,15,40,5
1706,7,51,3
3639,8,7,4
567,12,62,2
2170,6,27,2
4892,8,52,6
4522,3,60,5
758,7,42,2
4079,7,5,4
636,2,29,1
2527,10,14,3
949,13,35,2
2273,3,47,3
4637,8,19,4
2191,11,25,2
2808,15,31,3
1482,9,51,3
4394,2,11,4
1776,9,3,2
752,13,44,2
4503,3,56,5
3260,1,30,3
3859,11,2,4
4669,14,18,4
2372,1,23,2
4555,7,60,5
2571,8,27,3
3225,1,57,4
4862,11,11,5
2482,13,9,3
414,7,56,2
587,7,21,1
3035,15,23,3
2784,7,58,4
3983,6,53,5
786,4,49,2
2091,4,57,3
3027,10,25,3
1544,6,23,2
4232,12,24,4
2064,8,50,3
3841,8,29,4
3119,14,3,3
4064,3,59,5
1612,10,43,3
1123,12,38,2
2050,6,5,2
2418,4,38,4
1832,9,22,2
730,7,61,2
2721,8,27,3
2428,1,16,3
3183,4,36,4
3436,6,48,4
4392,6,16,4
1818,14,23,2
554,2,2,1
3407,7,53,4
4202,3,27,4
2071,6,62,3
4872,12,11,5
1086,3,63,2
612,6,21,1
1629,10,61,3
817,13,49,2
4671,10,58,5
2956,8,2,3
3620,5,13,4
1003,1,63,2
1104,3,42,2
140,1,62,2
4029,8,25,4
3275,7,27,3
3431,11,44,4
4453,10,51,5
1089,12,63,2
4225,12,3,4
1205,13,21,2
454,4,55,2
1437,11,20,2
1958,15,26,2
634,4,40,2
3166,1,2,3
352,14,32,2
2067,4,59,3
3734,1,5,4
2899,5,4,3
4862,5,37,6
4675,2,12,4
2757,10,55,4
3341,2,20,3
4975,9,10,5
1589,2,43,3
4767,5,42,5
871,12,21,1
3594,9,10,3
1998,8,19,2
4439,2,46,5
2562,2,58,4
2818,5,37,4
2701,4,43,4
3191,3,33,4
1235,4,5,2
823,2,31,1
2755,2,12,3
3703,4,43,5
1139,12,20,1
2654,13,19,3
3228,3,46,4
3446,7,57,4
3184,9,6,3
3703,1,59,5
2510,7,44,4
3503,3,39,4
3604,13,20,4
1362,4,21,2
2694,2,3,3
4527,15,20,4
1115,15,59,2
1561,11,38,3
3485,15,44,4
2245,5,12,2
4634,8,14,4
2578,14,63,4
3135,11,21,3
544,2,43,2
1843,8,43,3
133,9,3,1
161,12,51,2
1202,5,55,3
3125,9,10,3
3688,8,46,5
452,2,8,1
1181,11,57,2
2270,5,5,2
1728,15,62,3
4198,14,49,5
914,13,3,1
3971,9,24,4
4060,15,2,4
3219,9,50,4
2046,8,6,2
352,2,33,2
3719,6,20,4
4505,1,32,5
631,13,55,2
1766,7,5,2
296,6,8,1
1035,8,33,2
3422,12,34,4
3999,7,7,4
2089,2,35,3
562,2,52,2
1502,12,16,2
1833,2,29,2
122,6,17,1
2847,10,59,4
1921,8,22,2
3338,1,23,3
3339,2,34,4
1683,5,54,3
1336,9,36,3
912,11,26,1
4232,13,41,5
505,11,27,1
3223,14,20,3
1137,8,21,1
629,1,31,1
1301,13,43,3
4978,8,48,6
4581,15,37,5
218,7,58,2
1998,15,21,2
4023,9,63,5
3752,14,42,5
2179,15,53,3
4133,11,46,5
4943,4,23,5
2393,14,38,3
2920,14,28,3
4491,14,33,5
2215,10,47,3
963,6,23,1
4167,15,9,4
155,4,13,1
4071,15,26,4
2784,14,19,3
1540,4,2,2
1909,9,62,3
4323,1,33,5
160,10,47,2
3507,7,3,3
487,12,37,2
4866,8,47,6
4995,15,23,5
763,6,17,1
1727,13,62,3
1326,1,49,3
2347,6,29,2
2852,4,54,4
2009,11,49,3
3045,14,37,4
2783,8,57,4
2102,7,62,3
1624,8,17,2
3810,1,36,5
2556,10,34,4
664,12,26,1
1516,9,40,3
4365,10,13,4
343,10,17,1
3967,3,37,5
4104,2,59,5
3084,9,59,4
2222,1,34,3
1628,6,49,3
469,5,42,2
3384,12,52,4
2273,12,37,3
1275,11,37,3
3748,4,50,5
2263,10,53,3
3693,15,59,5
2722,1,29,3
1721,2,35,3
4388,15,17,4
454,4,30,1
157,6,53,2
3473,6,30,3
3455,5,56,4
4315,8,25,4
2355,12,24,2
926,3,18,1
871,9,5,1
780,10,24,1
671,4,23,1
1441,1,39,3
3694,6,28,4
2679,2,31,3
4330,4,55,5
450,12,23,1
4769,14,7,4
2791,12,28,3
4395,3,23,4
3420,3,14,3
3001,2,25,3
1980,8,60,3
1112,2,51,2
2237,1,34,3
1915,5,31,2
4498,1,23,4
4520,6,8,4
4978,5,59,6
2050,12,10,2
1853,12,33,3
3815,1,36,5
1295,15,18,2
725,7,23,1
544,11,27,1
182,3,33,2
253,2,30,1
533,10,38,2
4612,9,37,5
3868,3,47,5
1979,8,43,3
4357,4,11,4
741,6,24,1
4494,8,6,4
2475,4,12,3
1556,3,62,3
632,9,13,1
3679,10,21,4
3732,7,11,4
2271,9,27,2
836,3,13,1
2126,1,43,3
2668,3,63,4
4934,7,26,5
3839,1,9,4
1541,15,53,3
2307,5,21,2
1242,12,11,2
1060,5,26,1
970,3,49,2
188,12,48,2
4887,13,31,5
3501,14,13,3
2597,8,9,3
2279,1,24,2
1715,9,18,2
2210,12,5,2
1931,11,2,2
207,14,38,2
1819,13,53,3
3834,11,40,5
1719,7,9,2
3555,1,34,4
1105,2,38,2
406,2,59,2
4476,11,40,5
307,1,36,2
839,1,26,1
3759,10,30,4
1018,2,41,2
2769,6,63,4
4361,5,29,4
3048,5,54,4
2789,15,36,4
2150,2,52,3
746,7,49,2
1583,3,4,2
2581,14,3,3
1055,12,17,1
804,9,63,2
3416,8,50,4
607,9,48,2
2200,9,47,3
4594,13,61,5
4999,10,34,6
2541,14,58,4
3546,6,8,3
168,5,24,1
2623,2,59,4
4293,7,32,5
1738,11,45,3
4041,5,63,5
115,10,19,1
1866,11,21,2
3469,8,9,3
3841,5,31,4
2086,1,14,2
1334,3,39,3
283,13,31,1
2043,15,21,2
139,10,11,1
802,1,46,2
1438,15,29,2
3139,10,20,3
1815,15,3,2
2626,12,46,4
3918,12,28,4
2183,5,46,3
1351,11,63,3
642,6,53,2
2410,7,53,4
2270,11,46,3
2365,5,14,2
375,5,13,1
3638,6,33,5
2153,9,18,2
1209,2,57,3
1865,6,41,3
3252,10,39,4
461,7,22,1
2850,4,34,4
4236,12,25,4
4309,5,56,5
256,7,61,2
1634,15,60,3
949,8,17,1
4239,3,4,4
3970,15,24,4
321,3,56,2
2406,9,19,3
701,12,11,1
4810,1,33,6
1093,10,45,2
2864,8,14,3
1386,5,20,2
4174,3,33,5
4222,12,40,5
1130,7,14,1
2503,4,48,4
4024,6,10,4
375,13,13,1
320,5,7,1
150,14,59,2
941,7,21,1
4435,15,43,5
3543,12,21,3
227,12,45,2
2945,7,57,4
2376,3,9,2
1470,11,59,3
4084,5,10,4
4139,2,61,5
200,2,60,2
3175,5,5,3
4155,5,22,4
4907,9,9,5
4357,15,57,5
4588,8,36,5
1204,8,22,2
4091,10,43,5
4944,4,27,5
1849,9,51,3
2228,1,7,2
3906,6,6,4
300,5,27,1
4146,3,28,4
802,1,57,2
4877,5,19,5
982,1,56,2
3882,6,61,5
4433,3,38,5
1368,13,22,2
2597,3,54,4
1427,3,54,3
2564,12,17,3
4452,3,34,5
2202,11,41,3
1261,11,3,2
1730,10,29,2
3296,12,61,4
123,10,47,2
191,3,56,2
595,2,54,2
3535,5,5,3
2710,6,51,4
4113,6,44,5
2859,14,21,3
3830,2,23,4
4574,13,58,5
2866,1,54,4
4628,4,20,4
1215,14,31,2
410,10,48,2
2193,8,36,3
4957,1,46,6
4167,11,6,4
2371,7,5,2
4601,5,16,4
2465,8,62,4
1320,14,25,2
1965,2,34,3
4183,1,11,4
762,14,36,2
2023,9,38,3
3470,4,53,4
1161,11,33,2
3452,4,17,3
1533,2,14,2
4746,11,18,4
2203,2,6,2
4118,5,50,5
3016,2,46,4
4307,6,9,4
3535,11,48,4
4343,7,27,4
1431,2,13,2
2693,15,39,4
1424,12,40,3
4976,8,26,5
158,9,46,2
2652,10,60,4
4650,3,57,5
477,4,50,2
4752,7,51,5
1329,14,51,3
852,11,36,2
1533,13,62,3
3295,1,6,3
4511,4,14,4
1636,1,46,3
1822,2,39,3
705,15,31,1
4236,9,14,4
3688,2,16,4
4539,14,20,4
4873,12,39,6
3877,3,39,5
758,15,43,2
2825,12,33,4
1560,11,36,3
1457,6,21,2
959,11,21,1
2821,1,50,4
3232,7,14,3
1980,11,27,2
3672,13,49,5
2394,13,18,2
3113,8,31,3
831,9,5,1
2505,9,9,3
492,12,10,1
791,5,23,1
2485,14,45,4
4186,5,13,4
3001,11,20,3
3332,12,34,4
711,4,5,1
1542,4,3,2
4786,10,61,5
3268,11,8,3
3013,1,4,3
4361,15,9,4
4132,7,10,4
1689,8,53,3
258,14,22,1
1172,4,22,1
2809,3,57,4
4419,14,33,5
2340,3,61,3
204,11,2,1
1061,13,23,1
380,7,44,2
4216,6,3,4
3656,1,63,5
2788,12,10,3
1539,1,40,3
3756,1,60,5
273,5,16,1
4948,1,17,5
4456,7,45,5
267,9,11,1
3316,11,10,3
664,3,17,1
4416,4,13,4
2767,7,43,4
1462,2,53,3
971,12,22,1
4992,4,31,5
3759,7,46,5
1230,11,28,2
4750,9,59,5
3906,15,14,4
4065,13,56,5
4423,14,29,4
1219,8,52,3
597,15,46,2
1124,4,57,2
2326,2,24,2
2308,12,28,2
2061,9,23,2
409,4,57,2
2192,9,51,3
1790,9,54,3
3199,5,14,3
311,13,42,2
1981,6,32,3
3176,6,25,3
1646,12,18,2
2488,14,43,4
299,5,16,1
2813,10,41,4
3359,7,51,4
4497,11,47,5
4335,14,63,5
4942,7,17,5
4208,7,8,4
471,12,50,2
3520,6,62,4
1112,13,15,1
2249,2,36,3
1516,8,24,2
1767,11,11,2
3550,14,2,3
1178,10,12,1
1436,14,42,3
3356,4,5,3
2570,11,38,4
4863,6,20,5
4861,13,58,6
604,7,44,2
1736,1,39,3
4549,6,61,5
3244,15,24,3
4178,8,25,4
4368,5,45,5
1475,14,14,2
1269,8,50,3
1094,6,33,2
487,7,2,1
4229,9,23,4
403,7,39,2
182,2,50,2
583,14,57,2
3468,8,33,4
1529,1,43,3
466,1,40,2
2467,10,49,4
2196,6,40,3
2418,14,14,3
3815,8,37,5
3819,10,48,5
578,1,22,1
2022,1,57,3
2890,12,17,3
2026,5,59,3
311,3,10,1
3693,10,5,4
2227,10,26,2
211,1,17,1
3965,2,11,4
377,13,11,1
2659,14,32,4
1693,4,26,2
1951,14,10,2
266,8,52,2
1531,6,29,2
1562,4,53,3
613,7,46,2
3879,9,15,4
506,14,6,1
3230,6,39,4
2716,1,11,3
1082,8,39,2
811,3,29,1
4396,5,11,4
3758,2,34,5
2384,1,49,3
2626,7,21,3
1636,3,32,3
1990,4,59,3
1057,2,8,1
4082,14,28,4
4714,4,9,4
2559,12,15,3
851,13,9,1
4027,9,55,5
4167,9,4,4
3721,1,5,4
4897,12,21,5
3942,7,14,4
111,3,7,1
3930,5,5,4
4367,5,22,4
3698,4,23,4
3545,1,44,4
4506,14,52,5
1218,11,20,2
2104,9,24,2
437,5,18,1
4115,11,5,4
1897,15,33,3
163,2,52,2
820,2,30,1
2158,4,32,3
4986,2,22,5
1436,14,51,3
3753,13,11,4
2517,5,42,4
179,2,38,2
4160,4,47,5
1152,4,11,1
3167,3,37,4
3853,10,29,4
1791,7,21,2
2421,2,24,3
3091,14,5,3
2388,5,59,3
3501,2,57,4
764,9,50,2
1618,12,27,2
2490,6,45,4
2325,12,44,3
2093,14,23,2
360,15,47,2
1385,8,29,2
486,6,10,1
400,3,22,1
1353,7,6,2
2734,2,21,3
1235,4,42,3
2893,10,19,3
507,5,33,2
3537,4,26,3
2707,2,55,4
509,2,45,2
276,6,59,2
1851,11,62,3
3610,12,41,5
148,9,5,1
2093,7,14,2
3968,8,5,4
381,6,27,1
3638,12,2,4
568,13,15,1
1334,8,55,3
3488,10,62,4
4491,4,17,4
2869,10,35,4
4849,7,6,5
2997,3,32,4
4031,3,52,5
946,12,51,2
339,15,43,2
2004,3,18,2
3002,14,26,3
1872,10,29,2
2799,5,18,3
1219,6,41,3
3158,4,23,3
281,15,21,1
3007,5,47,4
4388,15,42,5
3309,3,18,3
1711,11,47,3
592,8,5,1
3015,10,12,3
3416,6,59,4
3012,14,40,4
3319,4,15,3
1425,14,33,3
945,15,53,2
3693,12,60,5
220,1,47,2
4131,10,18,4
4106,12,48,5
830,13,53,2
1953,15,28,2
4274,3,60,5
1078,13,47,2
4335,15,23,4
839,8,41,2
4484,14,3,4
971,11,42,2
2097,2,15,2
2247,4,56,3
3772,11,46,5
3342,10,39,4
471,5,4,1
1952,15,37,3
643,11,57,2
4920,6,40,6
596,12,7,1
2177,14,24,2
1260,13,58,3
2463,2,22,3
559,13,6,1
1531,11,62,3
1433,14,63,3
278,14,12,1
4473,7,27,4
1416,9,40,3
3916,9,56,5
4502,4,46,5
472,10,38,2
825,4,49,2
533,11,16,1
1843,2,41,3
1493,9,23,2
1914,5,5,2
4190,13,46,5
2841,7,26,3
3351,3,51,4
121,8,16,1
614,11,35,2
2898,7,6,3
3169,8,4,3
2980,2,20,3
4878,8,56,6
1093,1,62,2
1472,13,6,2
1688,10,39,3
4868,6,20,5
323,14,9,1
4732,6,22,4
4498,10,9,4
2781,15,5,3
1479,10,21,2
4773,7,54,5
2162,4,60,3
2665,8,57,4
2400,2,37,3
1208,14,7,2
3725,8,63,5
2877,7,57,4
2310,10,20,2
1205,6,7,2
4969,14,56,6
4785,8,25,4
2549,2,62,4
247,8,6,1
3608,10,30,4
3792,4,5,4
3326,11,27,3
2276,14,59,3
2266,7,47,3
1393,12,59,3
515,10,53,2
3181,15,20,3
2989,8,47,4
1700,15,19,2
4373,3,59,5
1300,12,7,2
1974,8,47,3
4772,15,32,5
3197,1,2,3
3368,9,7,3
1533,2,38,3
4937,2,3,5
3649,5,59,5
1876,8,44,3
3975,1,38,5
3085,15,49,4
3994,3,24,4
2411,8,45,4
1824,7,45,3
2174,11,50,3
1374,6,28,2
607,15,28,1
802,14,38,2
3587,13,25,3
927,1,28,1
3591,4,57,4
923,15,32,2
1793,12,31,2
992,3,25,1
3250,12,2,3
4984,10,41,6
3227,10,33,4
2059,7,16,2
3008,13,25,3
4397,8,54,5
4418,12,12,4
1252,7,44,3
1564,5,39,3
4665,9,49,5
2308,4,51,3
1572,3,31,2
4710,11,19,4
3560,8,48,4
981,1,34,2
2671,10,43,4
3460,2,4,3
3660,10,3,4
1150,12,12,1
468,5,57,2
2016,9,22,2
4910,6,24,5
3425,7,51,4
4910,15,57,6
4871,12,2,5
3532,3,53,4
2467,5,8,3
1557,13,48,3
2781,4,28,3
3862,11,18,4
3189,5,36,4
1310,4,17,2
1826,11,52,3
3421,6,54,4
1320,4,4,2
4136,6,13,4
4090,11,53,5
288,8,23,1
946,9,21,1
4668,6,34,5
372,7,8,1
1048,2,57,2
369,4,56,2
4762,4,38,5
1406,12,8,2
2822,12,24,3
958,9,2,1
1880,6,57,3
2975,8,42,4
4993,10,13,5
3261,7,34,4
4554,14,60,5
479,2,16,1
2314,5,59,3
4811,9,28,5
669,10,17,1
4004,10,16,4
225,11,50,2
444,6,62,2
4864,11,52,6
4125,9,25,4
866,9,58,2
3597,2,46,4
4735,11,45,5
2358,3,51,3
3148,10,34,4
2413,15,15,3
2401,2,12,3
129,5,27,1
3476,12,53,4
3624,8,13,4
1919,6,35,3
4983,8,58,6
2115,1,58,3
2846,9,38,4
2031,13,38,3
4225,15,42,5
4356,11,28,4
3821,14,17,4
1546,7,40,3
4015,4,13,4
1311,8,48,3
3112,7,30,3
3720,11,3,4
1634,13,7,2
3377,5,55,4
3542,5,11,3
2621,1,34,4
2005,9,3,2
3650,11,19,4
4704,6,50,5
4252,15,17,4
1190,2,7,1
127,8,16,1
3278,9,15,3
3847,14,4,4
4854,4,42,6
3042,7,9,3
790,12,61,2
2602,12,40,4
2492,7,47,4
4785,7,38,5
1858,13,20,2
4156,3,48,5
2862,7,44,4
3050,5,56,4
1486,12,55,3
2086,12,3,2
2290,7,38,3
1761,13,38,3
2076,4,4,2
2862,12,45,4
4448,8,61,5
2769,11,35,4
3319,4,35,4
451,5,45,2
473,13,38,2
2932,15,49,4
2116,10,45,3
303,12,60,2
4607,7,34,5
2749,2,23,3
1003,7,48,2
1155,7,58,2
2838,6,2,3
445,13,46,2
846,2,49,2
4489,8,61,5
3958,6,20,4
2269,12,60,3
1759,1,43,3
4570,3,38,5
4211,14,16,4
537,4,52,2
4405,10,19,4
2307,10,62,3
3223,8,17,3
2528,7,36,4
3523,6,61,4
3661,15,40,5
4582,10,12,4
1558,6,8,2
1703,13,31,2
1167,12,47,2
2940,10,6,3
3678,9,3,4
761,12,46,2
1293,13,2,2
174,15,20,1
1295,12,56,3
1105,14,50,2
1560,14,48,3
2784,5,24,3
2873,13,39,4
3622,3,17,4
2942,11,15,3
3822,1,5,4
746,2,59,2
4690,7,7,4
2332,12,5,2
828,2,6,1
3338,12,36,4
3478,9,27,3
3261,1,10,3
3390,4,50,4
4886,8,56,6
4816,13,6,5
3800,11,26,4
3956,15,46,5
2545,12,19,3
2021,8,39,3
4157,13,31,4
3065,4,61,4
2431,12,33,4
4179,14,36,5
2971,12,21,3
3085,4,32,4
4674,4,21,4
446,15,28,1
3122,13,51,4
271,1,62,2
4738,14,18,4
1078,3,52,2
643,3,16,1
301,5,63,2
3880,8,13,4
4056,5,12,4
4734,4,43,5
3685,7,9,4
3940,1,4,4
1704,6,34,3
3877,9,53,5
2263,2,26,2
1240,15,39,3
948,9,42,2
132,7,18,1
4668,7,33,5
2088,4,50,3
862,10,23,1
1558,5,44,3
1827,15,4,2
2013,12,25,2
122,6,21,1
3095,14,63,4
1205,6,16,2
2702,15,46,4
3245,8,46,4
2348,15,42,3
1485,10,7,2
3642,12,51,5
4580,5,50,5
1142,10,43,2
943,4,3,1
2792,11,63,4
4890,13,34,6
4316,8,15,4
1258,10,61,3
1457,8,9,2
4201,11,19,4
3305,3,10,3
3439,2,48,4
2118,1,58,3
2862,1,58,4
3303,4,11,3
3940,10,28,4
2199,15,39,3
841,2,41,2
3480,3,11,3
2496,3,20,3
2764,15,44,4
3330,7,29,3
3340,6,14,3
4124,11,26,4
1696,5,26,2
3442,9,63,4
4813,4,11,5
3948,12,32,5
1951,10,48,3
2971,3,6,3
498,7,15,1
2488,7,16,3
2764,2,29,3
4202,9,10,4
4764,15,43,5
826,8,9,1
2467,13,45,4
636,15,14,1
4678,15,8,4
1209,1,59,3
901,2,5,1
1892,11,22,2
1487,2,18,2
385,8,54,2
606,11,3,1
725,3,34,2
2902,15,44,4
1311,7,35,3
229,14,44,2
4041,10,9,4
635,13,46,2
326,6,55,2
1835,2,39,3
3655,9,29,4
757,9,10,1
1911,7,51,3
2471,4,2,3
155,1,54,2
2698,14,31,3
373,8,46,2
1220,9,33,3
1950,8,63,3
1677,15,32,3
4760,2,5,4
1156,7,37,2
2424,10,16,3
3047,13,57,4
4622,1,51,5
3301,5,15,3
4491,13,50,5
4757,8,19,4
4116,9,12,4
209,10,14,1
3415,3,17,3
2744,8,16,3
2261,15,12,2
1786,3,12,2
648,8,58,2
1707,11,28,2
2285,5,56,3
3460,7,60,4
2676,11,5,3
982,14,27,1
4475,12,61,5
4372,12,58,5
845,6,27,1
1700,5,16,2
3553,2,43,4
2228,9,14,2
4208,7,23,4
543,7,49,2
237,5,41,2
2538,3,22,3
4127,9,12,4
930,14,59,2
1603,10,3,2
4152,11,62,5
4650,8,12,4
4745,6,62,5
587,12,27,1
467,12,42,2
3869,13,54,5
1292,2,16,2
4368,15,53,5
1342,7,63,3
687,5,14,1
1714,8,16,2
3309,6,57,4
337,10,51,2
3773,13,56,5
3060,9,52,4
3885,13,39,5
1440,15,51,3
2548,8,20,3
4711,7,59,5
956,1,45,2
3911,10,45,5
834,9,12,1
4608,8,13,4
2476,1,24,3
3108,13,2,3
2278,1,31,2
1895,3,40,3
3446,3,24,3
2060,2,26,2
761,11,49,2
4566,8,45,5
555,5,22,1
124,1,29,1
1117,1,12,1
1511,2,25,2
3152,7,13,3
408,9,61,2
2326,9,4,2
2353,9,34,3
104,10,14,1
3477,11,3,3
4373,6,54,5
414,11,43,2
1016,12,45,2
2994,5,58,4
1786,12,17,2
1716,10,21,2
4187,10,33,5
2453,14,24,3
409,11,63,2
4083,8,11,4
4457,6,24,4
4633,8,18,4
4717,14,51,5
3289,1,9,3
1519,4,5,2
329,10,9,1
433,5,57,2
1428,4,24,2
398,13,35,2
3786,6,55,5
2160,13,34,3
4896,7,15,5
482,11,22,1
4370,11,5,4
2550,8,27,3
4838,8,19,5
1755,5,47,3
4875,8,38,6
367,12,2,1
2818,3,63,4
774,12,4,1
4535,3,28,4
4159,1,60,5
1150,10,17,1
3430,1,56,4
2711,1,37,4
2282,10,24,2
3478,11,33,4
1604,3,15,2
3985,8,49,5
2948,9,60,4
1140,3,40,2
4823,13,55,6
4088,13,12,4
1184,8,62,2
3485,11,4,3
3155,13,16,3
3759,15,59,5
1903,10,9,2
2293,1,62,3
2849,3,27,3
1129,14,21,1
3376,1,46,4
962,10,51,2
1373,9,3,2
4627,3,34,5
4813,10,50,6
4974,14,18,5
1540,10,42,3
4728,15,20,4
2147,5,40,3
586,11,13,1
4250,10,12,4
2324,10,61,3
1871,14,22,2
2642,7,45,4
3692,14,28,4
1986,9,24,2
1087,13,16,1
3560,7,40,4
4397,1,62,5
3106,7,23,3
1268,7,14,2
4376,2,47,5
2183,7,54,3
1159,2,58,2
631,1,56,2
3990,9,12,4
1334,10,18,2
4665,10,16,4
1907,5,63,3
558,7,41,2
2306,10,35,3
973,6,16,1
3218,8,48,4
1659,10,14,2
209,3,30,1
3123,15,38,4
4682,12,48,5
4412,4,4,4
4875,2,54,6
3510,5,60,4
1837,11,49,3
3686,10,59,5
2959,11,43,4
1377,1,57,3
3411,15,11,3
4436,5,17,4
4397,8,50,5
3306,12,41,4
1601,11,30,2
3644,6,19,4
525,14,37,2
2501,10,55,4
4562,9,57,5
2232,13,55,3
4532,15,36,5
2168,6,63,3
3864,11,53,5
4851,9,3,5
1809,6,26,2
4687,11,26,4
1260,3,29,2
122,15,56,2
2288,11,59,3
3209,13,38,4
3333,13,44,4
4417,12,48,5
2051,3,20,2
2167,1,18,2
3228,14,23,3
2064,10,53,3
2825,8,19,3
2264,11,27,2
4516,12,16,4
2415,14,62,4
535,14,30,1
1174,7,63,2
1081,5,8,1
2467,4,19,3
3702,12,51,5
831,3,12,1
1461,3,57,3
844,9,9,1
3453,1,63,4
4915,4,57,6
3671,9,53,5
4140,14,60,5
2324,9,62,3
1553,10,40,3
2742,9,41,4
1946,12,26,2
1865,3,15,2
4463,5,35,5
4912,11,11,5
546,4,17,1
2822,15,56,4
339,13,53,2
216,14,30,1
3757,10,59,5
2413,4,52,4
2128,4,7,2
4851,6,39,6
2139,12,9,2
3744,8,23,4
686,3,45,2
1980,14,59,3
2732,15,50,4
2230,13,38,3
4578,2,45,5
4279,8,24,4
1083,9,4,1
612,13,46,2
1688,7,27,2
3680,4,42,5
2319,7,36,3
4686,12,62,5
4461,12,43,5
3179,15,45,4
2292,12,39,3
1833,15,3,2
4832,2,21,5
3010,3,61,4
1544,13,19,2
2215,10,42,3
1377,2,15,2
2922,8,29,3
1479,2,31,2
1862,10,45,3
4977,7,17,5
349,2,51,2
984,2,57,2
4012,10,37,5
4579,3,48,5
1388,3,60,3
636,6,62,2
1739,10,19,2
2717,4,8,3
2171,9,12,2
3755,10,16,4
3543,13,47,4
3776,5,13,4
3298,8,53,4
2165,10,61,3
573,15,62,2
4105,3,26,4
2143,14,3,2
4419,13,12,4
232,11,41,2
2995,15,34,4
4577,9,59,5
330,4,13,1
804,3,5,1
1000,13,52,2
1446,14,42,3
2128,9,21,2
4247,15,38,5
2484,4,27,3
1092,6,4,1
4790,14,62,5
2023,11,44,3
4528,12,3,4
1558,7,9,2
1877,1,26,2
782,1,48,2
4669,2,62,5
1630,10,25,2
2950,11,61,4
4915,13,20,5
924,2,33,2
1944,11,2,2
2945,4,3,3
4574,1,13,4
863,10,44,2
2868,11,56,4
4553,7,42,5
2396,6,35,3
3050,6,39,4
1272,9,63,3
4865,4,47,6
3656,8,58,5
4985,2,27,5
3090,8,21,3
4482,10,15,4
877,12,38,2
833,6,44,2
3148,8,9,3
3574,13,54,4
4781,3,61,5
3338,4,6,3
3782,6,44,5
1503,1,21,2
4976,1,8,5
564,15,52,2
861,13,6,1
4852,15,57,6
1812,12,48,3
2218,8,49,3
2015,6,42,3
1413,11,24,2
4416,4,63,5
1793,5,24,2
2765,7,24,3
1634,8,18,2
640,10,60,2
3347,7,42,4
491,7,20,1
2239,7,30,2
2734,14,59,4
437,4,5,1
4050,5,6,4
4179,13,11,4
2208,10,15,2
2571,13,38,4
372,7,43,2
3698,3,57,5
1482,5,36,3
1462,7,5,2
2985,2,7,3
4533,7,48,5
3660,6,12,4
3802,8,24,4
4477,7,21,4
1521,4,19,2
3417,13,15,3
2060,5,2,2
3305,11,58,4
1350,10,42,3
2119,10,39,3
1263,6,24,2
2139,2,32,3
1883,10,15,2
1478,6,8,2
4844,10,50,6
1054,9,7,1
2511,8,49,4
3593,12,62,4
3177,13,24,3
4781,5,41,5
3998,5,14,4
3896,11,58,5
2853,10,23,3
1463,12,60,3
3039,13,19,3
4637,14,34,5
2884,10,60,4
3989,2,60,5
491,10,12,1
2011,3,8,2
4296,12,54,5
1954,14,41,3
3586,13,45,4
4254,9,47,5
309,7,30,1
701,11,2,1
2198,8,40,3
2076,14,63,3
3048,15,50,4
4696,11,26,4
1828,9,35,3
3311,3,27,3
407,5,45,2
3023,4,62,4
572,4,60,2
1570,5,63,3
175,5,16,1
742,4,30,1
2299,6,26,2
2738,13,61,4
2638,7,59,4
2061,8,7,2
351,3,53,2
1848,4,28,2
474,1,5,1
3512,1,5,3
1107,5,45,2
252,1,58,2
1647,9,44,3
3987,12,43,5
3245,3,38,4
809,10,51,2
1280,9,29,2
1344,5,37,3
273,2,22,1
4433,9,4,4
4959,7,61,6
2643,11,18,3
3312,6,32,4
280,1,63,2
2457,13,26,3
2527,15,35,4
3584,3,48,4
962,13,50,2
569,13,25,1
4925,5,35,6
1903,5,24,2
1926,5,13,2
4752,3,50,5
3988,12,25,4
1069,15,18,1
1367,11,6,2
4322,4,11,4
2961,15,62,4
1565,6,44,3
3485,3,16,3
762,8,15,1
4093,13,46,5
1360,11,40,3
4357,3,17,4
1504,4,24,2
908,11,50,2
3632,6,24,4
1404,7,17,2
4751,3,34,5
1177,9,52,2
1662,5,51,3
4715,5,17,4
583,9,3,1
270,14,31,1
4905,3,35,6
2718,2,41,4
1790,3,36,3
1622,5,53,3
3190,7,61,4
4260,7,60,5
2383,3,62,3
765,10,28,1
388,9,49,2
2383,8,37,3
4944,5,31,5
521,2,55,2
4586,10,37,5
2880,10,62,4
4951,4,34,6
1128,8,2,1
3568,8,34,4
849,1,3,1
3083,13,13,3
4753,1,16,4
4899,14,8,5
2688,4,4,3
3190,6,8,3
1900,13,46,3
1848,3,8,2
3684,15,61,5
859,1,50,2
317,4,17,1
2097,11,62,3
1674,6,60,3
1856,12,48,3
1883,5,33,3
3662,14,29,4
407,15,4,1
3626,1,37,5
3195,4,61,4
2430,15,49,4
3917,6,50,5
3542,13,25,3
1829,12,54,3
1242,10,41,3
161,6,49,2
1120,6,63,2
1523,14,23,2
651,9,7,1
3107,15,10,3
666,8,37,2
1107,7,42,2
2621,14,13,3
1736,14,16,2
660,10,7,1
461,4,47,2
2919,3,58,4
3411,13,16,3
1948,3,13,2
2771,3,15,3
1358,10,3,2
1272,14,19,2
2715,5,63,4
791,6,28,1
2017,12,45,3
2027,12,18,2
4355,12,45,5
2011,4,26,2
3241,14,44,4
1931,10,7,2
2856,15,63,4
4358,13,63,5
3254,12,37,4
3332,1,44,4
3785,7,26,4
4435,12,38,5
2065,7,55,3
1835,10,50,3
4681,1,60,5
770,3,45,2
3374,15,17,3
1959,10,9,2
1320,6,29,2
1165,4,44,2
352,13,8,1
4212,5,29,4
3831,9,32,5
4174,10,59,5
215,9,31,1
1327,6,62,3
792,1,4,1
911,6,46,2
2135,13,60,3
4990,15,6,5
250,2,42,2
2393,7,36,3
1181,13,57,2
2856,2,5,3
606,13,62,2
3867,2,26,4
1215,8,10,2
1729,11,48,3
2064,8,55,3
4587,5,42,5
4241,6,53,5
254,11,34,2
3241,7,6,3
4074,15,40,5
4706,9,61,5
4477,13,7,4
129,7,9,1
820,14,28,1
1446,9,45,3
3097,5,36,4
3387,1,25,3
3903,4,52,5
2152,7,36,3
3017,2,28,3
1370,9,41,3
1216,2,33,3
1914,1,16,2
4510,5,47,5
2582,2,9,3
3361,6,32,4
4739,2,45,5
2580,11,9,3
1663,6,40,3
4053,6,31,4
3370,14,25,3
3592,10,39,4
1664,2,3,2
3702,2,48,5
4630,6,33,5
4568,9,59,5
2418,14,49,4
1996,14,56,3
2336,4,8,2
2154,10,34,3
3638,4,24,4
3519,14,62,4
1199,2,30,1
3782,13,47,5
2727,4,33,4
830,11,46,2
2598,10,50,4
4509,13,49,5
4662,7,30,4
1943,4,13,2
1332,6,56,3
181,5,55,2
3568,7,39,4
4291,11,3,4
4584,11,8,4
2518,3,41,4
1195,11,63,2
4659,13,9,4
3267,14,20,3
926,12,63,2
1916,3,55,3
4531,5,55,5
2161,14,38,3
816,13,10,1
663,4,16,1
2428,5,26,3
3243,15,13,3
4251,14,4,4
3165,1,12,3
1333,14,33,3
1416,15,25,2
2857,4,10,3
1532,6,22,2
1527,7,33,3
2265,8,7,2
2484,5,21,3
323,2,39,2
416,2,45,2
4531,15,17,4
2632,3,52,4
4454,4,29,4
392,6,23,1
4699,5,59,5
1634,5,44,3
1651,9,24,2
1491,9,34,3
1120,11,8,1
719,12,13,1
1396,3,20,2
3855,9,48,5
4386,1,54,5
3269,4,54,4
3853,14,55,5
2757,11,51,4
1780,8,15,2
4731,9,26,4
776,5,30,1
882,2,8,1
413,8,60,2
1816,8,21,2
4789,9,54,5
353,6,32,2
2971,11,38,4
4720,9,43,5
1798,13,39,3
263,10,63,2
3501,10,37,4
448,8,39,2
1029,13,37,2
4731,11,22,4
2328,5,21,2
1778,14,42,3
1126,15,48,2
4737,13,50,5
1692,4,38,3
890,7,38,2
1537,6,34,3
3491,12,31,3
499,4,53,2
2567,2,19,3
1409,10,51,3
4241,9,3,4
1203,4,45,3
4963,3,11,5
959,11,50,2
1585,12,61,3
4433,10,10,4
566,13,23,1
3380,6,24,3
4385,2,55,5
4864,8,53,6
2273,9,43,3
1595,4,51,3
2230,10,6,2
2190,7,52,3
1415,13,48,3
2292,1,18,2
4377,2,35,5
1283,4,45,3
866,5,9,1
2129,10,40,3
2691,14,24,3
3749,12,14,4
4009,12,58,5
2774,8,43,4
519,2,46,2
361,2,19,1
4735,15,51,5
1002,10,27,1
4945,5,17,5
1014,2,62,2
149,14,47,2
2109,14,39,3
731,3,44,2
1673,14,51,3
822,10,57,2
2410,9,10,3
308,11,39,2
988,9,7,1
4559,6,6,4
202,9,11,1
2100,8,24,2
4547,12,7,4
2239,13,14,2
3200,3,10,3
2076,8,39,3
4401,11,33,5
2952,7,17,3
1968,12,18,2
2165,9,33,3
2015,7,33,3
276,5,5,1
3822,5,56,5
540,4,13,1
2678,2,52,4
2775,5,29,3
2968,10,62,4
621,4,7,1
1380,1,5,2
3401,2,54,4
2814,11,48,4
4860,2,9,5
2762,9,30,3
3335,2,28,3
1092,12,62,2
1057,10,61,2
1024,7,23,1
152,14,63,2
3141,3,61,4
4199,2,51,5
1684,8,47,3
3368,12,48,4
781,2,48,2
729,13,4,1
3246,9,50,4
1956,3,10,2
4400,15,27,4
2693,9,13,3
2673,3,12,3
3096,9,13,3
1455,6,39,3
2916,11,27,3
875,2,58,2
4597,1,48,5
2018,15,20,2
4835,3,17,5
834,7,31,1
2214,15,61,3
1273,10,6,2
1336,3,38,3
1672,3,54,3
1624,12,10,2
2780,7,32,4
2373,7,62,3
1506,4,62,3
2336,1,3,2
1341,10,17,2
3940,13,23,4
2358,8,25,2
4538,8,43,5
2635,6,43,4
1093,11,17,1
446,15,21,1
2470,1,14,3
4689,12,47,5
1610,10,18,2
2058,12,54,3
1075,3,22,1
2150,12,21,2
2685,14,51,4
102,12,24,1
2943,6,17,3
2386,10,62,3
1367,6,24,2
2574,1,12,3
641,11,4,1
4538,7,59,5
1525,11,48,3
4025,14,55,5
2768,2,19,3
2976,8,46,4
2404,14,28,3
2211,6,50,3
830,1,58,2
241,2,28,1
2913,6,27,3
1063,2,29,1
792,14,45,2
2562,4,34,4
3293,9,59,4
3486,14,38,4
2597,3,20,3
4947,14,10,5
2903,5,9,3
3733,14,21,4
1317,3,29,2
625,8,25,1
380,10,22,1
3519,5,46,4
3923,10,61,5
2667,13,11,3
1821,6,57,3
1883,6,13,2
600,4,60,2
183,10,19,1
3440,13,41,4
133,11,24,1
4669,4,62,5
4040,10,39,5
1297,1,33,3
3899,6,41,5
3544,14,31,3
4152,4,56,5
2653,13,54,4
4155,6,54,5
4395,8,12,4
3132,9,14,3
4299,9,59,5
3857,14,62,5
936,14,40,2
3954,1,32,5
1677,5,17,2
3227,12,31,3
2830,7,14,3
3765,1,57,5
2089,6,29,2
2009,1,53,3
168,6,36,2
1777,7,51,3
1327,5,55,3
2444,2,56,4
3358,2,19,3
2197,6,61,3
4397,12,51,5
522,14,30,1
1426,15,20,2
1249,6,5,2
3901,1,38,5
4112,11,37,5
412,10,21,1
4457,15,15,4
720,9,20,1
693,7,40,2
2996,12,8,3
4639,8,28,4
711,11,53,2
726,10,31,1
2047,2,14,2
2435,6,34,4
2067,14,62,3
1526,9,63,3
2178,1,35,3
3103,11,37,4
2554,5,37,4
601,8,25,1
4836,14,60,6
1273,4,35,3
2027,1,34,3
1448,7,26,2
3807,1,23,4
3460,7,12,3
4771,15,2,4
2975,10,39,4
1677,11,29,2
3992,7,26,4
2096,14,17,2
4397,7,48,5
3533,5,10,3
2524,13,22,3
633,4,15,1
2425,4,34,4
3554,1,22,3
3713,15,43,5
4235,11,22,4
3252,2,3,3
3972,12,20,4
1605,7,21,2
2390,8,4,2
1441,15,36,3
1858,8,20,2
2044,13,16,2
1655,9,19,2
4314,7,23,4
1702,14,58,3
1821,1,30,2
2653,8,60,4
4620,7,60,5
675,2,18,1
969,6,12,1
1425,3,3,2
2891,5,11,3
1309,6,48,3
4347,6,23,4
3706,14,18,4
2667,8,27,3
4063,8,48,5
3827,9,47,5
2080,15,56,3
2000,14,4,2
2560,1,39,4
3938,4,52,5
1442,13,61,3
1789,10,23,2
1004,1,21,1
3574,6,42,4
1962,13,36,3
4819,3,60,6
3964,5,16,4
635,11,54,2
786,11,39,2
3872,10,11,4
837,9,34,2
1280,3,24,2
3013,2,58,4
887,8,7,1
872,13,32,2
335,7,27,1
4673,1,14,4
789,9,17,1
873,10,37,2
250,10,30,1
1600,4,24,2
4199,6,13,4
1982,13,37,3
4077,12,46,5
3333,7,26,3
1726,8,49,3
1565,4,25,2
2923,9,28,3
225,12,34,2
4119,13,20,4
4311,10,2,4
2687,1,30,3
3308,15,30,3
3159,14,46,4
2334,8,63,3
3572,9,44,4
4228,15,18,4
2004,4,40,3
2160,5,61,3
3425,2,56,4
4554,5,31,4
922,11,26,1
2161,13,34,3
3435,3,35,4
259,9,42,2
1006,15,15,1
2886,13,49,4
1800,5,61,3
2813,5,58,4
4528,7,27,4
1673,12,19,2
3156,9,21,3
2251,5,8,2
4350,10,31,4
4276,9,50,5
3350,13,30,3
4594,7,46,5
1441,6,3,2
4804,10,13,5
2177,6,22,2
4629,4,11,4
1130,10,35,2
1930,15,39,3
883,9,34,2
814,9,7,1
689,3,61,2
2810,11,22,3
286,11,58,2
1151,4,57,2
589,1,60,2
3112,12,57,4
1467,9,29,2
4886,15,59,6
1845,6,10,2
3367,11,22,3
4410,3,43,5
4998,2,11,5
1262,8,56,3
3882,6,30,4
693,14,17,1
2685,14,49,4
658,3,20,1
609,3,55,2
3668,13,33,5
3709,8,13,4
412,1,25,1
3291,3,53,4
3393,13,43,4
3762,5,2,4
2067,5,48,3
3965,14,52,5
2148,14,44,3
1891,8,56,3
4229,6,43,5
2572,3,55,4
4149,4,34,5
1709,4,47,3
4711,6,55,5
2391,9,14,2
1645,8,55,3
1734,12,30,2
131,11,3,1
2732,7,55,4
2562,9,58,4
4594,9,41,5
203,6,12,1
726,9,52,2
3001,8,52,4
2858,10,61,4
1533,3,12,2
4790,6,32,5
3393,11,6,3
4863,4,56,6
3796,12,50,5
478,3,4,1
3315,10,55,4
4115,15,19,4
4438,5,31,4
2627,8,51,4
4020,7,22,4
3515,10,12,3
168,7,14,1
815,10,54,2
3065,12,14,3
3741,2,61,5
2634,12,4,3
1543,12,17,2
4969,14,27,5
4883,7,15,5
3179,1,5,3
169,15,38,2
1473,6,27,2
3425,10,39,4
2486,7,16,3
4077,10,22,4
2451,2,61,4
2001,8,42,3
2766,8,14,3
3205,6,14,3
3750,7,39,5
381,11,59,2
2850,5,19,3
761,5,49,2
579,11,17,1
648,8,54,2
742,14,49,2
1087,14,12,1
463,2,27,1
3787,4,42,5
4165,7,2,4
4079,11,33,5
2412,8,46,4
1449,4,59,3
1269,11,2,2
2212,10,53,3
690,14,49,2
3615,6,8,4
783,15,63,2
3310,10,15,3
230,3,42,2
4912,7,19,5
2920,2,14,3
3843,1,26,4
2809,11,14,3
2072,15,37,3
2254,10,63,3
2173,12,18,2
4108,5,56,5
2786,13,38,4
368,10,50,2
2478,4,31,3
4304,12,18,4
3359,5,11,3
4942,14,17,5
3217,14,47,4
342,9,35,2
4968,15,24,5
2547,1,16,3
4736,8,8,4
2166,3,36,3
4127,7,19,4
3650,3,16,4
3347,12,59,4
320,5,44,2
682,7,25,1
4520,6,40,5
3099,2,60,4
1540,3,10,2
4691,9,10,4
4218,12,34,5
2526,11,35,4
1733,12,24,2
288,6,57,2
4644,2,46,5
741,11,55,2
4893,5,33,6
4223,10,22,4
3767,9,23,4
2946,4,3,3
3219,2,45,4
3729,2,10,4
3554,15,27,3
1118,10,21,1
656,4,42,2
2454,7,16,3
914,14,44,2
928,14,41,2
646,5,59,2
2034,7,37,3
4146,12,22,4
3592,4,16,3
1179,1,59,2
1694,15,24,2
2044,12,6,2
1655,4,61,3
787,5,35,2
2233,6,25,2
4855,4,27,5
3058,7,9,3
673,12,9,1
3777,4,43,5
4088,15,57,5
2356,15,7,2
1010,14,27,1
1115,4,44,2
3234,6,35,4
894,15,53,2
1433,1,45,3
2895,9,28,3
4362,6,16,4
1123,4,19,1
4824,14,3,5
4428,4,26,4
262,9,49,2
3436,9,10,3
1998,6,17,2
2001,12,6,2
4701,12,52,5
2782,5,26,3
3938,1,45,5
3277,9,24,3
1959,6,5,2
1267,9,32,3
4595,11,45,5
3136,2,20,3
3919,15,9,4
4739,8,39,5
457,7,48,2
4682,1,37,5
4442,11,42,5
1355,6,18,2
2185,8,62,3
778,14,6,1
545,10,20,1
1740,10,17,2
153,1,62,2
4944,10,12,5
4082,3,3,4
117,1,6,1
871,4,36,2
1419,4,56,3
1698,6,18,2
3653,12,38,5
118,11,62,2
4793,11,16,4
2058,6,24,2
2894,2,55,4
3620,7,44,5
408,7,19,1
2293,6,38,3
2954,11,4,3
3590,14,35,4
4524,9,25,4
1460,13,60,3
1541,4,3,2
882,8,21,1
3958,14,9,4
1198,2,46,2
1083,10,61,2
3256,4,44,4
4533,7,29,4
893,7,59,2
2324,4,10,2
1881,9,31,2
871,2,61,2
4442,14,55,5
688,12,12,1
813,6,22,1
1204,3,53,3
2778,2,16,3
3278,11,61,4
2796,12,50,4
3270,1,28,3
2836,10,45,4
147,8,46,2
498,2,27,1
2192,15,54,3
1381,14,53,3
4361,4,23,4
3686,3,39,5
580,14,8,1
4894,13,5,5
2756,8,50,4
2338,14,4,2
4238,7,26,4
2919,4,22,3
336,14,52,2
3872,11,25,4
4025,14,2,4
916,11,53,2
2083,6,52,3
631,5,51,2
4160,2,51,5
4024,7,54,5
784,9,8,1
2804,13,26,3
677,8,47,2
4089,12,6,4
2581,7,51,4
2601,11,13,3
3298,6,37,4
4837,13,21,5
3937,11,55,5
4622,2,13,4
4631,6,29,4
3762,11,51,5
2429,1,20,3
4604,15,48,5
419,6,55,2
3073,7,53,4
2516,4,55,4
2768,10,39,4
3807,11,63,5
3768,7,52,5
1619,9,8,2
3269,1,5,3
1275,4,24,2
4096,10,30,4
1193,4,42,2
4707,4,36,5
4040,1,17,4
514,7,42,2
3575,8,19,3
3301,13,38,4
716,11,32,2
2741,7,45,4
4245,2,37,5
569,13,59,2
908,4,12,1
4029,2,24,4
3669,7,24,4
4340,4,13,4
305,7,4,1
2006,6,21,2
269,10,24,1
2610,10,36,4
1523,3,34,3
519,9,60,2
496,11,3,1
3358,15,45,4
2456,8,54,4
4910,7,44,6
403,3,38,2
3933,5,25,4
379,11,20,1
4396,8,26,4
4686,2,6,4
2094,4,11,2
1841,5,30,2
4493,2,52,5
547,6,48,2
2013,7,9,2
3262,8,19,3
4078,12,57,5
2879,4,58,4
950,5,41,2
171,3,30,1
551,5,59,2
3964,13,14,4
1762,6,34,3
298,13,42,2
4478,14,2,4
1274,4,42,3
3211,11,59,4
4566,6,19,4
2140,14,17,2
4672,9,25,4
4253,4,31,4
2695,13,42,4
813,14,55,2
2386,7,7,2
4602,8,36,5
2258,12,59,3
1555,10,26,2
1848,3,57,3
2448,7,19,3
4048,9,6,4
3680,11,40,5
2693,10,12,3
3261,1,47,4
3671,12,50,5
681,1,57,2
1194,13,36,2
2789,7,47,4
2501,2,11,3
740,8,19,1
4828,6,24,5
209,13,38,2
3557,15,25,3
3917,2,33,5
4135,4,34,5
1663,7,42,3
2250,12,45,3
4599,8,39,5
3336,5,9,3
1694,2,46,3
2396,2,16,2
4738,4,39,5
4725,3,40,5
2560,7,33,4
1090,5,44,2
930,5,41,2
1882,10,32,3
631,8,42,2
1794,14,5,2
4893,1,15,5
4586,6,15,4
2371,12,52,3
1626,6,43,3
1082,4,43,2
3726,7,14,4
2656,14,51,4
2196,11,32,3
907,9,19,1
809,9,21,1
2051,8,25,2
3874,1,17,4
3186,11,12,3
445,12,23,1
2927,9,52,4
3916,12,37,5
4861,4,17,5
1025,3,4,1
3008,12,15,3
2380,2,36,3
1569,4,46,3
2318,7,42,3
4942,10,60,6
1100,1,20,1
4468,14,12,4
1148,2,35,2
4952,1,61,6
2985,6,46,4
4744,10,15,4
2621,7,3,3
3640,8,45,5
2663,2,46,4
2205,1,15,2
2319,11,57,3
3401,12,27,3
2293,2,14,2
3446,8,20,3
928,5,15,1
3506,11,43,4
2447,15,43,4
4744,6,26,4
4085,4,12,4
1391,3,36,3
131,11,43,2
2578,9,35,4
2061,5,41,3
4417,7,55,5
3145,15,5,3
3633,12,49,5
804,7,34,2
4768,7,11,4
2606,8,39,4
4998,3,46,6
3211,1,24,3
3125,4,9,3
2394,1,40,3
2008,4,13,2
2671,11,19,3
1528,2,4,2
4235,8,50,5
1153,6,5,1
4492,14,22,4
2450,5,61,4
1383,15,10,2
2047,14,50,3
705,2,45,2
1436,10,62,3
3036,3,29,3
2878,15,16,3
4079,9,28,4
4687,15,56,5
4506,5,5,4
2034,2,57,3
2806,1,27,3
829,5,3,1
2094,3,22,2
1089,14,19,1
2075,5,3,2
562,14,8,1
110,8,63,2
2448,4,21,3
4234,6,45,5
690,8,58,2
1588,3,17,2
3323,10,15,3
1040,12,33,2
3463,8,16,3
1988,1,59,3
4900,10,51,6
713,4,31,1
4792,6,63,5
3933,14,49,5
4543,11,48,5
4053,4,8,4
2711,7,25,3
809,4,18,1
1906,6,18,2
1753,14,40,3
1568,10,6,2
388,14,56,2
1504,4,2,2
2543,13,58,4
2145,6,51,3
4482,8,44,5
2693,2,22,3
4227,5,62,5
3752,12,31,4
4747,14,5,4
4133,7,6,4
4493,5,42,5
2039,7,62,3
1393,3,22,2
2847,14,21,3
3685,11,21,4
2562,4,38,4
3610,5,59,5
1158,12,18,1
2174,11,10,2
4840,13,33,6
3246,3,50,4
1046,13,24,1
842,6,21,1
1495,10,10,2
3083,12,27,3
4541,15,18,4
1467,7,21,2
2343,6,56,3
2357,6,32,3
1754,5,19,2
3121,6,22,3
4020,6,28,4
4192,13,27,4
3855,10,45,5
4108,8,40,5
2675,1,16,3
2776,2,63,4
2551,13,59,4
4385,6,59,5
206,6,45,2
4863,7,32,6
1420,1,20,2
1508,6,41,3
3559,8,46,4
1317,3,5,2
162,4,54,2
3995,15,38,5
2641,1,63,4
2417,3,48,4
4120,14,8,4
1295,7,57,3
1806,13,49,3
1252,9,18,2
2500,2,11,3
739,14,44,2
2295,12,62,3
860,6,15,1
1343,7,56,3
3258,2,57,4
2551,8,46,4
4312,2,19,4
2649,12,50,4
3789,10,10,4
1714,5,60,3
4072,10,17,4
1220,15,10,2
4019,13,12,4
647,10,28,1
1736,6,31,2
2708,13,15,3
1545,1,15,2
3899,13,30,4
3772,7,12,4
1448,6,16,2
4117,4,45,5
1592,2,15,2
3598,6,28,3
4521,9,4,4
2156,8,13,2
3152,10,59,4
804,6,15,1
2433,5,42,4
2563,10,18,3
4919,7,18,5
1050,14,49,2
1925,3,35,3
4179,9,31,4
2487,6,24,3
285,11,37,2
1354,2,26,2
3708,5,55,5
981,9,41,2
875,6,33,2
4997,9,24,5
4047,15,42,5
4857,13,17,5
4385,1,33,5
1707,15,44,3
452,14,11,1
2186,13,58,3
1196,14,35,2
4217,11,34,5
812,2,58,2
130,9,58,2
3461,9,29,3
2983,1,52,4
4049,11,61,5
3249,5,8,3
3614,6,41,5
1560,5,3,2
2118,11,36,3
2873,10,49,4
4249,14,8,4
4566,3,14,4
3753,6,61,5
196,9,4,1
984,10,26,1
629,4,8,1
3819,15,63,5
3818,2,58,5
4845,14,56,6
3767,3,45,5
4438,14,28,4
512,7,23,1
2369,1,29,2
1154,7,6,1
1988,14,3,2
3803,10,49,5
971,13,57,2
3239,10,37,4
2932,12,25,3
1605,14,33,3
195,14,23,1
324,14,43,2
1672,7,7,2
4930,10,52,6
3517,15,24,3
4418,10,47,5
1801,6,15,2
3919,2,56,5
237,1,54,2
2475,3,16,3
3025,9,61,4
4790,10,44,5
4735,13,63,5
3880,5,7,4
2781,5,23,3
4535,15,45,5
1637,10,25,2
3437,10,15,3
965,4,26,1
497,4,28,1
4909,7,62,6
2505,11,39,4
2947,10,52,4
280,2,15,1
1259,13,22,2
302,7,18,1
4979,4,15,5
1979,6,34,3
2280,14,43,3
1220,1,59,3
4058,12,50,5
193,14,10,1
1139,7,43,2
573,3,19,1
310,15,59,2
2590,9,12,3
198,5,50,2
4215,15,45,5
120,12,30,1
660,6,6,1
3443,10,25,3
207,6,54,2
2171,7,6,2
2923,3,11,3
1871,11,3,2
2600,1,24,3
1742,1,33,3
2262,7,2,2
1051,11,33,2
2767,12,19,3
1708,10,17,2
3833,13,17,4
4973,2,38,6
2743,7,56,4
3273,15,60,4
4461,12,56,5
4278,8,25,4
4441,1,55,5
910,5,20,1
1110,10,61,2
4866,2,41,6
1950,13,2,2
1241,3,12,2
4823,5,52,6
806,10,41,2
4130,5,20,4
4176,14,6,4
4008,2,22,4
4394,14,56,5
866,4,21,1
1200,7,59,2
1570,6,19,2
3597,15,35,4
1794,3,24,2
2325,13,20,2
1572,4,11,2
1289,12,63,3
1988,7,51,3
4493,11,49,5
4575,1,38,5
266,13,46,2
3725,14,35,5
2509,8,62,4
3625,8,62,5
4699,3,44,5
2906,6,45,4
4652,15,22,4
958,11,41,2
1024,2,45,2
4903,8,48,6
1788,11,16,2
1907,11,23,2
2332,13,18,2
517,8,43,2
814,3,8,1
2924,6,53,4
4990,11,53,6
222,1,26,1
3408,4,59,4
3615,13,23,4
1550,9,11,2
160,14,56,2
3059,13,51,4
4287,7,47,5
997,4,17,1
4429,15,14,4
1069,11,44,2
2678,3,36,4
887,14,62,2
1119,10,59,2
1753,15,31,2
1360,8,50,3
3862,12,6,4
3462,11,40,4
2771,8,62,4
2389,13,7,2
4487,6,39,5
2584,7,39,4
859,13,21,1
3225,2,40,4
4245,3,7,4
2941,13,6,3
2946,14,56,4
3684,4,8,4
2106,6,16,2
3348,2,19,3
2806,3,38,4
2972,14,44,4
2337,15,28,2
1583,8,24,2
4970,3,30,5
1111,10,25,1
396,15,26,1
1875,8,21,2
110,7,47,2
3348,9,22,3
3313,6,41,4
2666,13,41,4
4639,5,3,4
3707,2,49,5
999,11,50,2
3105,1,59,4
1130,4,43,2
4633,7,47,5
1580,3,45,3
1861,5,21,2
714,8,12,1
4298,15,3,4
4855,2,48,6
1309,9,62,3
4883,15,16,5
4093,5,27,4
2051,5,4,2
395,14,19,1
621,3,21,1
785,2,25,1
3715,9,60,5
1720,11,17,2
4109,4,42,5
604,5,24,1
3564,3,51,4
4843,6,40,6
727,5,11,1
1050,3,23,1
2902,10,21,3
1873,14,50,3
910,1,49,2
1966,10,11,2
155,15,27,1
4359,13,50,5
3970,13,23,4
2636,11,13,3
2155,14,8,2
246,3,62,2
2213,3,34,3
2286,5,45,3
4390,9,63,5
2436,15,19,3
557,12,58,2
4624,12,49,5
294,4,45,2
394,12,43,2
3592,2,12,3
2197,1,13,2
257,12,33,2
4316,7,37,5
2725,9,37,4
200,6,11,1
1418,9,39,3
2943,4,38,4
970,6,46,2
4437,2,44,5
2293,11,42,3
1797,11,32,3
796,10,4,1
2515,5,57,4
1716,7,49,3
2057,12,49,3
3202,6,50,4
1516,13,40,3
2950,1,41,4
4456,3,58,5
767,5,60,2
987,15,44,2
2972,9,13,3
3913,1,59,5
2595,10,17,3
3807,9,30,4
316,13,50,2
4725,1,2,4
2264,15,29,2
2386,12,46,3
3773,14,9,4
3088,2,35,4
3173,4,17,3
2809,13,61,4
4959,6,55,6
2765,1,41,4
389,7,27,1
262,13,23,1
1663,9,26,2
111,9,25,1
4390,9,8,4
1389,15,22,2
967,2,2,1
1898,13,61,3
852,2,3,1
3416,1,51,4
3199,14,18,3
3375,15,29,3
2512,10,49,4
3208,2,54,4
3937,3,20,4
971,2,31,1
3167,5,48,4
2247,4,61,3
1065,13,62,2
1882,7,15,2
2111,7,57,3
3349,7,30,3
660,5,3,1
1190,12,12,1
1095,10,33,2
2193,4,48,3
3585,15,47,4
4030,8,36,5
1577,4,44,3
2768,5,10,3
3020,8,35,4
308,14,45,2
3986,13,10,4
1089,14,48,2
3378,3,10,3
4576,7,4,4
4481,1,28,4
1758,2,46,3
4613,12,22,4
1361,13,59,3
445,14,35,2
4561,13,29,4
4552,2,34,5
4256,11,60,5
2531,5,36,4
1869,12,41,3
4773,2,51,5
2719,4,6,3
3278,1,47,4
462,13,53,2
1388,6,47,3
3279,10,42,4
2615,13,32,4
2836,1,43,4
2984,2,54,4
367,15,46,2
1747,4,34,3
4651,4,56,5
2749,9,26,3
2486,5,23,3
818,10,59,2
1288,12,9,2
2262,4,10,2
3306,5,12,3
1468,7,32,3
614,9,30,1
3523,9,24,3
2892,1,38,4
779,4,52,2
4695,15,21,4
1621,15,53,3
3621,4,49,5
3907,7,24,4
401,12,10,1
3689,14,47,5
2986,6,19,3
1400,8,61,3
2756,12,31,3
1574,4,27,2
4989,12,17,5
1788,8,51,3
3385,11,21,3
2254,6,17,2
3272,2,25,3
4820,1,59,6
1491,10,17,2
1827,14,50,3
4151,13,60,5
2840,9,33,4
661,8,39,2
456,14,63,2
1693,1,60,3
4320,12,18,4
1186,15,58,2
4964,4,54,6
2467,13,52,4
1298,2,50,3
1615,2,37,3
2777,7,43,4
2885,10,55,4
596,5,25,1
1776,11,26,2
768,2,16,1
1746,1,53,3
4142,1,22,4
3262,4,41,4
4631,14,17,4
2878,4,49,4
4810,2,20,5
3729,2,21,4
1212,4,59,3
3213,8,61,4
4883,6,39,6
3714,1,6,4
2730,14,16,3
1593,8,41,3
174,5,11,1
487,13,12,1
1605,13,35,3
4735,10,45,5
1075,13,58,2
4197,11,50,5
3709,6,51,5
939,7,9,1
1294,10,41,3
2965,6,47,4
4320,3,25,4
4239,10,35,5
2479,2,41,4
3714,13,22,4
1871,2,53,3
2312,3,3,2
3529,15,58,4
3986,6,20,4
2910,1,15,3
4906,3,13,5
4102,12,38,5
3390,14,21,3
765,2,58,2
4171,11,21,4
1506,13,54,3
1422,4,32,3
502,1,30,1
4636,11,12,4
4772,15,57,5
4757,3,53,5
2456,11,12,3
4471,4,19,4
4125,5,60,5
959,15,11,1
3728,4,49,5
1503,13,19,2
2262,5,59,3
235,1,10,1
4725,8,63,5
461,2,62,2
3442,6,59,4
3053,2,7,3
318,11,13,1
2466,2,2,3
1527,14,11,2
4316,8,3,4
161,3,46,2
2121,12,42,3
1105,8,9,1
2910,2,26,3
3607,1,31,4
1537,1,28,2
2157,7,45,3
916,8,14,1
676,15,33,2
3155,1,7,3
4062,12,52,5
448,3,60,2
2566,12,21,3
1302,4,15,2
4162,15,24,4
4249,15,14,4
418,12,63,2
4625,8,25,4
2524,7,63,4
2666,5,49,4
1056,12,61,2
1849,7,62,3
2159,2,48,3
3757,7,11,4
3010,11,47,4
3578,1,42,4
3087,6,11,3
3855,8,9,4
2896,7,19,3
1144,15,51,2
567,5,13,1
842,11,22,1
544,3,51,2
4915,12,50,6
2358,7,27,2
1372,9,12,2
206,11,12,1
770,10,53,2
3636,7,31,4
2852,1,47,4
1800,10,2,2
3777,13,53,5
2115,15,16,2
3973,11,29,4
3289,13,53,4
4328,7,39,5
257,10,59,2
3344,13,6,3
2481,15,46,4
1902,2,42,3
3028,15,43,4
4063,7,9,4
235,12,39,2
4411,12,46,5
1976,5,60,3
1977,6,23,2
1141,6,39,2
2281,10,53,3
2494,3,47,4
4303,15,54,5
2570,9,31,3
2002,13,5,2
1636,3,3,2
2162,15,22,2
1628,2,61,3
3760,15,62,5
4369,2,62,5
4306,13,34,5
216,7,15,1
4053,11,58,5
4471,14,17,4
3239,13,59,4
1614,12,29,2
4322,7,47,5
1248,2,42,3
4453,15,10,4
2498,4,35,4
911,5,12,1
408,2,20,1
4919,8,30,5
3420,6,57,4
3214,14,51,4
3936,5,45,5
1526,8,39,3
298,6,10,1
3800,9,8,4
2328,11,32,3
291,7,4,1
4326,8,9,4
866,10,10,1
1532,7,54,3
263,7,16,1
2481,15,9,3
2908,8,57,4
1813,6,18,2
2261,10,51,3
1651,4,33,3
3775,9,61,5
1071,8,24,1
2091,4,2,2
1793,3,63,3
927,13,47,2
2336,9,37,3
329,12,8,1
873,15,15,1
2442,5,11,3
616,14,22,1
4269,15,35,5
3201,11,36,4
2483,11,41,4
3438,8,49,4
4210,14,62,5
3599,9,34,4
1689,6,13,2
3812,9,14,4
1136,14,32,2
4051,10,54,5
1435,3,16,2
4106,6,36,5
4041,10,10,4
3238,13,7,3
4097,9,38,5
3261,2,4,3
4590,3,53,5
1577,7,45,3
1711,5,41,3
4985,9,15,5
4873,11,50,6
4719,12,15,4
3591,13,24,3
2965,13,50,4
1396,12,2,2
1795,1,37,3
4368,15,51,5
806,8,34,2
1916,11,25,2
3273,6,27,3
2964,13,11,3
1166,2,40,2
3410,14,58,4
1917,6,19,2
4292,1,59,5
4210,7,11,4
3480,9,7,3
328,3,36,2
2679,4,6,3
1768,13,10,2
2979,15,4,3
531,6,58,2
1035,5,48,2
2145,15,49,3
1915,2,62,3
937,8,9,1
1007,10,11,1
4835,10,44,6
723,10,26,1
4144,11,51,5
1832,11,37,3
1520,8,4,2
357,14,55,2
463,2,41,2
4525,2,28,4
444,10,24,1
775,14,45,2
3562,13,32,4
2936,7,35,4
4281,3,54,5
3125,9,5,3
2492,11,13,3
4443,6,50,5
1089,3,60,2
1539,6,48,3
3142,8,38,4
4434,7,54,5
113,13,49,2
3978,7,54,5
3809,14,20,4
1421,5,62,3
2940,10,18,3
4960,4,27,5
2123,11,24,2
110,12,26,1
4351,8,43,5
4648,9,7,4
1891,2,60,3
838,11,21,1
4247,5,61,5
1770,7,6,2
1086,5,30,1
3023,8,36,4
3132,15,37,4
110,8,43,2
2177,12,36,3
1599,5,13,2
4916,8,27,5
2966,12,62,4
4933,2,48,6
2488,15,24,3
355,15,46,2
3343,12,5,3
626,11,59,2
3865,5,55,5
2359,5,9,2
4577,11,28,4
4498,9,29,4
4953,10,9,5
440,12,45,2
1888,15,55,3
2624,2,15,3
1110,15,42,2
3081,15,7,3
1661,3,42,3
3703,10,23,4
391,9,26,1
2979,6,9,3
654,6,40,2
2827,10,41,4
1017,4,32,2
304,3,5,1
178,8,56,2
627,1,19,1
3942,9,36,5
2984,1,52,4
1022,13,54,2
2059,2,37,3
713,4,18,1
2967,5,44,4
347,4,56,2
1943,12,59,3
3493,12,35,4
3766,12,41,5
4374,10,21,4
1315,10,49,3
3099,8,31,3
1286,12,11,2
4078,12,54,5
4612,9,37,5
3749,5,53,5
1115,2,39,2
132,1,48,2
4272,11,49,5
3838,9,54,5
973,5,46,2
2368,3,33,3
1995,4,55,3
399,1,19,1
2704,13,49,4
4876,8,34,6
535,1,60,2
2197,5,16,2
2651,1,45,4
979,8,45,2
1047,5,36,2
4029,12,59,5
880,15,25,1
4122,5,32,5
1285,7,60,3
2497,6,33,4
4108,10,34,5
4197,15,41,5
2863,9,51,4
953,15,45,2
969,15,60,2
4976,11,44,6
2579,11,43,4
956,8,37,2
4107,8,12,4
1738,3,33,3
2642,13,62,4
2680,14,60,4
4469,3,48,5
700,5,4,1
1331,8,50,3
1232,15,9,2
2909,3,34,4
674,3,40,2
3871,8,20,4
785,14,36,2
2361,4,42,3
783,12,46,2
4847,12,9,5
2894,1,61,4
2621,5,27,3
2943,15,20,3
4105,5,45,5
3098,4,60,4
4593,6,10,4
1885,4,39,3
2210,7,36,3
4113,15,8,4
4271,8,5,4
1582,11,7,2
4583,11,35,5
444,11,58,2
2997,1,62,4
1531,12,52,3
4520,12,17,4
3216,14,11,3
3504,15,37,4
1829,8,15,2
3608,14,58,5
2003,4,8,2
3620,11,3,4
1595,9,32,3
3205,2,30,3
976,2,60,2
484,3,18,1
3522,11,17,3
2746,6,8,3
3653,4,51,5
178,5,16,1
4646,8,29,4
886,7,61,2
3470,15,63,4
3722,8,47,5
330,3,7,1
4606,11,46,5
4601,2,7,4
3998,6,28,4
3723,3,54,5
3522,15,35,4
155,13,15,1
3274,15,42,4
3120,12,18,3
1097,13,11,1
3400,1,50,4
2867,15,63,4
383,8,3,1
1531,11,15,2
481,3,57,2
2849,13,22,3
3176,6,36,4
3855,9,29,4
405,7,53,2
740,4,37,2
3619,13,42,5
3632,6,46,5
1380,10,54,3
242,9,21,1
4397,12,8,4
3121,1,23,3
1943,15,46,3
845,2,51,2
652,1,29,1
1041,5,21,1
376,5,33,2
470,1,20,1
2199,11,29,2
4661,15,26,4
4999,1,23,5
3081,8,3,3
710,8,22,1
167,15,7,1
3420,13,34,4
1893,12,43,3
3014,1,47,4
437,10,55,2
1573,10,4,2
865,12,25,1
2444,12,13,3
4955,12,6,5
716,7,23,1
2410,4,21,3
668,1,34,2
2273,4,5,2
2240,12,27,2
3292,8,17,3
3051,11,21,3
3686,2,37,5
2251,15,20,2
2819,9,32,4
1846,7,45,3
2486,5,4,3
1304,14,16,2
687,8,50,2
1006,14,57,2
3843,11,56,5
4713,11,12,4
1801,13,17,2
3994,7,52,5
2047,11,48,3
893,9,40,2
3161,10,42,4
4781,15,44,5
1349,12,56,3
1232,11,53,3
1238,6,48,3
4451,9,2,4
1721,11,33,3
4601,1,58,5
3689,3,9,4
2926,1,20,3
2485,4,60,4
358,7,27,1
4948,1,42,6
3798,13,22,4
1557,15,53,3
4553,3,23,4
1371,4,47,3
1844,15,12,2
2586,15,8,3
4737,14,7,4
2902,3,26,3
3352,9,33,4
1685,11,34,3
322,15,32,2
2307,6,17,2
1462,10,37,3
3948,6,18,4
4467,9,46,5
3593,14,27,3
3574,8,24,3
4033,6,37,5
903,8,46,2
4974,15,50,6
4695,9,48,5
4155,11,50,5
290,12,57,2
3768,13,12,4
4622,4,53,5
3757,5,43,5
598,6,52,2
1475,7,31,2
3460,10,26,3
1172,5,35,2
4374,12,45,5
789,5,22,1
3707,13,3,4
3448,10,4,3
2740,5,6,3
3318,11,46,4
677,7,3,1
163,14,32,2
464,10,24,1
1603,15,15,2
3715,10,19,4
4813,3,12,5
3615,15,59,5
2154,10,61,3
3796,8,16,4
1312,10,22,2
4988,4,6,5
3775,14,4,4
1643,15,19,2
2886,4,9,3
3169,14,39,4
2940,6,27,3
4611,15,33,5
4423,8,14,4
1404,14,54,3
296,9,52,2
4174,1,11,4
1610,2,2,2
1370,15,43,3
4971,15,12,5
3358,10,6,3
232,6,62,2
3289,15,2,3
4580,11,2,4
3729,7,20,4
3303,14,51,4
4569,11,6,4
1155,10,63,2
2244,5,13,2
4067,12,29,4
3510,5,61,4
982,6,38,2
2534,6,24,3
3950,4,6,4
2924,14,24,3
2332,10,25,2
3105,7,61,4
1307,12,18,2
2017,9,5,2
2879,14,18,3
2149,2,60,3
3142,8,31,3
3650,10,45,5
1585,10,55,3
4594,6,53,5
4008,3,26,4
1162,14,18,1
4741,2,15,4
841,10,24,1
1552,14,25,2
1476,10,18,2
482,6,60,2
166,6,53,2
4003,5,47,5
4695,4,18,4
2021,9,55,3
4950,2,15,5
1535,4,60,3
1753,1,16,2
698,12,20,1
1732,10,6,2
1559,12,18,2
1905,4,34,3
160,12,40,2
4145,8,7,4
3696,10,26,4
1398,3,48,3
2363,3,54,3
3497,12,18,3
4012,6,57,5
2672,14,34,4
273,15,12,1
3954,2,34,5
1553,15,29,2
3029,14,43,4
2753,4,42,4
707,11,60,2
4230,13,56,5
1877,15,6,2
2940,14,22,3
2939,5,31,3
3335,8,47,4
1517,14,27,2
3439,4,57,4
4599,11,4,4
3208,14,50,4
629,5,22,1
587,13,54,2
1420,4,13,2
4524,12,8,4
196,3,27,1
1617,6,45,3
523,9,57,2
1951,6,56,3
530,7,40,2
2017,13,14,2
2857,8,15,3
3085,1,26,3
3664,7,18,4
1567,8,17,2
4206,13,29,4
940,13,41,2
4734,13,42,5
1734,12,19,2
225,7,5,1
451,1,41,2
467,2,57,2
491,4,52,2
549,5,18,1
3168,9,56,4
335,9,34,2
4557,11,63,5
892,12,40,2
2478,2,25,3
2468,7,20,3
4452,3,43,5
2523,8,61,4
2476,9,61,4
2441,11,47,4
2550,13,35,4
2955,4,31,3
4916,2,53,6
677,14,50,2
3204,10,32,4
1631,9,3,2
3312,11,42,4
4238,2,16,4
3832,15,57,5
2870,2,58,4
4993,13,47,6
3253,13,50,4
1031,9,60,2
4970,6,11,5
2924,11,7,3
2192,5,34,3
3701,11,24,4
725,15,43,2
3684,6,6,4
2119,15,41,3
1969,9,32,3
3191,12,15,3
3522,1,7,3
2090,7,34,3
4381,8,61,5
2779,4,46,4
399,13,33,2
334,8,13,1
1204,10,40,3
2174,1,46,3
857,11,23,1
3727,8,15,4
3005,15,36,4
3343,3,25,3
872,15,36,2
479,14,16,1
4927,4,14,5
3320,8,41,4
4005,8,47,5
986,11,22,1
3057,13,59,4
2565,12,4,3
2520,2,9,3
1116,9,15,1
1439,4,51,3
3616,15,45,5
3601,6,44,5
2632,14,11,3
1784,13,34,3
318,8,9,1
1621,4,57,3
2421,8,5,3
928,13,56,2
4392,7,52,5
3677,14,10,4
2758,8,62,4
768,12,2,1
4905,4,62,6
4285,15,57,5
4917,2,24,5
4097,4,57,5
1058,5,14,1
3157,4,30,3
1853,11,54,3
1242,8,45,3
3802,10,57,5
148,5,31,1
3640,9,40,5
3835,7,24,4
411,7,22,1
4860,14,40,6
3621,12,14,4
1764,15,32,3
4397,5,14,4
3560,3,60,4
884,8,63,2
4836,4,27,5
561,3,50,2
2552,4,25,3
1129,12,26,1
759,14,48,2
3896,14,59,5
3323,1,5,3
3290,8,22,3
1725,9,8,2
4518,3,7,4
3404,10,7,3
3209,6,44,4
1374,4,40,3
3323,9,32,4
2515,2,10,3
3386,3,3,3
314,14,22,1
1986,13,8,2
3221,14,2,3
4153,14,8,4
3902,1,10,4
2091,15,26,2
4550,12,49,5
788,7,56,2
3119,9,14,3
1498,12,32,3
1721,14,61,3
2009,14,59,3
1944,1,7,2
2143,11,47,3
3877,3,15,4
4840,7,59,6
4897,3,50,6
4294,3,31,4
1000,3,23,1
3252,4,53,4
1826,15,5,2
2110,4,30,2
2370,8,3,2
3501,5,31,3
2262,14,25,2
2588,3,17,3
2859,10,26,3
2522,12,2,3
2127,12,13,2
4962,5,40,6
1057,12,17,1
2449,9,56,4
1016,6,28,1
4880,4,30,5
4047,1,61,5
581,8,56,2
361,5,30,1
4004,9,5,4
4067,14,61,5
2029,7,39,3
1306,2,45,3
3633,15,60,5
773,12,59,2
3331,2,33,4
2598,8,58,4
1233,11,49,3
179,5,46,2
4602,5,45,5
2621,12,42,4
2209,6,5,2
2049,7,35,3
4010,12,35,5
2754,13,3,3
4628,4,29,4
358,9,48,2
4057,8,2,4
4442,14,59,5
4753,6,24,4
3607,1,39,5
1183,6,38,2
531,1,20,1
2561,5,60,4
1339,13,28,2
1732,6,44,3
910,2,52,2
3498,3,60,4
3123,12,13,3
1125,7,2,1
1619,5,14,2
3397,10,48,4
273,15,2,1
4794,11,46,5
1645,9,11,2
2659,12,15,3
2664,8,41,4
701,13,23,1
1203,10,47,3
1756,15,38,3
4638,9,21,4
2589,11,57,4
506,6,59,2
2464,2,48,4
1012,11,60,2
3455,6,29,3
2293,5,13,2
2967,14,58,4
669,10,17,1
2828,4,2,3
690,9,19,1
2916,2,5,3
2500,15,7,3
2804,13,59,4
4658,13,52,5
3431,11,63,4
3689,3,63,5
2486,4,50,4
2554,13,45,4
1729,7,36,3
2267,13,13,2
2860,13,28,3
2848,1,57,4
2041,9,30,2
1316,5,44,3
1948,1,54,3
4615,13,18,4
3196,8,38,4
1651,3,59,3
1021,11,41,2
616,15,63,2
4051,1,28,4
3321,11,58,4
2929,14,7,3
2604,11,37,4
1585,7,60,3
1089,15,60,2
4931,12,46,6
2985,4,54,4
245,5,52,2
3758,10,8,4
3182,2,44,4
2751,4,59,4
2309,14,21,2
4787,5,11,4
2909,4,16,3
2904,3,16,3
4049,13,24,4
1377,14,11,2
714,5,5,1
1003,2,34,2
1101,10,13,1
2289,10,10,2
3094,1,28,3
4588,11,63,5
2388,7,59,3
2230,11,12,2
3525,11,33,4
3593,3,16,3
2275,6,8,2
2944,11,27,3
3199,8,9,3
1875,14,6,2
3412,3,3,3
4301,9,3,4
1871,5,11,2
1245,8,18,2
4534,10,14,4
869,2,10,1
4451,2,17,4
981,6,8,1
2506,11,13,3
3458,2,5,3
2184,6,54,3
4891,9,32,6
3648,15,33,5
1775,3,37,3
4762,15,4,4
1860,8,42,3
466,3,8,1
2832,9,3,3
4220,5,12,4
4877,8,51,6
769,1,61,2
2933,1,8,3
1770,15,48,3
1714,15,58,3
4392,9,21,4
2564,7,23,3
105,5,23,1
3475,14,26,3
4583,10,19,4
893,1,11,1
4867,3,63,6
3395,10,51,4
3656,10,38,5
3791,14,13,4
2397,12,30,2
1084,9,4,1
2840,10,54,4
2212,3,56,3
3814,13,27,4
1528,5,18,2
892,14,21,1
1062,2,53,2
1611,5,37,3
832,7,36,2
4793,12,21,4
2298,5,40,3
4806,5,15,5
2674,13,52,4
3634,11,43,5
1574,4,42,3
604,4,59,2
3508,5,14,3
705,2,57,2
1791,14,41,3
389,15,29,1
1779,6,38,3
4428,11,52,5
3835,2,33,5
3642,9,3,4
1532,11,37,3
4086,6,15,4
2437,5,60,4
3545,11,27,3
4005,3,3,4
2469,10,12,3
3139,14,10,3
3963,9,51,5
4783,8,37,5
2889,3,62,4
2483,1,8,3
278,1,36,2
3835,10,18,4
2581,14,27,3
972,8,30,1
4633,14,39,5
2627,10,34,4
2615,7,12,3
1620,13,35,3
2566,7,7,3
4737,13,19,4
274,3,32,2
3469,13,16,3
150,15,31,1
1800,6,44,3
1083,10,14,1
2032,5,6,2
2748,5,21,3
4831,13,41,6
258,6,48,2
3271,8,19,3
216,9,44,2
1591,5,3,2
2186,10,13,2
2495,7,21,3
1084,1,50,2
3337,13,59,4
885,5,52,2
1718,10,25,2
1627,3,10,2
1932,10,47,3
1937,12,36,3
1245,2,56,3
3194,3,53,4
1353,10,32,3
2288,9,46,3
1505,9,48,3
4401,2,30,4
1286,15,60,3
1548,9,52,3
4329,3,54,5
1102,12,58,2
2731,12,30,3
2711,3,5,3
1586,5,41,3
3051,13,51,4
2211,4,60,3
2657,1,58,4
3456,1,15,3
813,5,29,1
3799,4,59,5
2340,8,34,3
1574,2,41,3
3530,8,9,3
1123,6,52,2
497,10,2,1
4113,9,5,4
3428,11,30,3
1973,6,36,3
4838,7,19,5
4733,8,39,5
4496,13,52,5
727,1,45,2
2898,14,56,4
3584,11,51,4
1766,11,37,3
1046,7,41,2
2019,15,20,2
722,7,50,2
2275,13,61,3
2261,3,22,2
1860,7,56,3
3080,11,54,4
1314,14,60,3
719,13,17,1
3702,14,7,4
1975,4,27,2
4987,6,2,5
4349,2,19,4
2372,4,61,3
2651,10,44,4
2713,10,2,3
1734,13,28,2
4868,4,20,5
4155,15,36,5
2540,14,27,3
200,5,61,2
2350,6,53,3
3768,4,16,4
3729,11,7,4
865,6,32,2
3504,9,35,4
3666,12,62,5
4765,4,50,5
4936,15,47,6
3379,11,18,3
832,7,59,2
1506,11,4,2
2428,7,44,4
4026,8,21,4
878,2,3,1
1472,1,38,3
3000,9,54,4
418,9,10,1
995,14,24,1
2813,4,34,4
2456,4,48,4
1096,13,40,2
3628,10,60,5
2241,11,32,3
3562,3,20,3
4835,3,43,6
1352,5,52,3
1620,5,60,3
684,4,5,1
2230,13,48,3
3919,5,35,5
979,3,58,2
561,6,55,2
3734,8,59,5
4927,6,16,5
710,13,30,1
2025,7,44,3
2803,8,55,4
4430,7,58,5
1436,10,51,3
1060,15,7,1
1485,5,47,3
2395,15,42,3
4458,6,8,4
3368,6,28,3
4030,9,26,4
2831,5,2,3
4813,4,10,5
582,2,23,1
2355,13,23,2
4331,4,54,5
4151,14,61,5
4418,2,3,4
3191,13,7,3
1580,7,50,3
4481,10,30,4
3504,6,2,3
2124,6,56,3
4987,1,18,5
4528,3,48,5
2262,13,33,3
3187,2,45,4
4339,4,38,5
2981,9,39,4
2733,11,5,3
3192,12,6,3
4032,8,51,5
3732,1,59,5
3047,13,24,3
1145,12,61,2
1797,7,43,3
509,10,18,1
3327,14,35,4
1014,1,25,1
1282,9,43,3
2929,13,51,4
186,9,50,2
506,3,54,2
4916,2,49,6
4715,8,35,5
2157,6,59,3
4178,13,36,5
2425,15,7,3
3304,3,39,4
2086,13,4,2
1580,5,47,3
4763,10,17,4
375,9,30,1
576,13,11,1
2345,12,59,3
2631,8,30,3
4274,10,62,5
126,2,32,2
3850,15,4,4
4942,4,40,6
2623,10,47,4
470,13,23,1
2516,11,48,4
4186,9,2,4
4904,14,32,6
2160,15,6,2
4805,15,28,5
1941,8,56,3
1773,3,39,3
3275,2,21,3
2319,4,2,2
3711,2,44,5
2139,10,24,2
4123,7,62,5
1727,10,5,2
3376,6,31,3
4743,1,5,4
228,2,54,2
3052,10,8,3
4692,14,62,5
4151,8,29,4
2510,10,42,4
294,12,53,2
4054,8,62,5
4739,13,32,5
1754,6,18,2
4575,10,15,4
1094,10,20,1
1705,14,8,2
1437,7,59,3
297,2,59,2
1468,1,48,3
2431,12,24,3
4426,11,3,4
779,6,60,2
2611,13,55,4
1015,10,60,2
3821,11,13,4
4271,3,49,5
1569,1,44,3
1951,1,12,2
2224,15,30,2
1473,14,36,3
422,3,62,2
3351,10,29,3
1542,13,59,3
4563,7,33,5
1825,2,8,2
853,4,18,1
640,4,3,1
4504,12,23,4
2366,6,29,2
2937,15,58,4
490,7,3,1
2193,14,29,2
2163,2,21,2
1820,1,62,3
647,6,12,1
1174,3,46,2
4345,11,22,4
1611,6,19,2
4616,2,57,5
1382,10,61,3
724,13,32,2
3899,7,4,4
261,15,37,2
622,12,42,2
1330,10,43,3
2417,13,54,4
3152,8,20,3
2484,5,49,4
1535,14,8,2
3273,15,31,3
3168,9,12,3
2719,6,12,3
645,12,18,1
3386,3,62,4
4163,15,33,5
2894,2,52,4
1435,7,5,2
1133,1,57,2
4411,15,7,4
943,1,63,2
1532,8,52,3
1340,13,31,2
1923,6,60,3
4301,14,44,5
3325,3,42,4
3239,9,62,4
3628,12,61,5
1615,1,47,3
4797,5,57,5
1134,1,59,2
2584,13,60,4
1737,7,14,2
2947,1,2,3
4609,4,61,5
4426,2,54,5
4026,10,12,4
2548,9,17,3
4035,3,46,5
2926,6,50,4
4764,7,43,5
1081,2,26,1
2197,1,47,3
4675,2,63,5
2732,8,3,3
2996,13,28,3
3224,9,49,4
4796,8,21,4
1887,1,31,2
307,2,18,1
2884,4,53,4
4366,15,26,4
815,8,45,2
3150,14,17,3
3836,15,59,5
689,9,22,1
3052,7,54,4
1502,8,19,2
1857,9,11,2
2925,4,60,4
315,12,47,2
3845,4,7,4
687,14,18,1
2685,11,13,3
2115,3,43,3
4742,7,61,5
2224,14,34,3
4918,12,37,6
4144,11,31,4
3129,4,24,3
3194,13,54,4
2212,14,4,2
4715,13,58,5
2890,1,10,3
3672,14,4,4
3909,8,63,5
3919,1,47,5
1773,12,10,2
3302,12,20,3
639,3,23,1
1464,9,15,2
1135,11,51,2
3011,10,32,4
928,12,49,2
3747,1,35,5
2431,1,55,4
2557,3,61,4
3008,13,54,4
958,12,54,2
2839,7,24,3
999,12,34,2
2413,12,55,4
746,13,42,2
3770,6,29,4
1318,15,22,2
187,12,27,1
3538,13,11,3
2049,5,24,2
460,11,4,1
215,4,11,1
3603,5,46,5
2638,5,41,4
4980,11,60,6
579,12,2,1
3595,7,29,3
1095,10,14,1
3907,6,59,5
3870,15,40,5
1245,13,48,3
4108,15,55,5
4903,9,44,6
2848,14,15,3
2408,3,59,4
106,7,39,2
2025,6,2,2
2175,3,3,2
1954,11,7,2
4617,7,19,4
822,12,53,2
4687,7,55,5
1903,10,19,2
3529,1,23,3
2870,6,48,4
3652,14,13,4
4496,15,12,4
3560,14,10,3
4260,11,63,5
4358,7,48,5
4050,13,55,5
2818,2,29,3
1369,10,43,3
523,15,40,2
2758,3,20,3
2848,9,21,3
4917,8,5,5
2879,11,28,3
4609,1,2,4
651,3,28,1
1012,3,47,2
4268,11,42,5
1482,12,58,3
505,3,56,2
668,2,51,2
754,5,29,1
1472,14,36,3
1499,14,40,3
1689,13,2,2
1847,3,48,3
4156,12,4,4
1867,3,5,2
4603,11,28,4
4787,1,38,5
3030,6,24,3
2867,14,28,3
1041,10,26,1
2842,14,19,3
4051,9,62,5
2020,6,39,3
2581,13,3,3
3349,6,11,3
3924,4,45,5
1239,1,35,3
2986,2,27,3
1865,2,28,2
2640,10,33,4
2122,13,54,3
1283,1,38,3
2747,2,12,3
3691,15,50,5
4291,5,30,4
3818,4,14,4
1123,8,9,1
2624,3,62,4
2161,4,25,2
2320,8,61,3
1035,1,30,1
2833,12,2,3
414,7,14,1
4028,6,55,5
3748,5,26,4
1164,1,38,2
3268,15,8,3
2930,2,23,3
2490,5,34,4
1802,14,48,3
561,9,16,1
3137,7,4,3
4389,14,56,5
2480,7,62,4
4847,14,9,5
2416,1,40,4
4710,13,49,5
3712,8,2,4
3542,4,13,3
3297,15,32,4
983,12,29,1
1813,2,20,2
1475,7,19,2
2879,6,53,4
3292,9,14,3
2203,12,36,3
822,9,58,2
2666,4,55,4
3079,5,39,4
3428,14,23,3
1293,13,58,3
4359,12,42,5
4060,5,42,5
4947,14,14,5
4386,8,37,5
3757,1,55,5
2990,6,42,4
4041,5,48,5
1977,2,48,3
4748,4,7,4
750,7,9,1
4457,2,25,4
1046,6,38,2
291,5,17,1
3892,12,20,4
4547,12,39,5
2910,1,54,4
1170,1,47,2
2957,8,49,4
3632,13,4,4
2950,15,23,3
252,9,37,2
1750,7,23,2
4070,9,63,5
1430,2,24,2
2453,10,2,3
3239,10,23,3
384,13,17,1
2690,8,57,4
4219,15,43,5
3182,14,47,4
3457,6,4,3
3156,7,3,3
4982,7,62,6
3847,15,40,5
4969,6,62,6
4938,4,11,5
4575,3,37,5
3601,13,40,5
339,12,58,2
245,9,41,2
1415,5,17,2
407,12,14,1
984,13,35,2
725,1,43,2
2679,1,23,3
2376,8,20,2
3962,5,19,4
2407,14,49,4
4809,5,11,5
2344,11,20,2
4585,2,28,4
802,8,46,2
445,12,56,2
2788,6,15,3
3106,1,13,3
3378,9,46,4
2995,12,13,3
808,6,23,1
1294,13,10,2
360,3,36,2
2089,6,46,3
3949,4,15,4
2009,13,52,3
3335,9,25,3
1361,13,4,2
774,8,37,2
3873,2,49,5
1426,3,27,2
518,15,47,2
1363,8,47,3
296,2,27,1
1390,10,41,3
1174,8,47,2
3537,8,36,4
337,5,8,1
3507,15,30,3
1045,5,6,1
806,8,31,1
1188,14,13,1
111,7,26,1
3086,14,62,4
3049,15,15,3
266,12,50,2
1865,14,32,3
3768,8,44,5
3263,1,49,4
4163,11,48,5
2814,7,13,3
1940,7,63,3
4291,2,53,5
2961,13,60,4
4421,9,4,4
3671,12,26,4
4848,15,46,6
792,13,24,1
4137,12,31,4
1229,14,6,2
4161,15,59,5
1200,6,34,2
2197,8,41,3
4848,14,13,5
4887,13,50,6
3162,15,31,3
3646,6,18,4
447,7,16,1
3125,3,44,4
307,2,4,1
1645,4,44,3
730,4,12,1
2239,12,15,2
2816,13,60,4
2542,12,18,3
3851,13,33,5
3646,15,36,5
276,5,31,1
3459,15,6,3
3466,7,14,3
1720,14,35,3
229,3,22,1
2805,6,27,3
4330,13,39,5
872,8,54,2
4608,14,57,5
4198,8,7,4
1190,9,5,1
1195,12,19,1
3861,2,32,5
999,4,25,1
4621,1,10,4
687,7,28,1
3529,6,9,3
4470,13,27,4
3930,14,14,4
181,3,58,2
4955,5,46,6
3810,3,50,5
2949,10,6,3
4831,12,20,5
2222,7,53,3
3721,8,48,5
1014,13,15,1
1862,11,46,3
1783,11,38,3
2622,8,33,4
4418,9,16,4
1852,9,59,3
2011,4,28,2
4160,11,18,4
338,10,35,2
1745,11,28,2
3128,11,28,3
2116,5,9,2
2143,13,49,3
578,9,27,1
1304,5,39,3
473,3,15,1
3119,13,10,3
2377,9,13,2
498,8,16,1
4364,12,35,5
1173,8,46,2
3279,6,23,3
4392,2,13,4
3390,14,26,3
140,6,34,2
1755,3,59,3
4734,2,49,5
2846,14,43,4
1444,6,45,3
2289,8,41,3
1030,7,5,1
1614,4,6,2
4217,8,17,4
1662,8,54,3
4629,7,47,5
1989,11,46,3
2329,2,5,2
788,4,20,1
4030,3,45,5
3512,7,14,3
2250,12,4,2
998,14,6,1
4860,3,16,5
2642,7,28,3
423,11,34,2
2930,8,21,3
3878,14,42,5
977,4,35,2
2412,7,18,3
3810,9,42,5
434,7,59,2
1963,2,8,2
4553,9,45,5
3952,5,38,5
4114,10,45,5
719,11,41,2
1512,6,57,3
360,2,38,2
3933,10,16,4
2543,13,35,4
2744,15,4,3
4605,14,3,4
3924,7,61,5
4617,9,44,5
251,11,39,2
146,2,35,2
3429,9,61,4
1730,5,36,3
1765,1,49,3
3329,5,21,3
3324,14,51,4
2913,2,18,3
1380,8,32,3
3647,3,56,5
1314,9,18,2
1310,15,11,2
1747,5,24,2
3481,3,31,3
2586,15,38,4
3777,10,45,5
1421,1,63,3
333,4,3,1
3236,7,42,4
3820,3,61,5
3370,9,7,3
2198,15,40,3
1341,5,14,2
4569,12,42,5
3187,11,57,4
289,14,25,1
796,14,4,1
272,12,30,1
3503,11,17,3
4833,6,25,5
4581,7,5,4
2626,10,8,3
2952,14,55,4
3097,13,50,4
4109,5,21,4
2432,2,16,3
1956,3,10,2
4943,11,58,6
305,13,40,2
474,9,36,2
4308,14,4,4
878,15,57,2
3101,3,26,3
4471,2,4,4
3877,8,16,4
514,13,12,1
2499,8,25,3
3212,7,7,3
3682,2,22,4
2136,2,15,2
2840,3,28,3
2183,14,14,2
2497,10,24,3
3338,13,3,3
1914,1,46,3
711,13,32,2
2940,12,14,3
439,5,17,1
201,12,63,2
1796,3,2,2
260,4,3,1
2692,9,33,4
3465,7,3,3
1275,7,5,2
3628,3,3,4
1474,7,53,3
1850,15,5,2
1921,9,14,2
4661,15,46,5
1181,12,2,1
4548,11,58,5
3136,12,4,3
4851,10,53,6
3588,9,16,3
3666,10,4,4
2569,1,34,4
1274,9,15,2
125,3,11,1
692,6,24,1
379,2,44,2
2766,4,9,3
3297,3,2,3
4325,6,46,5
480,1,29,1
4876,4,12,5
2288,1,10,2
190,1,44,2
2809,4,12,3
4498,5,42,5
4772,12,2,4
4392,7,41,5
512,8,53,2
4530,3,4,4
897,12,24,1
2909,3,51,4
2449,10,20,3
2873,4,46,4
3724,6,10,4
1683,2,38,3
4916,12,63,6
4346,6,7,4
3103,11,17,3
1813,14,46,3
3031,6,20,3
3184,2,20,3
4167,5,44,5
1869,12,41,3
3530,11,4,3
4598,11,45,5
2839,7,14,3
524,9,27,1
191,3,21,1
2174,7,24,2
3066,3,62,4
118,12,42,2
3590,2,48,4
4584,14,20,4
3771,15,32,5
4072,4,7,4
192,12,36,2
4236,8,52,5
4947,5,62,6
2195,8,7,2
704,6,18,1
3355,13,2,3
2403,12,29,3
4740,13,45,5
2366,1,62,3
1542,3,32,3
2249,8,45,3
3539,14,17,3
3757,15,5,4
1113,15,4,1
3207,4,8,3
2575,2,61,4
4330,8,24,4
3456,5,5,3
3891,15,56,5
4511,1,21,4
4563,8,14,4
3462,13,9,3
338,9,37,2
796,8,35,2
2176,14,59,3
4400,1,5,4
1623,6,27,2
2379,6,36,3
4787,7,54,5
1821,1,21,2
1969,8,11,2
435,4,7,1
3719,11,31,4
2199,4,52,3
4027,11,4,4
1494,10,21,2
3966,15,47,5
4363,13,4,4
3079,4,17,3
3103,13,52,4
3968,6,5,4
450,13,43,2
2662,6,41,4
752,6,40,2
2147,2,18,2
2579,5,49,4
1074,11,30,1
927,12,5,1
4197,2,55,5
1065,6,56,2
2002,7,11,2
3952,6,44,5
2694,3,10,3
2255,14,12,2
4820,11,2,5
2203,14,32,3
4235,14,18,4
604,10,51,2
798,10,37,2
111,5,48,2
1907,9,19,2
4120,14,8,4
334,11,61,2
3799,6,27,4
1420,3,25,2
1696,15,34,3
3717,9,27,4
2422,11,30,3
4798,14,25,4
3918,12,47,5
3355,13,13,3
2571,5,29,3
4644,12,27,4
2667,1,42,4
1025,10,26,1
764,3,16,1
3739,3,44,5
3015,2,32,4
3492,2,35,4
3458,9,52,4
415,14,42,2
1780,3,9,2
3200,10,28,3
3666,11,5,4
1769,14,13,2
3515,4,32,4
1641,15,22,2
742,6,21,1
4354,10,49,5
1711,9,54,3
4331,1,18,4
2382,14,46,3
1725,3,32,3
4958,3,16,5
381,6,33,2
498,9,49,2
2608,11,51,4
4793,9,3,4
2269,5,29,2
4513,9,22,4
2705,14,51,4
1305,15,14,2
3066,6,34,4
4207,5,28,4
2700,8,27,3
4623,15,54,5
3869,15,35,5
622,12,19,1
4854,14,50,6
4268,12,11,4
3309,7,20,3
4343,7,51,5
4526,4,56,5
3916,10,57,5
1746,1,58,3
736,13,13,1
2783,15,57,4
3295,13,55,4
930,5,25,1
4849,14,2,5
3884,9,10,4
4249,14,30,4
3081,8,46,4
4278,4,57,5
2765,10,29,3
472,9,36,2
1633,6,19,2
949,7,42,2
4487,10,45,5
2867,10,49,4
872,10,49,2
4706,8,20,4
1187,1,23,1
1103,4,19,1
2125,6,38,3
441,4,55,2
2024,3,13,2
543,13,10,1
4458,5,37,5
2275,4,16,2
2921,5,59,4
2772,12,10,3
367,15,56,2
1605,2,10,2
3960,14,47,5
3869,15,52,5
3393,3,49,4
1382,13,42,3
2076,8,32,3
1176,15,56,2
1008,8,56,2
4680,10,63,5
3614,13,7,4
1441,8,47,3
2568,3,59,4
816,1,51,2
3261,11,40,4
2927,2,16,3
444,3,41,2
533,2,11,1
4754,3,2,4
4723,7,9,4
2513,5,25,3
1523,14,22,2
1083,11,49,2
2381,11,37,3
2746,12,31,3
4259,11,51,5
4673,5,4,4
3092,2,52,4
3576,9,7,3
1048,9,39,2
3873,1,26,4
4148,15,57,5
793,8,42,2
4434,8,60,5
4335,9,34,5
2697,14,12,3
3505,2,13,3
2238,6,62,3
3317,2,43,4
1719,1,45,3
774,7,2,1
4535,3,5,4
3369,8,6,3
3645,3,56,5
554,14,36,2
1481,12,60,3
943,2,12,1
1396,8,31,2
2040,8,34,3
4265,12,41,5
3986,13,22,4
3080,10,54,4
1906,1,23,2
2030,1,26,2
1132,12,35,2
368,10,44,2
3177,3,5,3
484,10,13,1
1701,4,5,2
1081,8,24,1
2243,12,39,3
224,14,7,1
2700,8,59,4
3093,8,47,4
2516,14,34,4
2424,7,42,4
3380,1,56,4
4120,1,36,5
292,5,59,2
2307,15,53,3
587,15,34,2
3779,12,51,5
3127,15,7,3
4442,5,8,4
4201,5,22,4
652,15,16,1
2180,1,3,2
1403,3,24,2
3778,1,56,5
4079,2,4,4
3150,11,13,3
4950,14,50,6
1045,12,16,1
2785,11,63,4
103,8,34,2
4249,4,47,5
3621,4,62,5
4104,5,14,4
144,2,14,1
3825,9,60,5
2999,15,29,3
2318,13,14,2
549,13,25,1
466,10,40,2
3050,9,31,3
410,13,37,2
4872,3,5,5
3956,1,14,4
1602,2,13,2
350,11,2,1
3242,11,45,4
354,8,61,2
4324,8,50,5
613,13,18,1
450,2,25,1
3294,10,35,4
3844,5,40,5
4080,14,43,5
2980,9,8,3
3478,12,24,3
3332,13,22,3
2662,11,55,4
1695,4,44,3
1807,1,61,3
2525,14,25,3
203,15,37,2
1042,1,4,1
4750,6,30,4
4104,15,29,4
4144,15,3,4
3969,7,5,4
2017,15,18,2
2367,9,21,2
2285,12,37,3
4863,13,58,6
2409,6,27,3
4780,10,58,5
1687,5,23,2
1205,5,20,2
4624,12,32,5
3545,3,43,4
4666,15,61,5
4976,4,26,5
1070,11,31,1
686,12,49,2
817,3,55,2
1392,10,10,2
1924,14,43,3
4424,10,31,4
4139,9,42,5
3958,7,33,5
1223,1,48,3
4613,11,60,5
1314,5,46,3
2910,15,49,4
3683,1,16,4
4064,4,37,5
4505,10,36,5
1941,1,2,2
932,9,22,1
320,9,37,2
4325,4,4,4
3345,12,16,3
4193,1,25,4
858,13,17,1
4263,14,59,5
2294,6,8,2
2615,14,17,3
2152,15,29,2
4780,5,51,5
4407,15,13,4
546,4,26,1
3735,15,31,4
2516,12,9,3
4511,15,12,4
222,2,61,2
4574,13,43,5
3767,6,37,5
2039,7,37,3
3274,1,48,4
2820,3,56,4
4599,7,56,5
4756,10,37,5
400,6,50,2
1626,2,47,3
3035,8,31,3
1499,6,7,2
2450,1,55,4
4440,7,36,5
2435,9,31,3
1152,12,15,1
4394,13,38,5
1216,8,29,2
3388,7,41,4
4494,8,53,5
1571,15,42,3
1214,8,59,3
3834,4,6,4
3487,5,22,3
1409,15,62,3
3434,5,56,4
3913,8,50,5
1922,15,62,3
3917,11,7,4
2166,10,51,3
4247,11,52,5
2898,9,62,4
1629,11,63,3
2652,8,25,3
3305,11,53,4
3382,2,17,3
3671,7,8,4
2288,3,43,3
4703,2,27,4
4223,2,22,4
3176,10,49,4
1297,2,61,3
913,3,19,1
2302,12,18,2
4953,4,22,5
1185,6,53,2
295,1,7,1
4285,10,20,4
3780,8,3,4
739,8,20,1
495,4,53,2
1584,1,23,2
3640,15,17,4
1162,11,26,1
2730,6,45,4
3636,7,12,4
176,1,13,1
4987,8,29,5
2960,4,3,3
2923,14,39,4
3627,1,13,4
3301,9,26,3
422,14,3,1
765,14,34,2
649,8,60,2
4006,9,63,5
3332,4,61,4
1402,8,63,3
458,14,14,1
2910,8,57,4
2131,10,53,3
3691,15,46,5
3204,11,51,4
4627,2,60,5
3524,13,57,4
4496,10,54,5
2222,8,25,2
4438,15,21,4
380,6,21,1
4722,3,48,5
621,8,13,1
3269,15,44,4
4408,1,46,5
1948,2,38,3
2651,7,44,4
3403,12,50,4
2276,14,59,3
145,8,52,2
1054,13,9,1
2609,9,37,4
4640,1,49,5
1078,9,47,2
2923,2,34,4
4748,8,55,5
740,12,32,2
4306,7,39,5
4420,6,30,4
1240,6,19,2
2565,3,57,4
487,5,21,1
2996,12,61,4
2570,2,45,4
3426,5,9,3
1049,15,41,2
1421,12,52,3
1680,11,47,3
4605,3,38,5
2942,9,25,3
3850,1,2,4
1020,3,59,2
896,1,53,2
1494,9,4,2
1981,11,39,3
543,5,12,1
445,14,43,2
1815,7,41,3
4792,3,42,5
1741,15,40,3
1259,9,44,3
472,15,4,1
421,13,22,1
4177,1,6,4
1839,10,2,2
3284,1,47,4
2165,4,15,2
870,12,51,2
694,14,56,2
221,14,5,1
110,6,20,1
1958,14,48,3
487,14,21,1
319,9,49,2
1260,9,8,2
2566,2,61,4
530,5,49,2
2181,5,53,3
4514,2,10,4
3436,11,40,4
4470,9,35,5
1533,9,43,3
1297,12,14,2
1435,4,5,2
2779,3,37,4
4878,5,20,5
3585,5,18,3
4747,7,61,5
4378,8,26,4
541,14,15,1
3627,14,6,4
589,5,42,2
3120,8,57,4
2440,1,59,4
4161,12,47,5
3868,14,8,4
2226,14,15,2
4806,9,34,6
1792,3,13,2
3643,7,53,5
656,2,5,1
2746,2,53,4
2476,5,57,4
1637,7,7,2
498,12,2,1
4853,11,21,5
3840,9,27,4
1860,3,44,3
1473,11,24,2
2366,3,13,2
3840,15,14,4
1761,4,60,3
2446,11,58,4
2814,8,19,3
2302,2,32,3
1753,13,47,3
3136,6,51,4
1126,14,54,2
2135,8,29,2
752,11,6,1
1183,9,40,2
695,2,21,1
948,7,21,1
3033,3,35,4
588,12,51,2
3094,3,15,3
2470,5,16,3
1529,14,37,3
1328,10,31,2
420,8,19,1
3926,5,35,5
1036,13,27,1
2247,15,37,3
1704,15,48,3
2132,8,45,3
4522,4,20,4
341,14,43,2
2192,11,5,2
849,7,43,2
4160,5,28,4
1557,10,56,3
3339,15,4,3
2260,15,50,3
2772,3,45,4
1409,5,60,3
1669,14,13,2
3172,9,37,4
2565,15,40,4
4382,14,3,4
2026,7,61,3
4644,14,43,5
2829,8,59,4
1077,9,35,2
4949,1,39,6
1398,15,32,3
122,15,6,1
3237,7,21,3
1209,13,39,3
3079,12,12,3
4116,13,32,5
4523,10,61,5
2076,8,26,2
3107,8,5,3
1262,14,22,2
2382,14,63,3
873,9,42,2
973,6,2,1
3149,15,43,4
1109,7,52,2
1844,8,50,3
2375,13,38,3
1820,9,44,3
181,2,29,1
772,4,54,2
2336,4,63,3
4213,4,52,5
1130,1,54,2
1320,13,2,2
4595,11,17,4
4930,2,3,5
3112,9,3,3
173,8,44,2
4194,10,59,5
512,1,18,1
512,8,23,1
359,12,17,1
1188,10,14,1
1087,3,8,1
4836,4,51,6
4701,8,63,5
1254,12,18,2
2901,8,22,3
165,15,32,2
1480,11,58,3
977,3,16,1
3445,4,44,4
1162,3,24,1
4683,14,54,5
1244,8,54,3
4791,8,42,5
2922,8,47,4
4307,12,27,4
1524,13,31,2
2727,15,12,3
991,1,39,2
833,14,27,1
100,5,61,2
4954,1,7,5
4596,9,47,5
3763,13,4,4
4945,15,52,6
2950,7,26,3
995,1,42,2
2678,9,16,3
3776,6,60,5
2739,14,60,4
2772,12,22,3
4310,9,43,5
3855,7,7,4
1764,7,24,2
1341,11,58,3
4911,7,56,6
136,8,54,2
2183,1,63,3
4096,15,63,5
2472,10,13,3
3785,4,28,4
742,12,63,2
2546,7,16,3
3110,9,9,3
4528,2,26,4
4088,6,44,5
4242,2,49,5
134,4,62,2
2026,13,20,2
1859,7,36,3
4705,2,22,4
2776,9,19,3
3065,15,30,3
4009,6,28,4
2808,11,41,4
1360,8,11,2
1482,13,54,3
1684,9,6,2
3218,9,23,3
3272,14,57,4
2046,13,57,3
2745,15,15,3
3599,14,41,4
4597,3,2,4
1872,13,14,2
3145,12,28,3
2695,9,50,4
3487,12,49,4
336,4,59,2
3600,8,18,3
4525,12,9,4
558,11,29,1
1772,6,27,2
284,1,21,1
4277,12,20,4
412,8,15,1
3090,12,51,4
4718,4,59,5
2047,10,26,2
2834,1,37,4
1920,4,29,2
4298,3,9,4
3513,15,50,4
2135,2,34,3
2934,10,7,3
3317,8,26,3
3357,14,2,3
4905,13,63,6
3372,11,31,3
129,13,6,1
3906,10,10,4
3334,13,9,3
628,6,25,1
2893,13,26,3
1602,8,56,3
900,8,42,2
853,5,9,1
3975,12,39,5
871,2,22,1
4712,5,20,4
1315,6,4,2
3000,11,40,4
2125,8,17,2
2773,12,2,3
4486,10,11,4
3197,2,7,3
4861,7,6,5
4232,9,18,4
750,10,22,1
2213,13,30,2
1507,9,63,3
501,10,32,2
2350,4,4,2
3443,10,39,4
3101,6,61,4
3742,6,29,4
3417,7,29,3
1619,12,2,2
3129,10,13,3
4871,7,17,5
3278,10,26,3
2172,13,19,2
4619,2,9,4
3552,5,7,3
3943,15,52,5
3146,1,51,4
2830,15,10,3
1278,2,19,2
588,6,31,1
3636,5,21,4
208,8,19,1
3593,12,38,4
3619,1,30,4
3316,9,12,3
952,4,19,1
2482,1,34,4
3795,12,4,4
4824,11,53,6
3946,15,29,4
4643,5,6,4
4312,10,17,4
1104,9,60,2
587,7,5,1
3321,3,19,3
2765,8,28,3
4376,12,19,4
1391,2,3,2
3627,4,7,4
3275,12,49,4
3552,7,59,4
4985,4,36,6
2706,9,20,3
2083,3,30,2
1679,1,12,2
1139,10,39,2
2181,11,2,2
4113,2,60,5
2867,9,55,4
1073,14,22,1
1065,13,36,2
2714,5,58,4
1888,15,9,2
2221,15,4,2
4818,11,16,5
1365,5,54,3
4652,12,18,4
2678,13,54,4
3739,5,63,5
4025,12,29,4
2027,12,51,3
173,10,62,2
2281,1,37,3
3842,3,52,5
1878,12,42,3
4501,3,15,4
2688,2,49,4
1320,7,54,3
2747,5,57,4
3506,1,18,3
539,15,55,2
2943,15,40,4
3333,1,21,3
2203,4,40,3
282,13,7,1
3587,8,7,3
3200,9,14,3
4520,15,36,5
3157,3,36,4
2926,13,47,4
1889,8,28,2
2764,8,33,4
1048,7,35,2
1277,14,4,2
492,15,33,2
1487,12,8,2
2505,11,35,4
2128,1,22,2
1407,11,30,2
2050,13,5,2
845,15,5,1
4148,11,40,5
3347,7,2,3
2754,4,32,4
3614,1,46,5
4411,11,18,4
1804,8,8,2
2177,3,53,3
1342,10,50,3
3571,13,45,4
1079,4,51,2
4044,1,37,5
3218,8,22,3
1919,8,24,2
3064,7,14,3
4236,3,43,5
1376,2,35,3
1936,13,37,3
4548,4,6,4
4819,2,37,6
300,13,32,2
1571,14,13,2
2800,15,47,4
4417,1,43,5
3342,12,29,3
324,9,49,2
2266,15,29,2
2717,5,8,3
3447,3,35,4
1636,3,23,2
1668,14,59,3
2844,11,52,4
2841,9,53,4
4802,1,25,5
3842,1,15,4
4633,3,17,4
345,15,12,1
4443,13,31,4
4586,14,39,5
2119,11,43,3
1269,13,8,2
2954,5,47,4
736,13,46,2
224,12,4,1
1609,1,16,2
296,5,58,2
2361,13,50,3
2608,5,31,3
2676,6,60,4
4693,8,34,5
4586,1,38,5
3882,12,53,5
367,9,38,2
1417,11,18,2
1338,9,55,3
3859,1,49,5
4634,6,21,4
1707,10,34,3
2768,6,28,3
3320,8,38,4
747,8,21,1
2011,2,35,3
3709,12,32,5
3767,9,6,4
3294,10,19,3
2985,1,20,3
3845,5,39,5
3936,10,18,4
4932,2,24,5
4832,10,44,6
3768,1,48,5
3933,13,3,4
684,7,45,2
516,9,25,1
2620,2,52,4
436,8,58,2
355,5,61,2
459,6,49,2
2770,10,45,4
2166,14,2,2
745,12,53,2
811,7,23,1
1695,13,15,2
4058,4,40,5
4598,3,41,5
2272,2,14,2
3351,15,13,3
1036,15,8,1
4663,11,3,4
777,1,54,2
2472,4,4,3
2803,6,41,4
650,3,37,2
4758,3,58,5
3048,10,14,3
215,8,61,2
182,5,59,2
2593,2,40,4
1238,10,31,2
908,9,45,2
4254,12,37,5
1880,14,38,3
1356,15,15,2
1697,1,27,2
2085,6,48,3
4553,5,41,5
4283,3,8,4
3236,15,29,3
4730,12,9,4
2442,1,16,3
1183,1,6,1
2076,5,34,3
655,7,45,2
4943,8,44,6
1193,3,58,2
3071,7,37,4
2042,8,50,3
4055,3,60,5
3731,12,58,5
237,12,37,2
3884,10,63,5
1005,15,4,1
4181,8,63,5
3359,5,23,3
2476,12,23,3
4240,5,33,5
4861,8,39,6
2183,6,51,3
3826,6,24,4
4958,12,54,6
4937,14,57,6
4546,13,22,4
2826,6,5,3
3984,10,16,4
1567,1,46,3
296,1,22,1
167,3,21,1
3241,2,21,3
1864,9,58,3
2946,2,54,4
1832,4,55,3
3431,11,26,3
3372,14,46,4
4744,14,62,5
4313,7,59,5
613,10,54,2
4884,15,32,6
1354,12,5,2
3956,7,57,5
4107,12,30,4
2454,11,36,4
4565,6,31,4
1595,14,59,3
3729,5,10,4
4813,14,38,6
3633,6,6,4
314,3,58,2
3732,7,19,4
3572,6,34,4
3873,14,14,4
4367,4,34,5
1854,2,50,3
903,1,41,2
4511,9,38,5
4666,8,3,4
1732,15,45,3
3385,4,43,4
1578,10,13,2
1673,11,30,2
1700,1,30,2
1604,4,48,3
953,5,49,2
2530,1,24,3
4559,15,41,5
2482,9,61,4
2434,14,54,4
3071,7,6,3
4518,12,37,5
900,13,32,2
4602,7,24,4
2495,15,17,3
520,15,9,1
750,12,10,1
4975,1,55,6
3460,12,3,3
2808,9,19,3
1533,10,48,3
2635,8,20,3
3206,14,38,4
2520,6,41,4
986,14,9,1
1271,4,58,3
3877,6,18,4
4812,11,6,5
2914,4,9,3
342,2,11,1
1007,9,4,1
643,15,4,1
4292,10,32,5
403,2,28,1
2116,7,29,2
1310,12,39,3
968,3,37,2
1675,11,62,3
218,4,28,1
1691,3,17,2
3335,14,16,3
303,15,9,1
2665,3,40,4
657,6,50,2
3802,11,29,4
2553,13,16,3
454,6,61,2
3254,2,25,3
1274,15,6,2
2261,14,7,2
1699,14,61,3
707,14,56,2
110,1,6,1
1703,6,26,2
416,13,41,2
2735,1,8,3
3739,12,57,5
4886,6,32,6
4258,14,62,5
4205,15,4,4
4694,13,53,5
3131,10,19,3
3066,6,30,3
4071,1,2,4
2319,5,52,3
4432,4,57,5
1240,6,30,2
4006,8,60,5
339,1,41,2
2533,2,34,4
1740,2,48,3
4765,9,25,4
3945,6,48,5
269,10,36,2
1908,9,48,3
520,15,8,1
2063,4,34,3
1146,14,5,1
2443,14,36,4
3384,9,35,4
3855,9,11,4
3330,1,11,3
2368,9,38,3
2381,5,21,2
573,15,45,2
4676,15,18,4
3858,10,42,5
4973,10,14,5
2340,11,8,2
4514,7,31,4
2585,5,23,3
737,2,12,1
4281,5,14,4
2396,1,24,2
4972,1,11,5
4218,2,29,4
3077,4,18,3
1651,10,48,3
3418,12,31,3
801,9,23,1
3171,6,50,4
826,11,41,2
2724,9,21,3
2772,5,7,3
3209,9,19,3
989,1,32,2
4107,13,27,4
875,15,48,2
3971,1,3,4
1675,6,61,3
1829,2,46,3
4627,7,32,5
3440,9,51,4
2270,15,14,2
1809,7,39,3
2730,14,36,4
102,13,26,1
4132,9,33,5
4340,13,30,4
1408,15,63,3
2219,4,36,3
2057,13,29,2
1323,7,20,2
2923,11,20,3
4604,10,8,4
4557,1,50,5
2458,15,20,3
2320,10,9,2
2622,6,15,3
1177,9,36,2
1225,6,9,2
4731,14,50,5
1924,12,37,3
4352,7,3,4
1395,10,30,2
2014,15,25,2
4612,1,16,4
1378,4,9,2
1280,11,38,3
3280,7,4,3
2853,6,43,4
2152,9,51,3
1560,4,12,2
1679,14,8,2
2659,11,40,4
4777,11,6,4
2738,3,22,3
3782,1,23,4
665,12,33,2
1324,8,39,3
3357,1,8,3
3828,5,59,5
1722,14,27,2
1425,2,28,2
1600,12,54,3
3786,14,54,5
3600,6,44,4
4561,8,52,5
3233,4,5,3
2272,1,19,2
4848,13,3,5
1637,12,59,3
3182,7,34,4
4564,5,2,4
3761,2,31,4
312,12,44,2
2256,6,61,3
276,6,40,2
2184,5,26,2
3132,13,27,3
4765,13,32,5
1061,13,17,1
1086,6,5,1
4356,9,14,4
4194,15,28,4
3061,12,58,4
2067,15,15,2
4270,9,53,5
1322,7,17,2
4089,13,10,4
2585,3,31,3
4905,12,10,5
1496,9,40,3
1944,13,28,2
3993,13,8,4
4073,12,58,5
2979,10,44,4
4889,7,56,6
2121,15,8,2
2317,4,20,2
4195,1,40,5
4288,10,17,4
3758,12,54,5
4210,6,17,4
2433,12,48,4
3194,12,35,4
4975,6,30,5
2650,6,40,4
703,11,33,2
962,14,16,1
3841,15,34,5
222,4,22,1
1395,9,32,3
1281,5,40,3
2727,1,61,4
4636,4,30,4
964,10,17,1
1842,11,46,3
4721,3,24,4
1829,14,38,3
2163,11,8,2
2440,8,33,4
4974,6,41,6
4356,10,44,5
3429,10,31,3
3234,7,11,3
439,10,16,1
2436,2,14,3
1108,1,54,2
901,13,59,2
3249,2,23,3
1061,6,40,2
341,13,24,1
3115,12,54,4
2046,5,35,3
1579,8,7,2
2519,4,46,4
705,3,33,2
1426,4,54,3
2040,15,39,3
3370,9,13,3
1335,12,32,3
3488,8,45,4
3926,11,16,4
2033,15,13,2
1640,8,36,3
4354,11,2,4
4763,6,45,5
293,13,26,1
2685,15,11,3
1605,5,34,3
2853,14,59,4
1744,11,58,3
3506,8,43,4
851,12,53,2
4465,14,45,5
3079,4,16,3
4052,10,9,4
920,15,39,2
1113,6,49,2
2594,9,29,3
2881,12,9,3
4175,14,25,4
4637,14,3,4
613,3,4,1
3450,9,26,3
417,13,35,2
3283,11,37,4
4523,8,18,4
2206,3,53,3
2095,7,20,2
4031,5,30,4
1036,7,63,2
3076,4,53,4
4420,15,62,5
4577,13,20,4
2482,3,38,4
4013,7,37,5
1428,12,31,2
4965,14,12,5
4326,6,10,4
3834,5,54,5
886,4,38,2
4940,6,35,6
373,15,21,1
774,1,5,1
1356,15,6,2
4121,12,54,5
1118,8,14,1
4844,14,5,5
1346,6,11,2
3400,14,46,4
1045,11,45,2
3700,5,45,5
318,8,3,1
952,4,63,2
4500,15,56,5
3929,2,47,5
4441,5,11,4
4081,7,48,5
282,5,3,1
4684,7,17,4
4710,2,8,4
4131,12,10,4
4411,1,48,5
1347,3,25,2
987,1,10,1
1707,3,47,3
762,3,30,1
1843,8,9,2
1836,5,13,2
4725,3,3,4
724,5,10,1
585,8,8,1
2467,10,30,3
3981,15,33,5
3015,11,21,3
305,10,59,2
1467,1,24,2
452,7,26,1
3030,13,16,3
981,5,34,2
1664,4,37,3
472,3,31,1
2293,12,17,2
4024,7,10,4
2711,12,45,4
1165,10,11,1
3591,13,37,4
4075,14,56,5
1849,2,33,3
3298,14,48,4
2149,13,51,3
662,8,15,1
1010,13,36,2
1483,4,57,3
1776,10,15,2
2329,2,2,2
483,14,52,2
3885,13,25,4
4782,2,13,4
2052,11,49,3
689,15,55,2
1733,10,59,3
3599,1,42,4
743,10,54,2
4559,8,10,4
1277,11,14,2
4197,8,58,5
1664,6,27,2
3068,2,16,3
3642,3,45,5
4576,9,57,5
1089,7,17,1
880,14,11,1
3851,12,18,4
3974,13,41,5
4705,5,57,5
2698,5,46,4
2701,7,11,3
3406,1,48,4
1916,1,48,3
4186,3,11,4
4817,9,62,6
4793,8,36,5
1338,12,42,3
3940,3,9,4
608,15,11,1
522,12,8,1
3969,8,35,5
1857,4,2,2
554,7,6,1
2400,14,18,2
3888,2,49,5
258,5,21,1
3306,12,5,3
3298,5,47,4
857,11,35,2
384,5,37,2
1174,9,48,2
816,13,2,1
3411,9,51,4
2008,2,61,3
1116,10,41,2
2226,12,30,2
1985,9,21,2
1066,1,30,1
193,5,17,1
2491,15,17,3
3278,10,37,4
2904,1,46,4
4560,3,41,5
193,10,58,2
3273,12,25,3
1657,12,18,2
4581,6,28,4
1018,10,41,2
1741,9,10,2
3386,4,21,3
2617,2,47,4
2337,5,25,2
4350,1,43,5
4928,10,22,5
136,13,18,1
2473,7,40,4
2675,11,51,4
3295,15,32,4
2989,12,15,3
1041,2,38,2
3400,15,14,3
1871,8,30,2
3580,14,34,4
1795,9,22,2
2804,13,44,4
563,2,7,1
2541,2,16,3
3045,13,15,3
3200,14,33,4
2385,10,10,2
2014,9,47,3
4839,12,11,5
3457,8,20,3
1312,7,4,2
3101,1,33,4
2351,9,2,2
261,4,17,1
1457,6,39,3
1275,2,46,3
955,13,60,2
4540,5,53,5
204,11,33,2
3903,1,3,4
4353,12,37,5
1050,5,58,2
4796,12,20,4
1019,8,48,2
2379,5,16,2
522,7,57,2
4400,12,6,4
869,8,15,1
2675,1,6,3
2299,8,12,2
4672,11,28,4
4554,11,40,5
1332,1,38,3
4719,8,8,4
3248,15,3,3
1624,14,50,3
159,15,43,2
2917,14,24,3
987,10,22,1
4147,2,56,5
774,4,50,2
2076,1,24,2
261,1,2,1
4577,4,62,5
1998,15,30,2
2164,12,52,3
2182,13,36,3
1327,11,36,3
4552,13,38,5
4457,4,48,5
1559,4,19,2
2221,8,34,3
4602,4,7,4
3894,15,11,4
1294,5,29,2
3755,11,59,5
1708,12,13,2
1317,10,5,2
4613,11,50,5
1589,2,26,2
1790,10,8,2
3668,11,39,5
4943,10,21,5
3838,9,62,5
4169,7,56,5
547,13,45,2
1311,12,24,2
4404,1,60,5
1196,4,9,1
195,7,42,2
2993,12,59,4
4246,9,18,4
4758,4,30,4
1683,7,49,3
3975,8,36,5
3452,8,55,4
4328,3,54,5
941,13,27,1
1461,15,58,3
4681,15,11,4
3863,15,12,4
186,12,16,1
1171,5,19,1
1990,7,5,2
4868,6,28,5
3977,8,46,5
2596,2,6,3
4713,8,7,4
1784,12,11,2
3198,10,20,3
4670,13,51,5
4687,9,13,4
745,13,60,2
907,3,25,1
4348,11,17,4
2646,5,10,3
2984,8,14,3
4897,5,19,5
178,2,33,2
3217,10,45,4
1555,4,62,3
2569,10,20,3
3764,14,39,5
4725,9,22,4
2022,9,57,3
1990,14,22,2
974,10,58,2
1763,8,50,3
2504,6,61,4
2889,5,61,4
1308,5,7,2
2916,1,56,4
410,7,3,1
3785,5,7,4
2516,3,18,3
4526,5,63,5
2963,1,52,4
3575,4,31,3
4552,15,51,5
4074,10,56,5
2789,2,12,3
4446,4,26,4
395,11,36,2
2769,15,52,4
1132,11,10,1
4829,4,26,5
2446,13,46,4
1988,8,9,2
4920,7,4,5
1073,1,27,1
4757,15,39,5
4798,11,53,5
1133,3,23,1
1333,8,25,2
2854,12,22,3
3559,14,17,3
1592,12,47,3
2297,3,37,3
4908,13,11,5
4559,6,3,4
396,10,34,2
1612,10,28,2
3827,2,18,4
680,14,12,1
753,2,62,2
3607,3,10,4
1137,3,58,2
786,8,11,1
2931,2,12,3
1703,2,16,2
2914,8,3,3
186,13,18,1
940,13,12,1
3781,14,44,5
4326,5,39,5
1490,9,33,3
3345,7,6,3
3698,7,19,4
910,13,47,2
1388,7,38,3
3008,5,49,4
3210,8,47,4
330,8,51,2
2634,3,3,3
4252,10,40,5
2201,14,28,2
2568,8,9,3
4141,5,44,5
2101,13,29,2
3583,13,58,4
4254,3,54,5
2577,9,29,3
2594,4,54,4
1542,15,62,3
2006,6,57,3
3384,14,50,4
3741,10,62,5
2800,3,6,3
4073,11,31,4
2960,14,44,4
232,3,28,1
2172,15,28,2
4907,5,26,5
4016,11,28,4
147,12,13,1
2207,3,5,2
890,1,53,2
1977,2,58,3
3961,6,56,5
2211,13,35,3
728,2,51,2
3709,14,25,4
4807,10,37,6
1842,8,59,3
4169,6,54,5
3589,15,18,3
4767,6,33,5
1788,11,53,3
2713,11,55,4
2558,6,61,4
120,5,56,2
4742,15,45,5
3863,13,46,5
4649,2,63,5
1277,6,60,3
3826,13,13,4
2820,8,7,3
3068,15,33,4
3892,11,3,4
2831,12,60,4
4983,11,17,5
4941,15,46,6
411,10,56,2
1445,7,61,3
2778,14,28,3
619,3,5,1
4259,6,29,4
1792,8,17,2
3603,7,24,4
2796,1,48,4
2731,12,46,4
114,7,11,1
3653,4,62,5
1442,11,62,3
2238,13,19,2
3081,10,36,4
3440,15,54,4
1603,13,5,2
3270,3,22,3
2135,8,59,3
1425,2,60,3
2951,7,27,3
3706,6,17,4
4111,8,37,5
4328,4,20,4
615,2,22,1
513,9,36,2
3276,3,40,4
4420,3,54,5
1363,5,38,3
4611,14,58,5
4612,9,22,4
4081,13,22,4
1739,1,14,2
3949,4,2,4
1740,10,36,3
2078,4,49,3
3671,2,34,5
1930,15,39,3
502,13,51,2
2123,8,54,3
2125,1,10,2
4302,15,32,5
1126,10,23,1
3931,6,56,5
746,7,58,2
426,12,7,1
2904,11,49,4
3735,11,60,5
4633,3,28,4
4770,13,24,4
2979,12,31,3
4190,10,4,4
105,12,21,1
3885,12,52,5
739,5,23,1
407,10,22,1
1543,2,16,2
1032,12,50,2
1443,12,59,3
3418,14,43,4
3966,15,56,5
2020,6,16,2
531,14,51,2
4360,3,48,5
1471,15,16,2
3482,12,6,3
1317,1,42,3
3941,3,21,4
1739,9,23,2
373,12,53,2
2828,7,60,4
965,4,56,2
3294,13,29,3
4935,14,58,6
2650,12,28,3
1290,7,14,2
1582,13,55,3
2763,6,63,4
1638,14,15,2
4884,13,11,5
4167,10,11,4
2291,13,60,3
4678,2,20,4
1246,2,28,2
2483,11,25,3
3780,10,42,5
432,14,44,2
3407,11,2,3
163,3,28,1
3365,11,9,3
1293,6,55,3
2111,4,18,2
1743,8,42,3
1923,7,29,2
3164,13,45,4
3881,6,44,5
296,8,28,1
123,5,34,2
3426,9,25,3
676,1,2,1
4986,4,45,6
691,2,9,1
2155,6,46,3
4752,9,3,4
2620,14,48,4
465,14,19,1
4176,8,16,4
3243,9,62,4
3053,6,62,4
4258,11,43,5
2697,14,41,4
3448,14,5,3
1686,9,40,3
3677,6,16,4
765,5,27,1
892,3,14,1
3381,12,11,3
2611,12,59,4
2392,12,38,3
2576,3,45,4
2126,9,35,3
147,9,28,1
2161,13,28,2
2538,3,51,4
2825,3,46,4
3284,5,25,3
1210,1,52,3
594,1,32,2
4444,2,11,4
1748,10,57,3
3397,6,14,3
3354,2,20,3
4276,2,45,5
2064,6,38,3
3958,9,4,4
3264,4,50,4
1829,3,16,2
4682,2,63,5
3783,12,10,4
795,2,54,2
3908,13,4,4
4770,15,5,4
4581,2,30,4
3554,7,30,3
2802,13,32,4
2593,6,61,4
1391,7,23,2
4454,3,41,5
353,2,19,1
1388,5,3,2
529,11,45,2
1677,10,61,3
4909,14,36,6
1288,15,13,2
4974,7,23,5
3872,15,58,5
4478,2,42,5
169,6,27,1
3265,9,26,3
2446,12,33,4
2118,8,10,2
2960,12,39,4
2037,11,60,3
3433,13,11,3
2146,12,36,3
2288,5,49,3
1353,5,54,3
4975,4,33,6
1836,12,55,3
402,15,42,2
3434,5,42,4
650,5,4,1
1819,10,62,3
4408,7,56,5
502,2,31,1
3454,5,42,4
3749,12,45,5
919,2,36,2
456,5,59,2
207,8,6,1
3512,14,31,3
705,15,2,1
1957,5,10,2
3136,3,59,4
2371,11,50,3
815,13,5,1
2906,15,47,4
2014,5,21,2
1578,13,25,2
1061,10,38,2
3958,1,45,5
4886,10,14,5
4021,13,14,4
1317,15,20,2
656,2,50,2
483,1,18,1
4619,1,21,4
4585,15,40,5
3852,1,16,4
3090,15,57,4
1018,6,34,2
4012,7,30,4
4616,5,9,4
4893,15,22,5
3064,4,55,4
3070,4,63,4
3722,7,41,5
1857,4,11,2
3199,11,50,4
951,12,2,1
2322,13,33,3
658,5,25,1
4681,11,15,4
3559,6,29,3
3360,5,41,4
3679,14,53,5
2752,13,28,3
3774,7,61,5
2660,11,16,3
2182,15,62,3
2139,6,54,3
199,6,26,1
1768,6,63,3
3407,11,51,4
4867,11,63,6
2058,13,2,2
4944,3,56,6
2754,6,43,4
2187,9,5,2
1359,2,40,3
173,3,28,1
3051,14,32,4
2176,3,52,3
3194,3,44,4
4711,14,21,4
2391,6,43,3
4741,11,25,4
716,2,18,1
3849,13,31,4
1952,12,40,3
4222,9,8,4
1206,15,55,3
4354,5,60,5
4070,3,34,5
1600,15,60,3
1968,8,43,3
766,14,5,1
3103,7,9,3
4828,5,3,5
2342,6,43,3
745,1,30,1
1118,13,60,2
4656,13,35,5
2174,15,54,3
2392,6,18,2
229,11,41,2
1443,14,59,3
3403,10,21,3
1295,14,39,3
1711,12,30,2
2714,15,7,3
3410,8,63,4
3804,13,21,4
3578,10,54,4
1827,6,28,2
2076,4,7,2
2669,1,50,4
1112,9,7,1
2438,5,47,4
2793,12,8,3
3138,15,39,4
4962,1,37,6
4929,3,7,5
1503,10,35,3
3890,13,2,4
4277,14,31,4
4184,8,23,4
731,14,49,2
3995,9,18,4
4255,15,43,5
881,6,21,1
3857,2,33,5
883,11,33,2
520,6,7,1
3232,5,7,3
4057,7,9,4
3575,13,45,4
4988,9,12,5
689,13,30,1
2568,10,34,4
1928,12,2,2
1453,10,28,2
1388,11,9,2
4017,6,14,4
1531,5,38,3
1193,3,38,2
637,3,43,2
4367,5,52,5
1618,4,43,3
2579,2,30,3
3219,11,27,3
3723,2,42,5
273,3,27,1
2499,13,41,4
497,13,33,2
864,8,43,2
2407,15,61,4
1890,5,25,2
4847,5,4,5
3142,5,14,3
3682,2,12,4
473,11,58,2
1886,6,6,2
2042,1,2,2
1126,4,35,2
736,8,45,2
397,9,56,2
2611,15,33,4
1072,15,14,1
3318,6,18,3
2303,11,3,2
4312,10,22,4
3820,6,22,4
3867,15,7,4
2257,11,55,3
1012,4,31,1
2760,15,60,4
4911,7,16,5
153,14,16,1
2687,11,46,4
3621,5,48,5
4435,1,10,4
2403,15,13,3
4220,12,8,4
2246,12,25,2
818,9,22,1
2836,8,10,3
2527,10,33,4
3090,1,3,3
4769,15,8,4
516,1,3,1
4687,9,57,5
269,15,46,2
698,2,13,1
2377,4,54,3
2155,14,60,3
4567,11,57,5
3081,1,54,4
3175,10,16,3
1299,3,36,3
2600,6,52,4
4083,15,7,4
4000,14,60,5
1744,3,8,2
885,4,12,1
3200,14,56,4
1726,15,4,2
3365,13,35,4
3091,11,32,4
4911,9,22,5
1203,3,30,2
3260,5,20,3
884,8,8,1
4704,15,44,5
2327,5,12,2
4749,7,62,5
3734,12,4,4
1873,10,57,3
3356,14,40,4
2938,6,44,4
2847,14,57,4
1822,8,45,3
2590,12,46,4
2349,15,61,3
3790,6,34,5
1196,7,29,1
2368,8,40,3
1725,5,53,3
2779,8,33,4
3904,2,58,5
487,6,53,2
1732,6,5,2
4058,14,36,5
4039,7,18,4
2535,14,36,4
260,14,43,2
2801,7,38,4
595,4,61,2
3052,9,27,3
3259,3,49,4
2979,9,18,3
2337,9,35,3
188,3,50,2
1258,14,9,2
4689,11,10,4
360,14,8,1
349,15,2,1
695,13,53,2
3800,3,41,5
190,1,42,2
2541,7,53,4
2569,8,17,3
285,7,51,2
3658,14,3,4
1336,7,53,3
1075,14,9,1
2807,11,23,3
3989,5,59,5
3993,7,57,5
4113,10,28,4
139,4,19,1
2299,14,17,2
4188,15,52,5
1720,1,27,2
413,11,23,1
3678,10,59,5
729,4,2,1
4373,15,33,5
4214,4,47,5
371,14,23,1
1207,4,28,2
937,15,39,2
2768,6,45,4
1860,15,34,3
588,15,31,1
502,15,63,2
4712,1,20,4
2730,4,34,4
2546,14,62,4
2144,1,55,3
729,1,26,1
1605,5,7,2
4633,12,49,5
4512,11,61,5
4084,14,30,4
175,10,61,2
1406,9,63,3
3667,9,16,4
892,13,13,1
446,1,60,2
2277,6,39,3
761,9,16,1
1475,11,32,3
3993,1,51,5
1268,2,2,2
1115,15,21,1
584,10,30,1
3416,3,49,4
1367,5,12,2
1242,11,63,3
765,10,10,1
2699,11,17,3
1294,8,17,2
399,11,34,2
1313,15,56,3
1051,12,20,1
1930,12,26,2
1761,14,51,3
4975,3,35,6
632,7,40,2
2234,1,25,2
4976,11,50,6
4753,13,33,5
4819,11,58,6
1623,10,40,3
1313,15,4,2
1691,15,14,2
1252,5,31,2
2588,2,24,3
3281,5,61,4
1977,5,31,2
1791,10,13,2
231,6,63,2
3370,11,46,4
3083,5,39,4
152,1,25,1
1605,10,25,2
4533,15,31,4
2198,2,18,2
3033,7,16,3
3965,3,37,5
2262,11,51,3
4037,8,25,4
3922,13,33,5
2980,2,25,3
4452,3,4,4
3484,10,62,4
4718,7,53,5
922,1,46,2
3212,10,2,3
716,5,21,1
4126,7,22,4
3713,1,13,4
2428,1,57,4
4451,14,37,5
1443,4,45,3
316,11,22,1
549,7,20,1
1821,1,20,2
1379,6,38,3
1209,14,3,2
3865,14,34,5
3418,4,38,4
757,5,11,1
883,15,33,2
1282,11,31,2
4698,2,62,5
1683,2,18,2
3807,10,31,4
1968,9,15,2
4869,6,6,5
3405,11,37,4
475,14,14,1
159,13,59,2
4747,12,17,4
756,3,14,1
3340,12,60,4
923,12,30,1
3243,15,25,3
4084,2,19,4
3310,9,40,4
3863,7,9,4
3535,9,6,3
1750,8,49,3
3302,8,15,3
349,5,4,1
1260,15,7,2
3682,7,46,5
173,5,18,1
4715,10,52,5
883,7,58,2
4974,6,44,6
2426,4,43,4
1051,7,30,1
3165,6,54,4
1785,7,23,2
4043,10,42,5
1525,1,44,3
2795,15,35,4
2792,14,56,4
4968,9,7,5
4726,10,44,5
2100,8,61,3
480,3,42,2
4256,1,28,4
2080,13,50,3
2335,11,15,2
2533,2,21,3
2650,11,28,3
4373,12,4,4
3348,6,18,3
213,7,5,1
307,11,43,2
2138,15,14,2
554,14,55,2
701,2,2,1
1856,12,42,3
1681,8,22,2
1226,6,4,2
1003,5,48,2
753,5,26,1
2007,6,43,3
177,14,45,2
4230,1,60,5
687,3,2,1
526,7,15,1
2278,6,35,3
2604,7,63,4
3278,2,62,4
3104,13,41,4
2426,6,4,3
3891,5,43,5
707,3,10,1
4132,10,6,4
1127,2,26,1
2365,12,61,3
1758,14,34,3
1995,5,6,2
385,7,13,1
3529,6,53,4
1284,11,40,3
1540,13,12,2
3703,3,34,5
2114,6,17,2
2213,14,4,2
4425,9,6,4
3386,3,41,4
2903,2,63,4
111,9,57,2
2760,11,20,3
785,14,49,2
1352,13,12,2
341,12,22,1
3987,5,61,5
312,1,10,1
3021,1,44,4
4536,9,19,4
3208,11,13,3
2592,8,44,4
4114,2,40,5
4670,15,24,4
3803,1,51,5
2676,10,39,4
1923,9,41,3
1005,4,14,1
1301,13,36,3
1070,6,58,2
885,11,57,2
805,4,29,1
4614,12,63,5
3689,10,36,5
4906,4,24,5
3410,11,16,3
2736,8,9,3
713,9,16,1
677,5,2,1
4907,3,36,6
1196,13,59,2
266,12,13,1
3988,11,10,4
2992,7,40,4
1862,2,34,3
3343,13,22,3
2392,2,32,3
2451,14,61,4
481,13,31,1
3328,14,44,4
3823,12,43,5
266,13,20,1
3151,9,35,4
1998,6,46,3
3471,9,63,4
961,13,18,1
4290,5,35,5
3640,12,2,4
4653,1,55,5
3687,2,26,4
629,3,36,2
3615,10,59,5
2768,8,11,3
995,11,34,2
1761,3,15,2
419,3,55,2
1736,13,7,2
3575,7,51,4
791,9,21,1
2451,4,63,4
4035,12,62,5
1368,4,47,3
343,9,13,1
2572,5,28,3
4928,6,12,5
3992,7,16,4
2235,6,29,2
2560,12,54,4
2698,13,39,4
693,2,55,2
4205,9,3,4
2130,2,15,2
3436,9,6,3
1813,13,48,3
2094,6,38,3
367,5,11,1
485,8,15,1
1597,15,19,2
3188,2,56,4
2182,14,59,3
2857,1,35,4
2950,14,18,3
4395,7,29,4
4163,6,39,5
4485,4,32,5
3182,4,34,4
4070,11,37,5
3253,6,53,4
1461,7,55,3
3033,2,61,4
278,7,48,2
3766,13,54,5
3916,14,5,4
1212,10,55,3
4815,7,59,6
613,12,38,2
4965,6,24,5
4328,3,22,4
3076,8,26,3
1791,1,52,3
4757,8,16,4
268,12,15,1
3117,12,14,3
3495,7,51,4
916,2,62,2
2293,1,34,3
2996,8,22,3
2556,15,44,4
3567,4,45,4
2962,11,62,4
3128,13,25,3
3767,12,26,4
2752,14,36,4
2214,10,24,2
4906,12,49,6
1695,10,5,2
1988,9,49,3
3383,12,56,4
1038,11,22,1
2568,4,39,4
3654,13,25,4
440,11,27,1
2327,13,62,3
1377,12,59,3
1119,11,26,1
939,11,9,1
2390,13,7,2
2055,8,61,3
4333,8,54,5
3519,1,37,4
225,5,63,2
3573,11,35,4
4031,4,41,5
3938,4,4,4
357,9,17,1
653,12,7,1
4802,11,50,6
1845,12,22,2
3699,3,4,4
1101,8,47,2
4744,12,2,4
4906,9,8,5
2281,8,25,2
3577,4,43,4
469,2,58,2
962,10,21,1
3920,7,35,5
4369,3,47,5
1433,6,9,2
519,3,26,1
396,4,53,2
4186,2,39,5
2982,12,29,3
890,11,38,2
416,15,62,2
3444,5,26,3
2880,10,13,3
243,7,44,2
929,2,21,1
2774,5,56,4
3564,6,19,3
2906,15,34,4
3749,6,34,5
3494,13,38,4
1394,2,40,3
630,14,13,1
625,2,38,2
1266,2,15,2
3770,3,21,4
3438,2,63,4
2210,9,42,3
4390,10,51,5
2830,5,19,3
1764,9,11,2
4190,8,18,4
952,5,6,1
3196,13,29,3
4269,7,38,5
4405,12,34,5
324,2,39,2
3736,10,22,4
518,15,40,2
508,10,44,2
230,7,29,1
3094,5,2,3
3644,6,4,4
3098,9,14,3
2293,8,49,3
3094,2,27,3
1153,10,46,2
2187,6,42,3
3793,1,7,4
1153,8,51,2
1467,15,62,3
701,1,26,1
2980,15,36,4
1476,2,20,2
1195,4,51,2
3563,10,38,4
2094,2,36,3
1397,14,23,2
1227,5,38,3
3748,11,12,4
2541,7,26,3
3208,7,27,3
4480,10,11,4
1809,5,47,3
827,14,29,1
1653,3,20,2
2738,5,20,3
2051,13,37,3
2121,4,54,3
3406,6,43,4
1655,1,57,3
2949,1,19,3
684,13,27,1
3596,8,50,4
1477,6,56,3
4358,14,9,4
3356,9,6,3
1499,10,9,2
2942,12,31,3
2421,12,9,3
4862,1,37,6
4930,15,11,5
2047,7,28,2
1266,1,52,3
3730,12,62,5
1927,7,42,3
835,15,16,1
1168,7,21,1
3802,13,39,5
1280,8,19,2
3653,14,56,5
1273,13,45,3
2475,5,40,4
3482,8,55,4
4079,10,13,4
3653,13,47,5
2803,5,47,4
2962,9,44,4
1631,11,50,3
4268,8,19,4
3966,13,36,5
2143,13,52,3
4590,14,39,5
962,11,28,1
3826,7,9,4
3716,13,36,5
4394,7,53,5
2874,3,33,4
4551,6,10,4
3193,6,45,4
1956,11,9,2
669,14,9,1
1918,5,2,2
3630,2,26,4
1110,13,8,1
3823,10,33,5
3615,7,63,5
2475,5,11,3
1584,14,49,3
1668,2,37,3
4821,13,46,6
1584,14,23,2
1405,4,18,2
4762,12,62,5
2514,11,12,3
4375,1,48,5
492,12,57,2
3122,12,49,4
1436,8,42,3
4380,15,17,4
218,5,26,1
3474,8,31,3
979,1,13,1
183,8,42,2
1106,13,48,2
537,5,62,2
762,7,50,2
2471,3,27,3
4385,13,27,4
1078,13,13,1
671,3,43,2
520,13,58,2
2949,9,32,4
1858,15,27,2
1551,7,39,3
902,11,60,2
2808,6,29,3
1323,4,7,2
3509,5,2,3
2700,15,3,3
4450,8,28,4
2624,1,43,4
563,2,9,1
604,3,51,2
633,11,11,1
1253,5,10,2
2319,13,53,3
4426,11,12,4
694,15,5,1
4205,8,31,4
2231,5,61,3
2025,5,38,3
4574,15,40,5
2649,6,28,3
1994,9,18,2
4811,9,10,5
2187,9,48,3
3571,15,7,3
1739,12,30,2
4067,11,6,4
3531,11,46,4
809,13,54,2
3568,5,50,4
2087,6,2,2
4757,7,56,5
3101,3,19,3
1770,13,15,2
2920,1,13,3
2663,2,5,3
4714,4,9,4
4782,9,7,4
2334,1,61,3
1685,13,21,2
2984,6,24,3
3328,4,56,4
3610,6,18,4
3034,2,2,3
2748,2,54,4
3366,14,40,4
4225,7,39,5
1089,5,50,2
4768,6,56,5
1423,14,50,3
1691,14,15,2
178,4,3,1
2965,14,17,3
3309,1,60,4
3956,8,46,5
1816,1,49,3
2092,8,46,3
2868,11,27,3
3292,1,12,3
3197,10,56,4
2953,10,34,4
3040,14,14,3
959,4,28,1
1409,6,63,3
4942,1,13,5
3226,9,38,4
4844,7,48,6
3167,1,4,3
3195,10,5,3
4409,2,16,4
4983,5,29,5
2199,15,48,3
3223,3,15,3
4494,1,25,4
4803,5,42,6
4845,8,7,5
4517,12,12,4
4808,1,30,5
4210,6,17,4
1429,1,14,2
4255,8,12,4
2436,5,35,4
1801,3,19,2
4663,12,58,5
4387,15,42,5
2499,12,48,4
4807,12,47,6
4130,8,11,4
4510,10,40,5
4412,8,63,5
4204,3,37,5
1568,7,31,2
2228,1,16,2
3788,3,53,5
528,7,19,1
3238,3,30,3
469,15,59,2
460,11,30,1
3251,7,23,3
1653,3,56,3
4849,3,24,5
4845,2,30,5
2537,5,45,4
870,11,7,1
3769,1,61,5
4581,11,39,5
2991,12,45,4
3095,14,54,4
240,4,25,1
643,12,6,1
1545,12,42,3
3560,11,24,3
1013,4,35,2
237,10,13,1
1846,3,12,2
4846,15,4,5
4793,5,25,4
2305,4,30,2
3867,8,42,5
2205,11,32,3
1098,15,9,1
991,8,3,1
1056,10,30,1
1081,1,59,2
1342,8,38,3
3078,11,17,3
3217,13,61,4
4998,9,42,6
2503,4,9,3
3272,11,37,4
1759,15,15,2
826,15,13,1
1568,8,56,3
4296,15,28,4
4358,12,20,4
1127,15,52,2
1639,9,52,3
3734,2,55,5
3188,13,14,3
2489,11,30,3
2844,9,58,4
2794,6,52,4
3007,9,4,3
4433,11,9,4
2126,11,62,3
3659,8,57,5
944,15,59,2
3367,14,15,3
1251,4,8,2
539,11,5,1
1404,7,50,3
3255,15,22,3
2310,3,46,3
1452,1,13,2
4590,4,32,5
3288,4,10,3
3961,15,8,4
1413,13,46,3
2276,14,36,3
1372,13,41,3
2023,5,12,2
3626,13,38,5
1455,4,43,3
3065,9,3,3
1364,5,35,3
1030,5,55,2
512,14,36,2
4308,8,39,5
3060,7,17,3
2303,12,52,3
4173,2,33,5
4620,1,53,5
2164,1,16,2
3675,1,11,4
4841,10,13,5
2063,13,14,2
3162,6,31,3
972,5,48,2
3970,9,23,4
1388,6,8,2
3893,14,17,4
920,10,46,2
735,10,34,2
101,12,58,2
3385,12,24,3
4599,5,42,5
987,13,34,2
973,7,7,1
3943,5,47,5
3401,1,33,4
3284,9,20,3
4119,4,37,5
2802,5,31,3
4395,13,4,4
2055,15,38,3
446,4,47,2
321,6,19,1
4617,9,35,5
1079,1,56,2
4385,4,17,4
1848,14,5,2
1333,10,5,2
3035,3,62,4
2754,3,57,4
2171,12,44,3
3945,8,8,4
3553,8,49,4
1460,7,19,2
2130,10,44,3
741,12,38,2
4733,5,36,5
3684,2,3,4
2789,5,47,4
878,4,6,1
513,14,4,1
3717,8,36,5
2976,14,57,4
4542,14,16,4
4101,6,52,5
1322,1,56,3
3914,5,57,5
3429,8,17,3
4801,1,28,5
4582,1,13,4
2530,12,6,3
4353,12,54,5
2248,15,4,2
576,3,12,1
3846,14,40,5
3401,13,7,3
328,1,61,2
4789,14,15,4
1611,14,49,3
2713,6,24,3
3284,13,43,4
4745,5,5,4
2533,12,17,3
4215,5,52,5
2611,3,8,3
2864,2,28,3
4401,1,4,4
497,2,4,1
4701,15,33,5
4461,10,49,5
2113,9,5,2
1322,10,44,3
1436,5,11,2
2718,12,2,3
1503,11,19,2
1243,8,31,2
637,3,52,2
550,5,29,1
1518,12,63,3
3033,7,44,4
2589,12,17,3
3301,2,23,3
1358,3,53,3
3623,3,31,4
3220,15,42,4
504,11,40,2
1622,9,38,3
3046,11,11,3
1239,1,26,2
4546,13,12,4
770,9,61,2
1761,14,24,2
484,14,23,1
1722,1,21,2
4398,12,6,4
4231,10,23,4
4019,7,18,4
798,12,19,1
4768,14,16,4
2479,11,31,3
1857,4,13,2
218,10,3,1
3913,8,40,5
1323,1,4,2
139,1,45,2
2994,6,15,3
1713,15,37,3
1581,15,58,3
3902,5,38,5
3339,15,52,4
4440,5,15,4
269,2,24,1
1995,2,54,3
3041,4,16,3
582,2,63,2
4615,4,8,4
4846,5,58,6
4230,4,59,5
392,6,34,2
239,12,55,2
1557,15,58,3
4092,13,50,5
3135,3,39,4
930,2,13,1
2522,1,52,4
3791,5,59,5
603,4,25,1
2613,9,62,4
3437,10,15,3
202,1,43,2
4904,9,8,5
1946,8,53,3
2031,14,21,2
4496,10,30,4
3852,12,57,5
3523,12,45,4
4673,11,55,5
4674,15,48,5
3325,4,8,3
2195,11,6,2
1948,13,37,3
1192,2,34,2
1297,15,56,3
2700,3,53,4
206,10,14,1
2927,9,33,4
2418,10,38,4
312,2,38,2
456,8,28,1
4916,10,51,6
2138,1,3,2
1025,15,58,2
1279,4,48,3
2020,3,14,2
1186,13,39,2
3590,10,57,4
3603,2,31,4
2638,3,47,4
247,3,7,1
1968,14,4,2
2626,9,52,4
2313,3,31,2
2170,9,60,3
1007,4,54,2
3433,1,20,3
4714,8,60,5
2417,10,51,4
4211,5,17,4
3921,2,5,4
3445,9,61,4
320,7,53,2
3452,6,46,4
2710,2,10,3
3832,6,56,5
674,12,9,1
2686,14,50,4
4349,7,56,5
1398,14,27,2
3396,12,10,3
157,14,58,2
4958,15,13,5
2387,5,29,2
1623,15,6,2
2546,5,50,4
4176,12,46,5
4645,4,17,4
3380,14,55,4
2578,10,20,3
2193,12,24,2
2131,1,9,2
1838,10,39,3
1194,7,19,1
4763,3,27,4
2279,15,44,3
957,5,27,1
2995,13,42,4
1705,13,16,2
1668,8,15,2
3954,2,62,5
2935,4,8,3
3631,9,26,4
3042,11,3,3
4283,13,49,5
4292,15,7,4
4945,2,10,5
623,8,57,2
2418,9,43,4
4895,12,22,5
4779,3,59,5
4222,15,12,4
3272,5,51,4
792,4,8,1
3166,10,33,4
650,13,41,2
2422,10,41,4
4824,12,28,5
113,8,14,1
3498,8,3,3
2053,11,14,2
2875,5,5,3
1760,5,57,3
4988,15,5,5
1548,14,27,2
3989,1,24,4
4306,5,21,4
3762,1,31,4
422,12,26,1
967,14,58,2
970,4,28,1
316,7,21,1
612,11,17,1
2063,12,52,3
1747,11,5,2
710,2,10,1
1778,14,8,2
4937,15,48,6
999,1,21,1
3087,2,42,4
2733,7,42,4
3116,3,62,4
1311,5,33,3
3729,1,2,4
894,10,10,1
1998,10,41,3
2175,15,20,2
206,10,41,2
4803,8,37,6
4122,4,35,5
3740,13,55,5
735,10,35,2
862,2,24,1
4734,8,2,4
813,10,37,2
222,14,57,2
4767,5,24,4
1454,2,30,2
171,9,24,1
2040,6,48,3
4651,8,24,4
392,15,43,2
4091,12,28,4
721,12,28,1
2416,2,40,4
2009,13,28,2
4510,5,24,4
3048,11,24,3
1659,3,22,2
942,8,8,1
1595,1,22,2
1086,9,46,2
3341,6,56,4
746,13,21,1
2519,1,61,4
2299,3,57,3
1608,13,33,3
2786,8,40,4
464,8,55,2
2707,3,45,4
2041,10,7,2
3083,8,54,4
1427,15,19,2
3456,6,7,3
2164,15,9,2
1869,7,51,3
4714,2,55,5
1414,1,3,2
1328,11,41,3
4329,13,47,5
3039,13,21,3
3533,1,61,4
1606,14,43,3
2689,3,57,4
4972,7,14,5
4033,9,39,5
3297,15,9,3
1835,13,27,2
3498,2,63,4
2893,6,11,3
4926,8,10,5
1276,11,29,2
4549,9,8,4
1495,10,2,2
2784,12,34,4
1074,3,44,2
2813,5,50,4
4699,5,14,4
4122,12,35,5
3390,11,12,3
1780,8,48,3
794,1,49,2
2335,11,30,2
4369,3,49,5
531,6,60,2
3233,6,48,4
1267,4,28,2
2527,15,36,4
334,5,39,2
3620,10,26,4
915,13,48,2
2098,3,41,3
260,15,46,2
2346,13,52,3
3499,4,16,3
1037,14,60,2
4714,14,3,4
3083,10,15,3
3664,10,15,4
2289,1,47,3
2982,6,56,4
3599,5,42,4
925,14,61,2
3333,14,25,3
3683,5,6,4
4801,12,35,6
1564,13,45,3
4864,4,33,6
3919,9,29,4
444,11,47,2
2215,13,14,2
2398,11,17,2
1124,9,22,1
3800,13,23,4
3607,5,24,4
421,7,33,2
4187,3,13,4
3148,15,42,4
3991,1,23,4
4730,1,54,5
4344,3,24,4
1821,3,36,3
3436,5,26,3
298,8,54,2
3253,6,48,4
4274,8,44,5
2077,7,63,3
275,1,46,2
2483,14,62,4
4128,10,31,4
823,15,58,2
2640,8,31,3
2262,1,4,2
2596,5,57,4
1421,3,56,3
3487,7,32,4
2480,5,37,4
4190,2,59,5
3022,15,55,4
4832,1,37,6
4174,14,36,5
1045,10,15,1
3793,6,23,4
2862,6,16,3
1904,14,24,2
2126,8,9,2
2434,9,51,4
586,13,25,1
2445,2,50,4
1705,13,43,3
3145,5,41,4
3029,5,57,4
2813,15,50,4
2162,14,34,3
3579,10,8,3
1461,8,39,3
3627,9,37,5
4300,5,51,5
2054,5,10,2
2943,15,35,4
2816,3,44,4
4434,14,63,5
4817,6,21,5
4385,7,20,4
2405,3,33,4
1205,15,51,3
292,2,56,2
3536,14,22,3
497,14,27,1
895,12,10,1
3036,13,37,4
3615,2,62,5
2615,9,35,4
4485,6,45,5
266,14,7,1
359,2,34,2
846,5,16,1
2852,7,19,3
4368,1,24,4
4511,14,60,5
2547,11,8,3
4307,13,15,4
4752,8,15,4
1922,11,54,3
746,13,55,2
4186,15,21,4
1430,6,35,3
1512,1,31,2
908,8,45,2
1703,13,30,2
2925,5,8,3
2980,7,31,3
1098,10,44,2
1550,4,31,2
3088,2,47,4
1204,12,47,3
1421,8,27,2
939,4,6,1
4416,14,26,4
4566,8,56,5
1878,9,31,2
123,13,35,2
3511,11,47,4
3446,13,50,4
360,4,20,1
4103,8,44,5
2875,4,31,3
4696,14,9,4
663,8,23,1
1490,1,31,2
1259,2,19,2
3409,12,24,3
1871,12,61,3
2140,10,25,2
2859,3,45,4
2220,2,45,3
2643,10,53,4
4290,8,47,5
4255,15,17,4
1558,10,9,2
3979,12,14,4
1578,11,43,3
124,9,15,1
2856,9,21,3
2976,1,33,4
1013,14,36,2
2986,13,9,3
3747,13,3,4
4557,9,37,5
3506,8,24,3
4187,8,50,5
1175,3,3,1
3202,8,29,3
283,2,6,1
3244,2,26,3
3318,4,2,3
223,7,52,2
4009,12,23,4
1817,4,8,2
1091,2,55,2
1566,14,61,3
929,5,45,2
777,8,24,1
3729,13,25,4
4987,14,27,5
709,7,15,1
2774,7,32,4
3134,9,28,3
818,12,23,1
190,5,50,2
2786,4,46,4
336,10,47,2
3343,11,37,4
3828,12,18,4
582,15,45,2
1789,9,31,2
2369,11,61,3
1613,11,22,2
3391,13,9,3
1355,11,62,3
4851,1,62,6
2476,15,3,3
3362,13,49,4
1443,6,54,3
766,11,47,2
3308,3,62,4
3127,6,7,3
4030,7,14,4
4362,1,30,4
4358,15,36,5
3568,6,31,3
945,8,47,2
3608,5,35,5
1124,5,21,1
2325,7,43,3
4114,8,16,4
3652,14,59,5
3161,15,11,3
970,7,46,2
2391,3,25,2
791,6,19,1
3973,9,4,4
1471,14,29,2
4202,2,51,5
1239,9,13,2
4667,3,34,5
1714,3,17,2
4731,10,50,5
2750,2,43,4
2342,13,4,2
4013,14,34,5
4399,3,25,4
3117,13,2,3
2932,7,52,4
1004,3,62,2
589,1,43,2
2653,4,15,3
3954,13,10,4
4199,7,36,5
3754,13,17,4
1003,13,10,1
4753,6,13,4
2871,12,32,4
4588,12,50,5
3121,10,7,3
2247,3,40,3
2199,15,53,3
1126,1,31,1
2768,8,46,4
3515,13,44,4
3234,2,46,4
3323,5,37,4
4295,3,26,4
3974,4,30,4
1660,14,53,3
4379,3,30,4
2506,3,56,4
4850,15,23,5
1133,15,5,1
2325,3,41,3
818,10,10,1
2656,11,22,3
3297,11,48,4
3696,15,41,5
1167,8,12,1
3919,11,14,4
1067,1,21,1
1414,2,11,2
3222,2,58,4
2079,9,24,2
2993,7,62,4
2575,10,33,4
3091,7,25,3
1998,8,45,3
4545,13,12,4
2438,2,50,4
4706,10,39,5
2498,11,34,4
1647,1,28,2
3787,12,60,5
4421,6,24,4
778,15,5,1
3811,15,46,5
3523,15,56,4
2863,3,50,4
2576,13,16,3
895,2,43,2
822,3,4,1
569,4,4,1
622,5,26,1
3455,10,23,3
843,10,12,1
119,15,12,1
3148,4,56,4
2223,8,9,2
2694,6,38,4
2766,7,29,3
1785,4,21,2
3445,12,52,4
694,13,23,1
1580,14,59,3
4525,7,47,5
1663,5,49,3
321,11,12,1
1559,12,24,2
1123,2,35,2
4342,9,35,5
1342,2,43,3
4039,12,51,5
4263,2,48,5
2452,3,25,3
4221,4,50,5
1936,7,4,2
422,5,31,1
2776,7,24,3
4688,1,2,4
4189,4,19,4
3879,2,38,5
3137,6,53,4
2176,2,4,2
2030,4,60,3
1250,14,25,2
3995,5,26,4
1359,8,3,2
2025,5,59,3
3440,12,23,3
1348,2,10,2
2194,15,56,3
1579,10,55,3
1966,13,17,2
3524,15,44,4
3659,14,42,5
2750,8,45,4
4689,8,17,4
4042,10,16,4
3829,1,8,4
1241,9,28,2
2320,8,19,2
3408,1,8,3
2171,9,23,2
1209,15,63,3
670,11,62,2
3238,9,63,4
3185,8,63,4
556,11,14,1
3955,10,60,5
3880,7,20,4
3870,6,27,4
2498,5,62,4
3320,6,18,3
4619,1,18,4
1133,1,17,1
4687,9,58,5
2415,15,58,4
311,6,63,2
4643,3,14,4
483,9,6,1
4450,3,35,5
3594,9,20,3
4548,14,30,4
113,5,30,1
3856,1,28,4
980,11,13,1
2996,5,55,4
3540,10,57,4
2566,2,58,4
4194,13,55,5
3963,2,6,4
1081,13,62,2
2237,1,31,2
1844,10,50,3
4061,15,30,4
4645,4,60,5
1570,4,24,2
1917,5,62,3
3394,15,59,4
3813,15,54,5
772,4,49,2
4202,13,2,4
700,2,44,2
436,5,6,1
452,8,49,2
458,6,47,2
4972,5,5,5
275,7,12,1
1286,1,44,3
4001,6,15,4
4009,2,33,5
1846,5,49,3
4785,10,37,5
1382,4,57,3
3689,13,14,4
2968,12,33,4
4327,7,51,5
1645,9,63,3
4931,9,10,5
2196,10,32,3
3086,1,52,4
2141,7,55,3
3854,7,51,5
2905,5,42,4
4553,8,18,4
910,10,14,1
3465,4,57,4
2810,11,31,3
1557,1,27,2
3345,13,47,4
1932,4,12,2
3373,11,4,3
3762,2,55,5
1559,13,46,3
4531,3,20,4
3658,13,23,4
2049,4,50,3
3280,7,56,4
4061,12,23,4
2703,9,33,4
3931,4,8,4
2383,2,54,3
1325,10,25,2
1995,15,10,2
3729,13,48,5
1694,10,26,2
1297,4,23,2
4739,8,25,4
1408,11,45,3
3804,2,8,4
2701,12,61,4
4160,14,63,5
866,12,54,2
1625,8,24,2
4885,5,2,5
4793,13,38,5
4703,2,37,5
4433,8,6,4
3816,2,24,4
1034,4,43,2
820,2,22,1
1989,6,16,2
2236,3,3,2
4430,7,22,4
138,6,51,2
2191,1,19,2
4555,9,41,5
1187,12,19,1
4159,7,19,4
1721,14,16,2
1008,1,60,2
4071,4,12,4
2431,4,63,4
1718,6,48,3
1889,15,62,3
894,3,13,1
3739,13,2,4
942,2,36,2
3803,3,43,5
3628,13,60,5
3458,4,33,4
932,14,11,1
170,14,13,1
1186,8,24,1
688,11,28,1
2942,12,2,3
4725,8,34,5
3059,1,40,4
2023,14,20,2
3137,12,55,4
1801,9,24,2
3084,4,12,3
1309,14,50,3
3711,4,5,4
748,14,62,2
212,14,4,1
856,13,12,1
2084,12,49,3
3789,12,10,4
1132,4,25,1
3897,7,40,5
2092,2,10,2
1241,7,16,2
2353,10,42,3
1839,11,2,2
1331,13,12,2
684,14,48,2
3990,2,59,5
3971,3,40,5
1496,11,24,2
3613,11,10,4
2551,5,7,3
951,14,13,1
4703,1,45,5
3800,13,55,5
2390,11,47,3
3543,8,16,3
2867,15,4,3
758,6,2,1
1967,4,14,2
2444,14,55,4
4575,14,34,5
4669,3,12,4
3973,7,63,5
120,12,17,1
3276,13,54,4
1223,6,4,2
3920,9,17,4
182,2,33,2
632,6,27,1
570,10,29,1
2834,1,63,4
1791,4,28,2
3107,4,42,4
3695,9,18,4
4069,9,49,5
2945,8,49,4
1866,15,28,2
2314,8,13,2
4061,11,36,5
2529,5,20,3
891,11,34,2
4847,3,18,5
1461,13,10,2
2793,10,48,4
4252,15,47,5
3314,5,13,3
4504,10,34,5
1020,7,16,1
323,13,30,1
2799,8,14,3
1235,8,4,2
3708,2,36,5
909,7,59,2
2394,4,57,3
623,4,22,1
519,13,53,2
231,9,56,2
4678,7,40,5
155,12,36,2
4565,5,36,5
3435,14,37,4
4896,5,32,6
4715,7,14,4
4842,12,33,6
4043,14,19,4
1043,13,45,2
4230,9,19,4
4462,6,11,4
2746,10,47,4
4805,7,17,5
4662,13,24,4
2665,14,32,4
4428,4,52,5
2476,9,54,4
3712,8,35,5
1315,9,45,3
2893,5,30,3
4773,11,50,5
2002,12,17,2
2377,1,58,3
2288,15,31,2
1194,8,53,2
1123,12,26,1
2100,8,38,3
1814,13,38,3
2872,7,49,4
4033,7,20,4
2272,5,54,3
3512,8,59,4
980,3,55,2
963,15,33,2
2491,11,60,4
1286,5,51,3
3697,10,38,5
283,10,60,2
1185,9,40,2
1007,11,13,1
1978,8,16,2
3680,9,57,5
4337,8,16,4
729,14,21,1
3900,6,61,5
4729,7,7,4
2640,12,20,3
724,13,54,2
2846,14,30,3
3001,13,63,4
4722,14,55,5
210,6,28,1
4016,2,36,5
212,1,58,2
2613,1,34,4
928,12,63,2
146,7,47,2
2941,8,20,3
680,1,41,2
555,12,37,2
3079,1,6,3
2330,14,21,2
1707,7,35,3
3113,11,49,4
2910,13,8,3
802,12,35,2
2785,5,56,4
3349,13,59,4
1364,9,29,2
732,9,40,2
1970,15,47,3
2442,7,23,3
157,12,42,2
3708,7,51,5
4470,2,60,5
1458,2,57,3
2641,13,41,4
4361,10,54,5
216,11,39,2
2922,1,42,4
2490,14,51,4
1701,7,31,2
4055,5,56,5
388,1,22,1
437,7,62,2
975,7,41,2
4510,10,10,4
4699,3,37,5
1390,3,14,2
4335,4,47,5
2136,7,56,3
4452,13,34,5
894,7,27,1
346,11,2,1
684,13,61,2
4644,13,3,4
2867,8,37,4
2076,13,46,3
4364,9,31,4
3763,5,17,4
1427,15,10,2
781,15,16,1
2603,10,40,4
2899,11,56,4
3945,8,60,5
1474,1,23,2
2420,15,16,3
786,11,5,1
855,2,17,1
2156,8,42,3
4986,8,60,6
3216,9,12,3
1263,12,49,3
2833,7,33,4
4868,8,23,5
3517,2,2,3
3388,8,55,4
3666,15,27,4
1774,15,4,2
2655,12,33,4
2906,3,34,4
2297,10,34,3
3137,4,3,3
3434,12,23,3
3061,7,58,4
3881,7,13,4
2321,6,61,3
344,1,3,1
441,9,38,2
108,3,9,1
4674,10,18,4
2169,15,5,2
376,4,45,2
2914,15,2,3
3256,2,7,3
4248,5,63,5
3232,14,58,4
4870,6,41,6
4619,11,23,4
2106,6,36,3
4766,14,51,5
954,11,41,2
868,14,12,1
1622,14,3,2
3343,14,60,4
3383,1,63,4
2329,14,19,2
3891,14,10,4
508,4,7,1
4681,10,35,5
4202,4,13,4
529,3,22,1
1459,7,61,3
2777,4,27,3
3718,7,11,4
4128,3,17,4
3172,13,16,3
3575,4,24,3
3902,3,43,5
1748,4,22,2
4078,15,62,5
3712,12,44,5
2009,10,17,2
557,4,59,2
2043,12,12,2
2990,14,21,3
1307,4,22,2
3703,3,58,5
4517,11,17,4
1625,6,54,3
3984,15,12,4
784,12,34,2
820,5,23,1
1903,6,26,2
4914,12,34,6
2459,7,38,4
4518,4,57,5
1862,14,35,3
3023,11,16,3
2190,9,2,2
3774,1,53,5
4585,12,5,4
2375,8,18,2
322,13,29,1
2323,2,33,3
3392,3,9,3
4617,2,37,5
1428,10,37,3
3023,6,20,3
1941,5,57,3
624,13,25,1
4407,7,4,4
1961,9,15,2
401,7,33,2
2796,11,13,3
3984,9,56,5
1796,13,32,3
1801,5,35,3
1956,15,32,3
3473,14,37,4
2620,3,33,4
2020,3,36,3
4867,4,33,6
4557,12,17,4
3348,2,2,3
630,3,48,2
609,11,41,2
3361,9,53,4
4748,9,14,4
3842,12,12,4
709,8,52,2
2234,2,12,2
4815,13,26,5
4191,12,6,4
411,9,62,2
2422,5,22,3
3284,8,36,4
1957,6,13,2
393,2,53,2
650,1,47,2
4143,4,14,4
2670,4,4,3
980,7,13,1
1216,2,48,3
2816,4,35,4
704,10,21,1
3169,15,40,4
3147,11,53,4
4749,1,51,5
2149,7,5,2
4235,11,42,5
418,3,63,2
4868,12,44,6
3024,8,50,4
877,13,8,1
4684,12,48,5
3187,1,58,4
363,12,4,1
3218,1,47,4
3032,13,42,4
785,14,45,2
1383,13,14,2
2575,13,30,3
703,15,42,2
3700,9,22,4
4533,5,47,5
2392,11,26,2
4267,4,4,4
225,4,31,1
3352,8,40,4
2664,9,23,3
3206,15,3,3
4218,14,10,4
761,7,59,2
3539,15,5,3
216,8,9,1
2078,2,20,2
2981,15,22,3
775,15,15,1
4652,10,2,4
4602,7,42,5
3824,4,21,4
1617,8,20,2
4396,10,43,5
4427,8,60,5
4993,10,17,5
2075,2,61,3
3780,9,11,4
979,6,3,1
4016,11,2,4
4237,5,9,4
4044,15,10,4
1839,14,40,3
859,9,60,2
4135,3,43,5
3500,5,58,4
1218,5,19,2
1562,8,16,2
3118,14,43,4
2944,9,17,3
1644,12,22,2
2593,15,48,4
3208,9,26,3
2016,5,56,3
3417,14,25,3
3670,2,48,5
4710,10,17,4
694,14,50,2
4052,6,10,4
870,4,39,2
439,9,16,1
4809,8,49,6
4593,14,14,4
103,13,61,2
2027,6,62,3
774,2,55,2
4519,3,45,5
3719,2,25,4
3249,6,52,4
4879,4,34,6
3878,1,13,4
4011,9,11,4
3425,6,55,4
3356,2,32,4
3939,15,57,5
4977,3,5,5
439,8,39,2
1174,9,37,2
1994,9,11,2
4253,5,4,4
1500,4,23,2
3290,5,50,4
2014,12,22,2
3948,1,39,5
3002,3,47,4
4659,11,39,5
2707,9,47,4
4907,15,4,5
2821,15,30,3
4709,12,38,5
4269,8,52,5
1428,13,61,3
2955,14,60,4
350,13,6,1
3179,13,4,3
2214,4,51,3
4609,1,31,4
2954,3,48,4
592,13,41,2
1122,14,53,2
3401,4,9,3
3546,4,45,4
4837,13,57,6
1633,1,14,2
1061,6,55,2
1586,11,55,3
3102,11,21,3
3517,12,55,4
2225,9,14,2
232,8,7,1
3576,2,11,3
4899,7,54,6
1486,3,27,2
3945,6,7,4
3773,2,27,4
4391,8,29,4
3997,4,13,4
2839,6,54,4
3100,3,62,4
1982,1,41,3
3343,2,5,3
2766,13,25,3
1483,10,16,2
3822,14,25,4
4238,8,14,4
4833,12,4,5
3566,14,54,4
1625,6,28,2
1312,12,40,3
3560,4,46,4
2888,9,16,3
3286,7,60,4
4552,15,27,4
4349,1,57,5
452,6,24,1
772,4,40,2
3101,6,34,4
1004,11,22,1
1395,8,15,2
2063,13,14,2
2894,9,33,4
639,3,43,2
1775,14,45,3
2701,2,13,3
1132,10,53,2
2205,7,11,2
1488,7,23,2
2479,3,48,4
3830,14,26,4
1799,5,45,3
1692,10,53,3
4815,15,48,6
4476,8,30,4
240,3,59,2
1904,8,8,2
1604,15,51,3
4862,3,36,6
3912,4,30,4
279,3,17,1
3828,5,9,4
278,12,52,2
2661,15,60,4
2884,8,10,3
3133,5,21,3
1020,7,59,2
1343,13,20,2
2370,4,17,2
1103,12,63,2
1022,10,30,1
1622,2,35,3
3940,6,29,4
4548,12,35,5
4204,5,18,4
4751,8,5,4
2888,8,56,4
3346,1,53,4
3122,11,35,4
818,14,31,1
4792,12,46,5
885,8,60,2
2398,3,39,3
4186,2,60,5
1100,11,31,1
2846,10,32,4
1560,4,44,3
2924,10,33,4
4773,8,57,5
3896,13,35,5
4473,5,46,5
2694,13,19,3
524,11,7,1
770,7,52,2
3874,8,4,4
2797,3,41,4
1995,7,15,2
3384,7,52,4
1053,9,62,2
3730,3,39,5
3585,6,18,3
506,7,52,2
4055,14,28,4
3634,9,38,5
223,15,27,1
1870,12,15,2
4925,4,61,6
4595,4,37,5
1901,12,25,2
1287,11,22,2
3455,14,2,3
269,5,63,2
2804,13,43,4
1427,10,33,3
4895,12,12,5
3478,5,59,4
4328,15,49,5
2509,1,18,3
2778,12,63,4
163,8,4,1
1543,8,38,3
1034,9,30,1
469,3,20,1
3438,12,44,4
2872,12,54,4
4613,6,34,5
4736,13,50,5
1830,15,40,3
2117,15,48,3
3749,11,6,4
4802,10,3,5
1611,9,10,2
3926,4,42,5
960,9,26,1
1696,6,53,3
4184,4,21,4
1326,6,12,2
1550,15,58,3
3032,6,13,3
2236,4,2,2
1334,10,25,2
1704,5,18,2
1346,1,17,2
2799,9,56,4
3331,11,47,4
3285,15,39,4
2389,11,44,3
4219,7,9,4
4502,5,54,5
1863,5,62,3
3788,6,25,4
4603,11,7,4
2780,14,47,4
1807,15,10,2
4496,8,4,4
284,11,37,2
4829,3,24,5
1397,13,32,3
896,8,35,2
1199,3,39,2
1285,10,41,3
3751,14,36,5
872,5,49,2
3673,11,18,4
4525,5,22,4
4089,2,53,5
2780,15,4,3
484,1,39,2
4312,3,54,5
3375,10,36,4
1896,4,35,3
172,7,52,2
3478,7,15,3
948,13,17,1
1792,9,59,3
2061,4,5,2
3764,3,10,4
4306,12,39,5
2591,3,16,3
3286,10,55,4
1363,10,2,2
311,14,11,1
3436,1,53,4
4061,6,12,4
792,4,32,2
2900,5,52,4
2486,14,37,4
4759,2,35,5
2799,8,59,4
2981,10,58,4
4718,15,39,5
383,3,18,1
559,14,5,1
3432,7,44,4
2517,9,38,4
1570,9,19,2
4020,8,40,5
609,15,37,2
3343,14,54,4
1475,3,41,3
4111,15,8,4
873,5,13,1
2605,10,20,3
3687,1,38,5
3235,7,9,3
202,11,11,1
2301,14,37,3
2817,4,8,3
4049,14,29,4
3794,9,42,5
1116,10,44,2
759,8,61,2
4978,10,19,5
4863,15,38,6
2083,7,2,2
2470,15,55,4
1254,10,30,2
4250,12,56,5
4899,4,23,5
3207,2,55,4
2822,3,23,3
1505,8,48,3
3259,6,46,4
3643,3,25,4
475,10,26,1
4604,11,21,4
4196,13,31,4
3948,2,52,5
1248,8,8,2
2779,9,57,4
640,7,4,1
258,5,7,1
2365,14,17,2
3378,8,14,3
4864,13,8,5
4354,3,30,4
1011,13,56,2
1378,4,12,2
3815,11,3,4
1771,3,63,3
4555,12,25,4
4654,13,27,4
2184,3,46,3
3770,8,55,5
4609,3,55,5
2043,6,52,3
3628,7,39,5
1202,1,10,2
1312,15,39,3
209,14,37,2
4605,15,42,5
1251,11,7,2
3144,8,55,4
1147,8,48,2
4409,11,31,4
4780,4,15,4
4335,8,49,5
2804,15,15,3
828,6,15,1
2622,7,25,3
1389,3,19,2
2521,3,3,3
3632,13,33,5
3050,11,27,3
1247,10,32,3
1735,15,22,2
2521,10,30,3
3191,9,15,3
2138,10,42,3
1559,15,50,3
1546,10,48,3
4574,12,2,4
4387,12,35,5
4724,9,33,5
636,12,49,2
2221,3,53,3
1585,9,40,3
118,3,13,1
4055,13,49,5
4461,4,4,4
4434,3,52,5
3909,5,15,4
2774,12,23,3
2648,4,27,3
704,9,36,2
2361,2,24,2
4529,10,40,5
4453,8,5,4
2415,3,46,4
3748,15,27,4
3925,9,38,5
4783,2,44,5
1455,7,54,3
2781,6,50,4
1508,8,27,2
663,3,27,1
1093,6,31,1
2382,11,52,3
1053,2,61,2
2602,13,30,3
4513,11,33,5
937,10,62,2
707,13,15,1
1480,15,30,2
3008,10,54,4
3278,7,60,4
4217,3,6,4
3136,5,31,3
4653,3,23,4
4186,10,33,5
4129,15,18,4
1159,15,31,1
1558,1,7,2
4719,1,6,4
3484,10,42,4
529,4,62,2
1340,5,37,3
4060,1,23,4
3674,10,48,5
119,12,24,1
2771,11,14,3
814,3,51,2
4343,3,39,5
708,2,54,2
3388,6,41,4
1147,14,45,2
2956,13,62,4
516,2,17,1
4613,4,15,4
1842,5,23,2
3003,3,5,3
4018,1,48,5
2920,1,18,3
3458,1,4,3
762,6,4,1
1890,4,10,2
4718,6,39,5
2009,11,8,2
1094,1,14,1
638,5,33,2
1124,1,56,2
546,4,51,2
1768,9,3,2
4531,6,45,5
3649,12,38,5
2020,12,47,3
1442,13,45,3
3175,4,14,3
662,10,30,1
3271,7,14,3
3553,11,51,4
181,12,21,1
1846,10,50,3
455,10,58,2
1964,1,12,2
2429,13,41,4
2789,1,51,4
3391,5,42,4
4240,7,56,5
2870,9,10,3
4300,9,5,4
2636,10,44,4
973,8,16,1
347,11,37,2
3440,2,32,4
667,1,3,1
4380,3,13,4
1451,1,22,2
1791,1,49,3
4037,8,31,4
4293,3,45,5
1404,2,51,3
2015,12,24,2
2980,6,12,3
4942,1,37,6
4351,12,26,4
4532,2,8,4
2259,4,51,3
3812,7,9,4
4159,2,58,5
2549,4,23,3
4581,4,37,5
4522,8,39,5
1872,15,4,2
4254,7,15,4
3093,7,28,3
373,9,37,2
1386,3,27,2
2336,3,8,2
4577,10,38,5
1831,9,56,3
3828,12,45,5
4904,2,9,5
3530,3,41,4
2160,12,61,3
1224,9,60,3
1575,10,53,3
4924,6,5,5
4674,5,44,5
4338,9,52,5
4223,7,3,4
1326,14,18,2
320,2,53,2
222,12,54,2
2977,10,22,3
2317,9,37,3
3191,11,21,3
2059,15,31,2
1399,6,49,3
1923,14,44,3
1817,3,3,2
2077,1,16,2
211,4,41,2
3306,11,3,3
2269,13,28,2
3436,8,22,3
4485,5,26,4
3738,5,30,4
727,2,6,1
3762,4,2,4
2516,4,26,3
2651,11,43,4
2205,9,26,2
3676,7,49,5
2144,13,12,2
542,14,34,2
2727,7,46,4
4641,13,20,4
4129,9,42,5
3913,9,19,4
504,5,51,2
3380,1,8,3
2822,2,62,4
3572,11,24,3
1076,14,5,1
3120,8,22,3
2299,6,42,3
4536,15,14,4
3423,10,28,3
687,8,7,1
4721,13,14,4
1489,3,19,2
3263,3,28,3
3388,6,24,3
2239,11,47,3
3458,4,59,4
1569,4,47,3
3353,11,32,4
1632,4,22,2
3325,2,26,3
3966,7,46,5
3464,5,44,4
4966,14,17,5
3927,5,51,5
4269,14,17,4
2499,7,40,4
2216,5,22,2
4614,1,50,5
4019,2,34,5
1584,14,29,2
2881,5,31,3
3310,13,63,4
4097,13,2,4
1016,7,6,1
1383,13,34,3
1626,12,58,3
4127,15,12,4
4311,12,58,5
2698,10,9,3
2777,2,32,4
141,8,22,1
4734,13,26,4
4069,13,19,4
3492,5,13,3
4465,9,13,4
4303,6,36,5
1046,3,30,1
2809,14,15,3
4020,12,14,4
1045,13,20,1
2828,14,21,3
899,6,3,1
2308,9,13,2
182,1,45,2
158,15,11,1
3246,1,37,4
3412,8,18,3
1114,12,8,1
903,14,38,2
3834,7,37,5
4957,11,19,5
3456,13,14,3
416,13,14,1
4202,11,61,5
4284,12,41,5
819,1,13,1
990,8,16,1
929,5,61,2
2426,9,49,4
2968,3,52,4
4036,13,38,5
4267,5,4,4
3655,13,61,5
3678,7,11,4
316,10,24,1
3718,11,5,4
2032,8,45,3
209,3,63,2
928,1,26,1
2645,15,2,3
4775,12,62,5
4944,13,6,5
2531,13,6,3
2012,6,48,3
4462,5,28,4
4795,11,62,5
3889,5,63,5
1186,11,8,1
2091,12,50,3
4570,12,62,5
577,11,25,1
2434,15,24,3
4068,13,9,4
3683,6,31,4
4123,14,32,5
2281,3,17,2
4018,13,29,4
949,5,2,1
978,15,12,1
4142,10,63,5
165,11,52,2
2319,1,39,3
1977,8,24,2
4728,9,33,5
2735,4,33,4
833,5,30,1
1642,7,32,3
339,13,60,2
889,10,20,1
254,5,10,1
2399,4,33,3
1673,8,32,3
369,11,6,1
1803,11,24,2
1840,15,47,3
4808,12,56,6
4245,6,22,4
4654,2,21,4
2179,11,14,2
3365,4,46,4
1210,13,58,3
2408,3,21,3
2781,12,61,4
907,2,48,2
3115,15,14,3
2622,6,8,3
865,11,35,2
1381,15,57,3
907,10,53,2
604,1,54,2
682,10,54,2
533,4,18,1
505,8,31,1
1002,5,5,1
2016,3,56,3
464,2,5,1
3590,11,51,4
2311,11,38,3
2357,6,40,3
1021,12,37,2
3634,4,16,4
2459,7,23,3
1977,8,12,2
2748,15,37,4
4182,9,62,5
3772,13,33,5
3772,7,20,4
4105,9,17,4
2620,4,11,3
1931,1,44,3
1999,7,18,2
3766,2,44,5
1273,14,44,3
4497,15,57,5
4218,10,60,5
3511,11,7,3
3077,9,49,4
4590,6,46,5
910,9,59,2
4226,12,52,5
4936,8,34,6
2605,9,21,3
3140,7,15,3
1607,14,44,3
2333,11,29,2
2423,12,53,4
1970,3,61,3
2739,10,41,4
1990,12,7,2
1313,5,20,2
2104,3,54,3
1945,13,44,3
2950,13,7,3
1739,3,44,3
1491,7,6,2
3973,12,3,4
3812,6,49,5
108,5,7,1
3276,12,15,3
4289,5,15,4
3704,11,31,4
4217,8,46,5
4541,1,41,5
3887,14,25,4
2050,4,31,2
2696,5,12,3
2402,9,15,3
2894,14,23,3
3143,1,4,3
1555,9,30,2
229,6,49,2
4936,3,47,6
2453,3,9,3
480,11,50,2
3962,11,8,4
617,4,25,1
3872,15,6,4
3975,5,21,4
2629,12,6,3
176,9,50,2
2832,6,7,3
2459,5,29,3
1807,13,16,2
1985,6,60,3
3387,6,27,3
4424,9,54,5
3967,10,46,5
4711,7,22,4
3559,14,22,3
4529,13,10,4
2234,15,48,3
593,7,45,2
2258,4,42,3
1677,5,57,3
3939,7,11,4
2343,8,49,3
1572,6,63,3
651,8,26,1
4449,14,22,4
173,9,35,2
1002,15,32,2
826,1,3,1
1413,14,43,3
4057,4,41,5
879,9,17,1
3955,5,36,5
3307,11,50,4
1805,4,51,3
3689,9,32,5
3634,2,13,4
2286,2,55,3
4182,11,24,4
1722,15,43,3
4725,15,45,5
3756,8,39,5
725,8,18,1
2281,5,45,3
3251,6,15,3
3813,11,34,5
2612,5,49,4
4093,8,49,5
1900,6,7,2
703,6,24,1
449,7,49,2
2977,2,50,4
4754,9,62,5
394,3,32,2
1251,9,41,3
926,10,6,1
3638,5,4,4
1831,15,39,3
3542,14,54,4
4891,1,29,5
1369,10,32,3
1971,4,59,3
3865,6,55,5
4354,3,18,4
1320,13,23,2
2804,13,48,4
2363,12,14,2
3177,6,50,4
507,14,45,2
1911,11,22,2
112,15,48,2
703,1,22,1
1858,10,7,2
456,10,11,1
3446,9,59,4
402,15,41,2
2399,9,15,2
682,11,24,1
2982,4,8,3
2241,2,25,2
130,12,16,1
400,11,24,1
3667,8,6,4
4505,7,42,5
428,1,21,1
1221,6,53,3
3641,10,11,4
510,12,58,2
151,5,24,1
2714,2,50,4
1150,13,28,1
3012,13,52,4
784,13,44,2
2574,5,47,4
4749,6,61,5
3927,10,61,5
2921,13,62,4
2451,6,32,4
3710,2,55,5
3331,1,7,3
4537,4,49,5
1623,15,14,2
2840,12,29,3
1406,15,17,2
3919,15,18,4
395,4,47,2
193,9,58,2
3632,12,48,5
3105,14,32,4
3405,1,11,3
2302,11,32,3
377,10,60,2
2652,15,40,4
2126,11,43,3
1915,1,7,2
250,8,47,2
2328,5,21,2
3690,9,50,5
4218,6,42,5
3178,10,22,3
4507,3,17,4
2809,1,26,3
704,10,40,2
2921,13,37,4
1740,6,44,3
2604,11,35,4
4540,3,9,4
2787,4,15,3
4237,3,58,5
4809,7,50,6
1648,12,24,2
1022,11,13,1
950,11,21,1
691,9,61,2
2194,5,25,2
3612,6,14,4
3921,5,34,5
2553,3,35,4
3912,3,59,5
1252,4,33,3
1302,5,43,3
4309,7,56,5
4770,14,30,4
1726,9,28,2
1285,5,39,3
2176,2,14,2
4906,13,63,6
4655,9,50,5
2513,5,23,3
1595,6,8,2
3273,9,8,3
218,4,30,1
3589,11,41,4
203,14,15,1
149,14,55,2
574,12,61,2
4914,3,3,5
3762,4,8,4
212,8,18,1
3739,12,34,5
853,7,23,1
2379,7,15,2
2770,11,55,4
1024,1,2,1
3576,2,9,3
1636,3,42,3
1700,1,9,2
2324,9,60,3
1226,9,30,2
3295,14,18,3
3996,5,28,4
582,11,46,2
365,15,9,1
3262,11,54,4
4458,4,7,4
4593,3,52,5
3910,9,45,5
2546,2,31,3
3478,8,24,3
4890,7,16,5
4559,2,61,5
4099,12,42,5
2334,3,15,2
4524,2,28,4
4740,15,4,4
4931,11,13,5
2728,12,44,4
1038,3,4,1
2833,4,41,4
1505,5,2,2
2603,2,18,3
830,12,60,2
3227,12,19,3
1932,12,11,2
2510,12,60,4
3470,7,13,3
1687,12,18,2
4499,4,23,4
3951,11,43,5
2246,14,15,2
4751,1,42,5
2294,4,9,2
2375,9,52,3
1518,13,18,2
3015,14,16,3
4799,5,7,4
1104,15,8,1
3799,2,51,5
3258,12,60,4
4614,6,33,5
3231,7,49,4
606,2,44,2
437,10,60,2
3672,2,10,4
161,10,21,1
4218,3,43,5
4493,15,46,5
1289,12,40,3
3157,11,3,3
4253,10,19,4
546,4,62,2
2590,15,39,4
1634,5,3,2
3704,3,16,4
3142,13,12,3
1685,4,4,2
3045,7,10,3
4950,6,46,6
4464,2,44,5
4415,12,24,4
3188,15,46,4
3984,7,44,5
3480,2,11,3
3152,13,38,4
2629,12,25,3
1160,15,60,2
2801,12,33,4
3284,15,5,3
3084,12,40,4
3355,3,8,3
2999,1,30,3
2554,6,46,4
515,11,47,2
4938,13,61,6
3514,10,30,3
2530,13,10,3
4279,4,56,5
4686,9,43,5
2961,4,47,4
2698,11,3,3
718,10,4,1
1586,6,42,3
696,8,29,1
3428,5,21,3
1289,3,43,3
4037,9,5,4
1024,11,63,2
1829,3,59,3
1359,15,31,2
982,9,32,2
944,13,42,2
2206,15,23,2
2899,2,10,3
1518,11,10,2
2490,8,32,4
2695,12,17,3
4479,13,36,5
180,13,23,1
2731,6,47,4
535,14,55,2
870,9,53,2
1392,5,60,3
1988,14,32,3
2426,4,14,3
826,13,29,1
1789,15,62,3
3944,2,50,5
2027,1,52,3
3040,4,40,4
4666,8,60,5
4634,10,40,5
1663,9,8,2
2117,1,59,3
3947,2,26,4
1870,13,59,3
3039,15,49,4
1398,12,2,2
2288,12,51,3
4093,3,47,5
3478,8,36,4
2416,11,12,3
3668,9,35,5
2199,3,19,2
2652,12,32,4
4442,4,61,5
3002,8,17,3
2183,3,52,3
4061,11,47,5
4302,6,31,4
4084,14,56,5
2134,15,62,3
3312,1,38,4
191,12,26,1
1306,7,29,2
4401,14,25,4
3027,5,35,4
3784,15,22,4
2188,4,50,3
802,8,52,2
3509,8,12,3
2668,7,54,4
2889,1,58,4
4855,10,28,5
713,6,10,1
3708,3,17,4
1870,8,52,3
4133,10,12,4
2433,3,15,3
683,15,44,2
3708,15,16,4
193,11,23,1
769,8,43,2
1584,5,43,3
4226,15,23,4
707,5,63,2
1415,8,26,2
4768,3,23,4
1024,4,4,1
2131,1,40,3
2920,9,31,3
2807,3,2,3
1358,8,46,3
4480,1,52,5
4710,1,4,4
4535,12,48,5
4732,6,18,4
332,12,34,2
4520,11,14,4
4832,6,62,6
1420,7,57,3
229,1,9,1
327,3,33,2
4382,4,58,5
4030,9,27,4
1488,15,7,2
3272,8,13,3
2719,4,9,3
1681,10,30,2
4470,14,21,4
834,7,46,2
4213,15,14,4
4052,9,46,5
4611,10,54,5
2374,10,9,2
1347,8,19,2
2462,12,27,3
2212,12,21,2
1092,5,34,2
879,14,9,1
2320,9,49,3
4633,14,13,4
3943,5,3,4
3250,14,17,3
3451,11,51,4
2170,15,44,3
4540,3,44,5
4925,15,38,6
1833,15,12,2
2781,6,18,3
2256,12,45,3
3914,3,55,5
2862,2,31,3
1928,14,45,3
2433,7,9,3
3458,3,24,3
3460,5,11,3
4271,9,7,4
2397,15,61,3
2914,4,2,3
3044,9,60,4
3280,12,12,3
2004,6,42,3
3499,3,24,3
1355,11,4,2
2685,12,15,3
527,1,14,1
2702,8,21,3
148,10,36,2
279,4,53,2
4522,6,50,5
4867,2,52,6
1741,13,16,2
4308,12,6,4
629,4,54,2
3294,8,42,4
4126,2,22,4
4377,6,50,5
4692,2,47,5
2743,8,38,4
2830,14,12,3
780,3,8,1
3143,9,13,3
3094,6,5,3
4331,15,24,4
3761,3,27,4
4740,11,49,5
413,2,61,2
3393,14,62,4
449,8,3,1
4278,15,17,4
2798,15,35,4
4680,4,12,4
429,8,24,1
3027,7,52,4
2052,12,24,2
544,15,52,2
1211,2,55,3
3442,15,46,4
1664,7,56,3
1866,4,54,3
2161,6,31,2
608,8,40,2
648,9,46,2
1339,13,21,2
1172,14,17,1
4103,12,50,5
2909,4,12,3
2112,3,47,3
616,14,32,2
3152,2,25,3
1936,14,59,3
4485,4,27,4
1099,15,3,1
3164,14,58,4
4331,2,16,4
4155,3,46,5
337,15,55,2
3737,1,46,5
186,13,38,2
2375,7,23,2
2952,6,27,3
4625,1,50,5
3445,15,5,3
4958,13,7,5
1703,9,23,2
697,15,39,2
2638,6,24,3
3579,5,26,3
2184,1,58,3
4395,15,4,4
1591,15,21,2
2190,10,34,3
1404,5,61,3
2901,2,49,4
2805,7,50,4
4959,11,21,5
4497,6,7,4
2862,4,13,3
433,11,45,2
1377,3,20,2
953,13,54,2
4432,5,49,5
2482,3,26,3
2920,9,60,4
212,12,50,2
488,6,50,2
4885,10,19,5
1526,2,16,2
2821,7,39,4
4147,8,59,5
1144,9,28,1
2072,4,42,3
3702,1,25,4
2950,8,44,4
1973,10,22,2
113,1,41,2
714,5,38,2
2369,2,16,2
4884,8,27,5
3649,5,11,4
3174,6,4,3
2251,14,40,3
3838,7,30,4
831,14,39,2
4184,4,56,5
4860,5,6,5
2899,9,25,3
3954,6,41,5
2305,8,60,3
2846,4,6,3
2064,11,33,3
1304,14,27,2
2737,4,49,4
4496,14,28,4
4031,8,13,4
3371,11,33,4
4462,3,40,5
4273,14,37,5
2770,12,56,4
1849,11,7,2
4423,13,45,5
3594,14,14,3
2692,5,51,4
2553,12,32,4
3182,3,19,3
1188,1,30,1
3533,12,11,3
1556,3,40,3
1189,6,40,2
2792,11,4,3
778,6,52,2
178,7,46,2
4928,3,19,5
1558,9,49,3
2552,13,30,3
3337,10,43,4
3953,14,48,5
2564,9,27,3
4267,2,55,5
265,14,33,2
3986,8,28,4
2578,13,12,3
868,11,55,2
2957,2,60,4
4519,2,42,5
2097,15,7,2
1660,6,32,3
4563,8,9,4
284,1,54,2
2327,13,45,3
850,8,25,1
3613,8,19,4
4313,4,10,4
749,6,23,1
775,2,44,2
4058,1,54,5
742,11,51,2
2480,13,11,3
4592,7,2,4
3133,7,4,3
2790,3,45,4
1698,3,27,2
3186,15,57,4
2132,12,8,2
1765,15,28,2
2078,10,16,2
878,12,58,2
2982,1,24,3
3962,12,22,4
707,1,47,2
850,2,14,1
640,10,33,2
244,12,50,2
1090,3,21,1
2822,4,49,4
1811,8,6,2
3512,5,42,4
3168,15,54,4
1210,2,33,3
4162,7,58,5
1116,8,54,2
3992,15,48,5
1380,13,29,2
3404,13,42,4
4569,13,29,4
1719,15,13,2
2004,3,7,2
1705,6,27,2
710,10,18,1
4361,8,37,5
4694,10,63,5
4505,6,11,4
2114,10,27,2
2035,6,17,2
3787,8,33,5
1395,14,17,2
2430,12,61,4
2759,1,15,3
1913,2,52,3
1169,11,26,1
4697,3,2,4
3783,7,40,5
4508,1,44,5
4521,4,17,4
1831,3,34,3
4711,8,23,4
874,7,48,2
1086,1,29,1
2460,11,51,4
3049,9,24,3
4615,11,3,4
3544,4,16,3
3500,7,52,4
4139,12,45,5
3872,6,45,5
1133,3,43,2
549,14,48,2
763,6,38,2
3077,7,6,3
2581,11,33,4
3502,5,39,4
3799,10,24,4
3688,4,24,4
4606,11,34,5
2154,6,7,2
3272,10,49,4
4695,8,34,5
329,7,55,2
1892,3,42,3
756,2,21,1
373,15,3,1
3732,10,21,4
1021,12,24,1
1447,5,52,3
3816,9,27,4
1697,11,55,3
172,10,27,1
2365,5,3,2
3761,10,3,4
2393,11,34,3
2837,1,11,3
4108,12,29,4
4689,9,16,4
2979,12,19,3
663,2,40,2
4744,13,28,4
4261,12,38,5
4171,2,53,5
1215,6,40,3
1307,11,45,3
3962,3,13,4
2346,5,15,2
4939,15,32,6
471,5,10,1
2459,11,47,4
3547,3,41,4
519,12,60,2
996,8,27,1
3431,13,28,3
2246,3,17,2
4354,6,3,4
1120,15,18,1
526,12,30,1
3406,10,33,4
494,13,26,1
1155,5,4,1
3538,11,42,4
3945,11,56,5
2751,11,39,4
981,7,36,2
382,6,4,1
1199,11,28,1
3184,9,15,3
450,15,34,2
646,11,22,1
4161,2,11,4
903,11,54,2
760,11,59,2
3283,10,18,3
2458,6,8,3
3326,12,28,3
1519,10,32,3
1325,13,41,3
2685,10,35,4
4160,5,25,4
1296,9,11,2
4073,2,50,5
1643,12,29,2
3376,8,43,4
1804,15,34,3
1522,7,48,3
2742,1,14,3
4269,3,45,5
895,4,30,1
584,8,28,1
3324,2,12,3
3506,8,11,3
4870,2,30,5
4019,12,45,5
1160,3,15,1
4862,8,22,5
2920,11,41,4
4126,9,26,4
2853,12,8,3
1995,15,16,2
856,5,9,1
1762,15,38,3
3167,4,59,4
3678,15,23,4
3033,3,14,3
1603,15,40,3
927,14,26,1
3619,3,29,4
1667,9,52,3
2547,4,17,3
4048,2,8,4
1338,13,50,3
2269,12,58,3
4008,14,7,4
2474,15,16,3
773,13,36,2
2389,4,62,3
1069,3,3,1
731,14,13,1
1721,15,15,2
4472,5,54,5
3062,4,52,4
4109,2,51,5
3984,14,61,5
1468,11,3,2
4878,15,44,6
4022,10,35,5
473,1,29,1
1602,1,6,2
1317,1,36,3
1231,3,17,2
1767,15,39,3
855,2,43,2
3282,4,36,4
2019,3,47,3
1429,7,63,3
442,8,45,2
3474,12,45,4
116,11,6,1
4025,5,57,5
2715,6,47,4
1823,14,41,3
3354,15,47,4
4458,7,53,5
4476,9,14,4
598,1,56,2
1472,15,2,2
3474,13,30,3
4368,15,3,4
2560,2,18,3
2630,1,37,4
2282,9,39,3
258,2,51,2
720,2,51,2
341,5,56,2
3359,9,25,3
3355,15,19,3
2753,13,9,3
2336,3,29,2
3759,10,5,4
4643,14,39,5
365,15,19,1
1533,8,48,3
1192,10,58,2
4794,1,9,4
3500,14,59,4
2401,12,21,3
2952,13,61,4
1025,10,46,2
3685,2,36,5
2343,8,18,2
1985,1,38,3
4845,9,12,5
3714,4,61,5
3689,3,49,5
3885,3,36,5
997,1,53,2
3675,8,19,4
1516,4,58,3
4788,1,61,5
1971,11,45,3
2483,5,21,3
3742,10,48,5
4927,8,60,6
4848,8,5,5
361,10,27,1
1570,12,14,2
1310,3,22,2
4938,14,41,6
3773,12,25,4
1041,4,32,2
2393,12,54,3
4852,10,47,6
4578,4,37,5
4105,3,56,5
1857,6,43,3
2724,3,20,3
3532,6,34,4
947,5,36,2
3388,14,24,3
4819,11,7,5
1105,2,45,2
2909,8,27,3
1210,11,2,2
389,7,13,1
1011,7,51,2
1480,6,52,3
1747,9,11,2
4136,4,27,4
3924,14,28,4
4109,5,38,5
1391,15,42,3
3112,9,63,4
1722,15,41,3
4779,3,28,4
4174,3,2,4
1862,14,61,3
3299,12,57,4
2227,12,49,3
4279,8,15,4
1537,10,53,3
3989,6,38,5
2650,13,54,4
2670,2,15,3
456,3,33,2
260,8,33,2
3166,15,20,3
2022,14,9,2
1620,5,36,3
3415,13,50,4
663,14,15,1
3360,15,60,4
4091,15,6,4
109,2,32,2
781,3,33,2
626,11,25,1
776,2,23,1
292,5,62,2
3227,5,22,3
587,9,34,2
385,6,16,1
1367,2,52,3
934,11,49,2
1399,1,16,2
1222,7,4,2
3681,7,31,4
3311,10,58,4
2256,6,57,3
2390,15,42,3
1164,13,63,2
3891,12,19,4
2198,2,42,3
1476,13,9,2
2227,14,20,2
446,8,57,2
1858,4,49,3
1438,11,28,2
4795,7,6,4
2796,8,46,4
4167,7,27,4
553,12,15,1
1409,3,42,3
189,8,61,2
1419,4,51,3
1642,15,2,2
2603,8,33,4
3102,15,28,3
1262,5,19,2
2023,9,19,2
1888,3,55,3
4869,14,42,6
544,2,44,2
2580,4,58,4
4240,2,12,4
3992,11,7,4
2094,11,52,3
2850,12,30,3
4528,2,37,5
1456,1,6,2
4163,8,48,5
4394,1,35,5
3555,8,16,3
610,9,59,2
4323,6,10,4
1165,7,34,2
2660,6,18,3
2731,1,38,4
3698,1,12,4
2984,12,53,4
2553,1,43,4
3575,3,39,4
605,15,59,2
3984,14,42,5
3260,7,62,4
3763,11,31,4
3774,8,50,5
674,12,14,1
4079,1,12,4
4411,6,50,5
2637,12,8,3
3012,8,52,4
3982,12,59,5
1833,5,59,3
4885,11,43,6
689,2,52,2
4076,15,58,5
2965,4,46,4
3267,4,22,3
2592,15,8,3
4226,4,23,4
4756,14,50,5
782,8,33,2
2448,6,5,3
2359,9,16,2
1325,10,57,3
4841,1,40,6
1340,1,47,3
3989,2,22,4
553,5,38,2
2783,11,42,4
1268,6,42,3
4538,11,39,5
803,3,42,2
2758,1,29,3
731,7,56,2
2048,1,44,3
3434,7,7,3
482,9,3,1
616,15,52,2
2537,13,32,4
2119,1,28,2
2830,8,10,3
1054,10,2,1
1996,9,16,2
3360,8,24,3
1269,1,18,2
2289,4,59,3
2040,14,8,2
3082,10,41,4
4101,4,4,4
1282,12,35,3
180,1,54,2
1258,13,20,2
1194,7,31,1
3812,7,11,4
2489,10,56,4
3258,9,43,4
191,8,61,2
290,3,51,2
1355,11,40,3
3729,13,49,5
4764,2,48,5
2320,10,19,2
3885,12,24,4
1104,3,24,1
563,8,5,1
1648,6,43,3
1618,11,36,3
1729,3,10,2
3133,2,12,3
1265,1,2,2
4488,8,53,5
446,3,11,1
549,3,63,2
805,5,48,2
4868,12,32,6
3045,15,15,3
3141,5,29,3
3427,9,48,4
1630,5,37,3
2320,14,25,2
3351,7,29,3
3001,7,60,4
4834,7,5,5
3858,5,15,4
4842,14,59,6
1264,3,6,2
4054,11,53,5
2815,7,33,4
4624,8,18,4
3867,4,57,5
3647,6,35,5
4706,12,59,5
4070,5,38,5
377,10,63,2
4705,2,27,4
3384,12,51,4
4680,1,32,5
4475,12,29,4
3993,14,62,5
1012,13,29,1
3869,6,30,4
3504,10,54,4
290,6,37,2
1487,7,27,2
1494,5,23,2
3595,1,36,4
3246,11,29,3
4424,6,62,5
447,4,45,2
3801,11,23,4
4658,7,51,5
1275,2,36,3
939,14,19,1
4905,9,54,6
3139,7,6,3
534,14,62,2
1087,5,30,1
2013,12,12,2
3425,2,25,3
3108,1,39,4
385,13,56,2
4139,5,60,5
1675,14,46,3
728,10,45,2
3697,5,26,4
4751,15,17,4
4927,11,61,6
4869,3,21,5
266,9,55,2
2791,11,14,3
1534,10,56,3
4493,15,60,5
3310,1,36,4
3033,12,63,4
3477,5,13,3
664,11,57,2
1767,4,5,2
1450,13,37,3
689,2,31,1
3040,12,30,3
2992,1,19,3
553,10,42,2
3806,11,30,4
3692,4,10,4
2337,6,11,2
1094,8,11,1
982,10,54,2
659,2,9,1
4541,12,60,5
679,11,57,2
959,2,60,2
1534,6,50,3
3030,4,20,3
2474,10,45,4
1436,9,45,3
4549,4,35,5
1114,12,54,2
795,14,4,1
4717,2,24,4
3115,15,48,4
4451,12,3,4
3850,1,61,5
3914,6,47,5
4980,11,16,5
4277,1,36,5
1349,6,49,3
1094,8,60,2
1446,6,8,2
943,4,62,2
775,12,36,2
262,2,36,2
4313,5,6,4
2771,5,50,4
958,8,20,1
511,3,32,2
1949,2,62,3
2614,14,3,3
670,1,35,2
3208,2,45,4
3275,2,47,4
3919,1,14,4
3721,8,36,5
1093,15,35,2
4210,8,15,4
1267,10,36,3
922,15,38,2
4445,4,27,4
487,3,45,2
2898,13,43,4
3466,1,8,3
146,8,37,2
703,13,40,2
3860,8,22,4
1161,4,16,1
1185,5,58,2
4768,4,14,4
580,5,21,1
1131,15,52,2
3977,15,35,5
1229,11,27,2
4487,4,5,4
2104,9,35,3
2715,1,21,3
3728,10,20,4
631,10,58,2
4130,3,38,5
1998,7,32,3
303,13,20,1
1836,6,56,3
434,15,44,2
3173,13,63,4
1335,8,3,2
4081,14,27,4
4338,14,23,4
2240,12,18,2
4317,6,25,4
824,11,13,1
493,15,23,1
1563,14,41,3
2072,12,21,2
2397,8,4,2
2973,1,16,3
3401,15,44,4
4664,9,15,4
1990,5,49,3
4687,10,11,4
4660,2,21,4
1885,1,24,2
2255,4,55,3
1185,13,10,1
2204,12,40,3
1058,10,63,2
2279,8,52,3
1201,3,63,3
4062,15,11,4
1095,15,54,2
1285,10,41,3
1931,4,62,3
626,2,54,2
2966,2,54,4
1143,2,4,1
1784,10,13,2
1339,13,61,3
2157,1,21,2
199,10,26,1
1516,14,26,2
2873,10,29,3
2061,5,17,2
200,5,52,2
3175,11,54,4
4346,13,41,5
2189,3,22,2
4153,3,8,4
1061,8,13,1
3800,10,49,5
3063,14,43,4
4045,7,36,5
3707,4,19,4
3407,14,19,3
4319,15,12,4
2660,8,33,4
1518,10,60,3
2818,9,58,4
4725,6,34,5
285,7,48,2
4698,11,46,5
2932,12,34,4
4307,13,16,4
3183,7,19,3
3509,13,23,3
2127,13,7,2
2551,12,60,4
2665,5,23,3
451,13,7,1
2093,11,16,2
1247,13,39,3
3020,15,31,3
2674,4,57,4
3010,13,62,4
3579,2,55,4
4480,11,58,5
1973,1,31,2
1591,8,47,3
4288,2,54,5
4744,8,47,5
1827,9,33,3
2242,4,21,2
4598,1,18,4
858,6,30,1
454,8,12,1
666,14,51,2
197,1,44,2
3254,14,21,3
421,5,42,2
3045,11,63,4
2545,1,21,3
789,7,9,1
3717,6,51,5
3418,12,18,3
4105,4,58,5
4415,12,59,5
2809,14,13,3
1604,8,33,3
841,13,23,1
1367,8,28,2
3138,2,59,4
540,5,38,2
2865,13,52,4
1388,1,48,3
1890,3,58,3
2176,15,51,3
1064,12,27,1
525,3,32,2
927,10,30,1
2570,3,32,4
2603,3,25,3
3809,10,5,4
1967,2,47,3
4301,15,15,4
4344,7,14,4
1426,15,24,2
4972,7,9,5
2970,4,14,3
190,12,61,2
494,8,2,1
4639,15,59,5
2178,10,28,2
1083,10,18,1
4001,8,42,5
998,14,10,1
1053,13,28,1
3239,4,27,3
1190,6,50,2
3751,6,22,4
285,15,44,2
2673,12,47,4
237,13,49,2
1585,5,5,2
2100,14,15,2
802,15,43,2
672,4,46,2
273,13,60,2
392,12,12,1
888,14,63,2
4156,15,5,4
3558,9,60,4
1526,6,35,3
306,7,6,1
2401,14,60,4
2939,12,33,4
4619,14,17,4
1258,5,29,2
2705,2,3,3
2517,11,36,4
225,6,9,1
1522,11,58,3
3663,11,26,4
824,3,24,1
3245,10,37,4
186,6,26,1
3688,3,18,4
3870,14,51,5
2857,8,27,3
4223,7,47,5
4214,1,38,5
3347,13,22,3
4402,4,6,4
1027,2,25,1
761,11,11,1
4497,11,3,4
2870,11,27,3
2658,6,10,3
752,5,49,2
2425,2,54,4
4177,1,31,4
465,7,40,2
2652,12,58,4
4641,9,54,5
1195,9,37,2
555,14,33,2
2260,11,58,3
3866,10,9,4
4628,3,62,5
4426,15,4,4
2709,15,5,3
2381,12,26,2
2717,6,50,4
3780,10,28,4
3859,15,17,4
1987,1,24,2
171,11,48,2
3011,1,27,3
3055,6,16,3
125,12,52,2
973,6,27,1
2117,5,63,3
3742,12,56,5
2999,6,26,3
2519,10,43,4
1016,5,12,1
3612,6,14,4
3654,9,45,5
3417,13,2,3
1677,7,37,3
2465,14,32,4
4942,3,52,6
4225,9,23,4
160,6,37,2
1927,14,6,2
666,5,46,2
2407,4,54,4
2930,15,20,3
1322,13,49,3
4291,10,32,5
3780,1,24,4
1948,7,62,3
944,5,23,1
3339,1,58,4
2889,4,32,4
169,10,22,1
2654,1,4,3
1173,10,54,2
2905,4,61,4
1594,7,62,3
1531,9,12,2
4715,12,13,4
4636,12,43,5
4137,14,26,4
2053,2,49,3
3189,12,22,3
1196,4,8,1
2116,13,32,3
3697,1,12,4
1226,6,2,2
2365,8,15,2
1927,14,48,3
1159,12,24,1
1326,15,37,3
757,3,44,2
2162,11,6,2
867,13,41,2
3137,12,57,4
4467,5,6,4
2223,11,3,2
113,1,63,2
1817,12,39,3
157,5,7,1
1121,1,18,1
4679,5,6,4
3473,15,15,3
3699,9,37,5
3300,7,61,4
2828,7,48,4
1856,9,47,3
894,13,29,1
2209,11,13,2
154,5,34,2
406,8,41,2
728,7,25,1
1979,6,19,2
4396,6,59,5
4292,7,12,4
2565,10,47,4
4945,12,26,5
510,3,52,2
712,11,62,2
708,5,20,1
2441,12,5,3
4998,14,63,6
1399,2,8,2
2428,5,19,3
4800,15,16,4
2070,12,43,3
293,8,49,2
2704,13,16,3
1897,14,3,2
797,7,42,2
4012,12,37,5
4238,3,60,5
1907,13,8,2
113,7,30,1
4214,2,26,4
4246,4,56,5
3563,10,22,3
2451,2,50,4
4486,7,13,4
1321,5,58,3
4550,12,9,4
4462,14,22,4
1023,15,42,2
1707,9,25,2
4284,7,37,5
2077,2,3,2
1661,4,58,3
4111,3,30,4
1906,10,63,3
1948,2,14,2
2096,2,26,2
2638,8,8,3
1764,6,48,3
238,3,41,2
4471,8,37,5
1666,3,60,3
3919,5,59,5
710,1,37,2
3338,13,12,3
4642,1,30,4
4550,10,18,4
2943,12,14,3
1046,2,10,1
1239,11,31,2
1100,7,43,2
3236,1,10,3
1331,7,22,2
208,15,15,1
1903,15,28,2
2303,10,56,3
3939,9,36,5
1112,5,28,1
683,11,41,2
1858,11,26,2
2908,14,13,3
1233,6,9,2
4225,15,30,4
3162,14,6,3
1542,12,61,3
4553,10,39,5
4792,11,20,4
1504,7,36,3
875,14,47,2
830,12,47,2
388,8,46,2
1199,11,40,2
398,13,42,2
1680,2,48,3
845,2,48,2
4121,14,26,4
3658,9,19,4
4310,6,60,5
4074,7,24,4
263,12,63,2
2940,5,41,4
2360,1,31,2
392,8,62,2
495,13,2,1
2068,1,27,2
2569,15,21,3
1691,1,42,3
3251,2,42,4
2084,5,22,2
1504,4,56,3
539,4,60,2
4492,1,55,5
1574,1,46,3
4696,13,21,4
623,10,56,2
196,2,4,1
3092,13,62,4
2133,13,18,2
1744,2,62,3
2806,1,28,3
1829,10,19,2
541,11,40,2
4538,8,11,4
3408,3,21,3
2731,8,24,3
4321,5,9,4
1383,11,40,3
4734,12,38,5
1661,3,2,2
2500,6,55,4
3024,2,61,4
2131,11,8,2
2187,1,5,2
2860,13,29,3
4397,9,20,4
2688,3,7,3
3512,7,59,4
1370,9,52,3
2529,15,27,3
2061,4,41,3
341,9,38,2
3508,4,55,4
4185,2,20,4
3832,6,18,4
1534,9,30,2
195,3,60,2
205,2,50,2
4416,5,22,4
3052,13,6,3
1502,7,18,2
495,11,39,2
627,6,63,2
3227,4,42,4
2710,9,53,4
4682,13,41,5
3454,1,8,3
3628,14,28,4
2213,14,55,3
170,10,32,2
3051,1,35,4
3849,7,63,5
1910,5,58,3
2075,15,27,2
3327,4,7,3
2113,14,32,3
4158,5,13,4
2852,3,16,3
2325,13,63,3
2563,1,59,4
2291,9,2,2
4645,12,63,5
2977,5,60,4
4941,10,27,5
2469,6,38,4
3830,15,7,4
871,8,25,1
3125,10,48,4
2321,14,59,3
4048,6,37,5
1738,10,45,3
3329,3,58,4
1676,14,20,2
4596,8,57,5
2222,2,19,2
4169,7,39,5
4067,6,17,4
561,11,18,1
1673,2,12,2
1821,14,5,2
3953,4,59,5
4720,13,17,4
2843,15,10,3
167,3,24,1
4894,1,11,5
2910,3,27,3
3860,7,46,5
1076,15,37,2
3374,13,47,4
102,11,40,2
3378,14,4,3
668,6,21,1
1448,3,18,2
3947,13,47,5
3693,2,48,5
102,14,29,1
2765,6,2,3
3521,13,37,4
886,12,26,1
1016,7,34,2
1332,2,51,3
3274,14,22,3
1878,7,31,2
430,3,14,1
640,14,40,2
4458,14,51,5
2196,6,24,2
588,5,54,2
4593,12,7,4
3782,12,20,4
1779,15,11,2
1976,1,17,2
568,12,14,1
940,9,23,1
3549,4,3,3
4256,5,43,5
1032,3,27,1
2932,7,6,3
3170,10,31,3
3742,4,38,5
1723,4,23,2
4050,9,52,5
899,3,19,1
3573,13,30,3
985,5,20,1
3411,3,5,3
3180,13,9,3
4833,2,28,5
3144,6,56,4
2730,8,30,3
3581,5,45,4
1008,2,34,2
1797,12,8,2
398,5,62,2
3844,14,36,5
4520,13,5,4
1799,10,27,2
3804,12,60,5
3373,6,14,3
1959,15,12,2
1098,12,40,2
457,1,35,2
1851,12,26,2
2487,14,60,4
1043,3,22,1
140,7,37,2
1033,9,42,2
4172,14,42,5
1326,8,3,2
1390,4,26,2
3788,6,33,5
4260,10,2,4
1604,14,34,3
4906,15,7,5
938,15,14,1
612,11,18,1
2602,9,17,3
3175,13,39,4
4440,7,23,4
2696,14,44,4
1521,10,42,3
1970,11,8,2
1916,2,3,2
1973,6,2,2
4133,8,20,4
3342,1,17,3
2173,11,35,3
3383,1,30,3
4850,1,9,5
4073,4,27,4
2312,2,12,2
3952,7,11,4
2803,4,5,3
653,7,52,2
1828,12,35,3
2792,10,50,4
4802,11,24,5
3598,2,3,3
3622,13,34,5
2445,3,33,4
481,12,55,2
2664,1,21,3
3654,9,14,4
707,12,4,1
1402,11,30,2
2377,6,19,2
3683,13,7,4
3533,11,15,3
2539,15,5,3
1449,10,27,2
4926,13,13,5
3277,10,62,4
3008,7,39,4
1929,11,53,3
3087,4,59,4
4585,4,29,4
2406,10,42,4
4163,13,7,4
1619,10,39,3
3763,13,58,5
3937,8,45,5
2564,1,5,3
3939,11,9,4
677,7,45,2
2142,4,32,3
3022,4,33,4
3581,8,5,3
710,6,29,1
3455,5,8,3
270,14,10,1
2875,9,4,3
627,12,54,2
1212,14,34,3
4986,14,21,5
4554,2,20,4
2438,7,17,3
1340,2,4,2
3808,14,7,4
4568,12,39,5
586,5,30,1
505,3,51,2
3757,9,55,5
3556,6,35,4
2141,6,15,2
4041,14,27,4
4473,3,35,5
3459,9,10,3
826,12,57,2
2234,7,56,3
4189,14,34,5
2159,5,61,3
438,10,20,1
4650,14,10,4
2558,7,40,4
1021,14,7,1
4341,10,24,4
4287,2,58,5
1966,6,46,3
785,5,10,1
1664,6,27,2
3925,11,58,5
2802,12,11,3
3871,15,7,4
2357,13,15,2
1938,14,18,2
1423,12,61,3
4603,8,5,4
2781,12,48,4
3973,15,15,4
119,15,25,1
4428,3,14,4
892,10,60,2
4436,8,38,5
3389,9,2,3
2574,5,39,4
2072,5,34,3
4920,7,18,5
1813,13,15,2
4250,4,18,4
1008,3,47,2
1300,13,17,2
3652,12,8,4
3007,15,43,4
2414,14,60,4
3549,3,48,4
2778,9,13,3
4401,11,24,4
2743,10,41,4
4215,1,49,5
2219,14,7,2
3247,9,44,4
3460,8,59,4
342,14,39,2
529,1,31,1
4809,8,23,5
3094,4,2,3
4315,6,51,5
347,8,61,2
4982,1,4,5
417,15,41,2
816,4,41,2
4516,2,2,4
3438,1,38,4
382,13,37,2
4680,4,34,5
4765,12,49,5
1316,3,39,3
2674,14,46,4
4021,9,40,5
3516,1,45,4
3428,15,50,4
3875,11,62,5
1925,6,50,3
3747,14,49,5
4192,4,12,4
1189,4,55,2
387,3,47,2
1174,2,63,2
2231,4,33,3
2330,7,20,2
1897,7,22,2
4698,1,12,4
2666,10,23,3
4133,13,20,4
2484,3,29,3
3325,12,33,4
4313,4,27,4
4546,3,20,4
4826,14,16,5
3525,6,6,3
309,7,13,1
4319,4,46,5
689,12,24,1
232,7,60,2
4410,14,50,5
3939,15,18,4
439,6,12,1
3406,1,32,4
2784,1,42,4
1736,12,59,3
1901,4,62,3
3418,7,49,4
4373,4,9,4
1565,7,41,3
2727,6,23,3
4987,4,33,6
3795,10,11,4
574,8,40,2
2459,1,61,4
3549,7,39,4
2375,12,52,3
1927,12,46,3
2100,1,56,3
879,6,56,2
2543,7,7,3
2219,6,36,3
3629,13,12,4
1185,4,19,1
1571,8,34,3
1110,11,42,2
2663,8,14,3
2611,2,40,4
4944,14,6,5
3020,13,54,4
3069,13,37,4
207,15,47,2
1481,1,26,2
3521,14,5,3
2889,8,48,4
3143,7,56,4
1790,10,30,2
4939,11,25,5
2628,2,43,4
3588,5,22,3
4022,5,59,5
2740,7,42,4
2180,2,12,2
1675,9,28,2
1373,9,49,3
658,5,49,2
4066,11,38,5
2832,13,42,4
2430,2,11,3
2282,12,12,2
625,7,44,2
1749,4,10,2
3893,11,43,5
3540,3,4,3
1971,11,50,3
4617,7,50,5
2039,7,45,3
3171,1,7,3
246,7,49,2
3812,13,26,4
2593,10,8,3
3795,5,28,4
3455,7,51,4
1975,8,23,2
1971,10,58,3
3890,15,20,4
627,15,31,1
226,12,23,1
4092,7,24,4
3720,13,13,4
2304,10,3,2
264,2,30,1
2466,4,30,3
2654,6,15,3
3797,13,10,4
2852,13,46,4
785,9,43,2
2869,5,27,3
2872,12,60,4
1185,2,30,1
2070,4,6,2
3728,8,23,4
1324,4,60,3
3884,8,30,4
1739,4,14,2
1936,8,19,2
3658,13,8,4
797,3,14,1
3266,4,62,4
3877,10,46,5
1366,9,49,3
4440,5,49,5
324,3,37,2
3866,15,22,4
2260,3,29,2
2838,4,45,4
299,15,56,2
1938,2,39,3
1419,7,54,3
2790,7,4,3
1217,9,62,3
2350,8,55,3
1939,3,29,2
221,5,55,2
2768,8,63,4
3419,15,46,4
4599,8,23,4
1942,2,44,3
1589,13,44,3
3397,12,34,4
1835,1,51,3
2317,5,14,2
4829,1,42,6
4147,13,58,5
3398,7,58,4
223,8,60,2
4415,11,46,5
4898,6,38,6
3661,3,6,4
3048,14,37,4
230,12,41,2
3194,10,9,3
3611,1,3,4
2409,2,45,4
3497,2,44,4
1803,10,42,3
1158,2,18,1
4592,10,5,4
4145,5,20,4
3494,2,35,4
2727,9,63,4
966,15,59,2
2066,6,18,2
782,7,26,1
2661,3,6,3
1168,10,53,2
1185,7,18,1
1033,4,12,1
3730,8,59,5
2847,9,17,3
1874,5,17,2
1199,3,7,1
1096,14,39,2
3916,11,40,5
1412,6,56,3
1349,3,19,2
3395,6,47,4
1982,7,55,3
4555,6,4,4
3151,4,19,3
1677,7,53,3
3926,2,47,5
1167,13,8,1
4135,5,12,4
2588,6,48,4
4231,6,16,4
4830,5,38,6
1819,10,63,3
4567,5,15,4
2662,8,24,3
2517,5,59,4
3611,15,37,5
4132,11,18,4
3978,6,23,4
3070,10,25,3
719,1,28,1
2214,1,18,2
2753,1,24,3
1444,4,8,2
4141,3,62,5
3686,5,2,4
1506,7,51,3
2889,6,59,4
4232,3,51,5
1111,14,59,2
4037,2,28,4
2135,2,53,3
1518,3,35,3
950,10,38,2
1854,3,46,3
164,3,16,1
438,14,47,2
3501,8,57,4
4175,14,19,4
1283,3,57,3
4122,6,5,4
4691,9,30,4
3784,14,24,4
2725,8,44,4
2568,6,23,3
3953,13,21,4
3611,15,23,4
1952,10,13,2
4577,5,61,5
3041,5,46,4
4505,8,36,5
4464,7,27,4
1148,15,15,1
1467,11,62,3
2131,5,45,3
3271,11,21,3
2554,14,37,4
2707,10,13,3
1799,6,62,3
4585,12,10,4
819,13,34,2
3245,15,62,4
190,13,25,1
293,5,10,1
3667,11,25,4
4395,14,31,4
1968,9,6,2
2731,11,9,3
1918,6,16,2
145,3,46,2
2061,3,54,3
1336,10,56,3
2565,10,21,3
4353,4,59,5
3855,5,16,4
1380,12,23,2
1856,9,33,3
2381,10,7,2
114,11,39,2
1026,2,48,2
796,2,34,2
1332,14,62,3
2143,1,12,2
4230,15,29,4
1362,8,4,2
280,1,47,2
4226,13,50,5
2031,6,58,3
280,2,4,1
1819,9,30,2
1569,4,57,3
3229,10,12,3
752,11,38,2
1440,5,61,3
3350,2,46,4
2128,5,56,3
3091,7,44,4
2219,5,33,3
4059,1,51,5
1942,9,16,2
3339,2,5,3
768,13,33,2
2476,4,53,4
2804,14,44,4
195,6,63,2
3383,1,35,4
855,9,11,1
2815,9,31,3
1613,8,42,3
2232,9,19,2
2799,13,18,3
4795,4,6,4
2646,9,9,3
1098,4,62,2
3414,5,63,4
4702,6,41,5
1732,11,47,3
2163,7,6,2
2302,11,18,2
959,3,40,2
2311,2,40,3
389,12,43,2
2980,15,28,3
615,5,33,2
3289,10,8,3
1149,3,23,1
247,15,13,1
3034,11,51,4
534,15,25,1
4912,3,50,6
1222,7,44,3
2797,6,18,3
875,13,8,1
3240,11,49,4
385,12,18,1
3778,3,21,4
160,7,28,1
3543,10,46,4
1716,11,11,2
2392,10,7,2
1349,6,49,3
4814,1,33,6
4146,14,54,5
3360,5,58,4
4654,4,61,5
4978,3,9,5
391,3,60,2
3293,8,45,4
3848,3,63,5
673,11,45,2
931,2,20,1
4106,5,20,4
4413,10,23,4
453,3,36,2
2862,10,29,3
879,3,34,2
4195,8,7,4
4523,9,13,4
908,2,34,2
4264,13,51,5
3280,14,58,4
4750,1,35,5
2568,8,62,4
3612,12,51,5
3452,10,13,3
2663,10,38,4
3720,15,53,5
4673,6,37,5
551,12,59,2
2931,13,4,3
2652,9,37,4
1807,12,40,3
1137,13,62,2
4926,15,29,5
225,1,52,2
3709,15,12,4
3147,5,17,3
1556,15,55,3
4398,5,61,5
4801,3,4,5
4695,2,23,4
322,9,59,2
4133,11,50,5
3831,7,16,4
4065,15,36,5
2306,15,21,2
743,9,44,2
4451,3,5,4
3070,1,30,3
1826,2,21,2
4418,6,30,4
4726,6,15,4
4517,13,2,4
4017,2,19,4
4039,9,18,4
4134,10,16,4
2304,14,53,3
3931,1,26,4
2402,4,14,3
4883,4,57,6
4119,14,34,5
3164,1,25,3
288,12,35,2
550,5,12,1
1899,6,38,3
3897,9,63,5
187,11,48,2
3552,8,26,3
1905,15,42,3
1569,4,33,3
517,6,2,1
2946,7,30,3
574,6,42,2
4240,5,12,4
2304,1,23,2
218,7,13,1
3072,11,2,3
4817,7,17,5
1314,5,17,2
2133,15,40,3
3731,12,4,4
1519,14,38,3
3633,9,37,5
4606,12,31,4
225,3,62,2
3682,1,61,5
3500,5,4,3
1920,4,36,3
2459,6,53,4
3191,2,32,4
2888,15,36,4
4096,5,55,5
2537,8,51,4
4940,8,13,5
4605,12,50,5
4384,2,31,4
729,14,26,1
2318,3,24,2
786,9,18,1
4681,11,41,5
564,11,2,1
4324,7,18,4
3906,9,55,5
2685,13,59,4
1825,4,42,3
4693,11,44,5
361,7,46,2
1884,7,60,3
3281,13,36,4
4513,7,19,4
3749,10,11,4
4734,15,48,5
3253,11,60,4
709,13,60,2
2872,5,34,4
4772,6,7,4
1795,4,22,2
462,11,48,2
4357,9,31,4
3602,4,27,4
2929,9,62,4
1640,9,8,2
1671,5,22,2
4833,9,39,6
345,9,48,2
3011,12,51,4
1388,3,46,3
262,12,34,2
1020,13,55,2
1681,3,51,3
992,4,4,1
1228,8,13,2
160,3,34,2
1973,2,25,2
3995,12,8,4
2342,14,59,3
3626,6,9,4
3994,15,48,5
1771,15,38,3
1053,3,55,2
4739,9,36,5
2472,10,8,3
2010,9,5,2
3434,10,35,4
887,6,40,2
2977,5,23,3
703,11,34,2
4649,2,58,5
2697,8,12,3
4812,3,10,5
3558,5,43,4
4724,10,52,5
1796,11,16,2
4717,14,29,4
2874,4,31,3
2317,3,43,3
3803,11,50,5
465,3,45,2
3859,9,24,4
3669,2,5,4
4630,3,15,4
1489,5,20,2
4419,11,25,4
3604,11,58,5
2000,12,46,3
3772,4,57,5
968,12,37,2
3826,9,8,4
4723,5,61,5
4404,10,19,4
1150,5,44,2
4754,7,46,5
2572,4,50,4
2508,5,16,3
1774,1,48,3
4286,7,50,5
2329,11,59,3
2666,4,6,3
3711,2,42,5
3137,7,37,4
1050,8,63,2
3847,9,21,4
2774,8,8,3
802,8,11,1
1389,8,2,2
4066,13,35,5
4949,7,24,5
1038,2,31,1
1790,2,43,3
1401,12,41,3
2767,11,20,3
2603,9,58,4
3645,15,34,5
3352,13,35,4
2030,13,17,2
1378,1,35,3
3520,15,31,3
456,1,25,1
222,15,33,2
413,7,37,2
2418,10,17,3
2849,6,20,3
2204,6,41,3
739,8,59,2
3250,15,50,4
3677,11,4,4
1540,11,18,2
657,4,32,2
4193,14,4,4
965,5,13,1
184,5,39,2
618,14,47,2
2639,6,31,3
3456,1,41,4
2993,14,63,4
4545,4,7,4
4677,3,14,4
3482,15,54,4
1503,14,35,3
4677,11,6,4
2743,11,23,3
626,7,57,2
3862,12,10,4
4776,12,34,5
3856,1,28,4
4866,2,13,5
3993,12,49,5
4345,11,19,4
1363,12,48,3
4387,8,43,5
927,2,10,1
383,12,26,1
4088,11,31,4
3502,9,38,4
4429,4,43,5
432,3,17,1
4238,4,28,4
1534,9,24,2
890,7,53,2
4950,13,7,5
2244,11,32,3
4568,11,43,5
4797,4,15,4
2382,13,28,2
3591,7,18,3
2244,8,44,3
3465,11,60,4
4186,11,7,4
3955,8,15,4
3086,13,59,4
2399,12,20,2
4236,6,11,4
1423,11,57,3
4980,11,46,6
4196,1,57,5
2240,10,32,3
380,11,62,2
3689,11,28,4
2605,14,40,4
4683,3,41,5
945,6,4,1
506,1,48,2
1398,5,29,2
586,2,50,2
905,1,49,2
1526,10,25,2
3278,12,38,4
3556,3,12,3
2377,13,12,2
3376,2,52,4
1500,6,32,3
2325,6,48,3
4293,11,15,4
436,7,44,2
2324,7,12,2
4805,5,45,6
836,3,57,2
2895,6,7,3
3263,3,2,3
350,5,13,1
2363,3,3,2
2579,6,37,4
4019,4,10,4
3888,9,17,4
637,2,42,2
3306,7,43,4
2199,5,35,3
4867,9,2,5
174,10,62,2
951,5,34,2
3356,13,3,3
151,12,30,1
4821,5,43,6
1824,12,53,3
1185,2,10,1
4953,3,9,5
2873,6,29,3
1082,4,4,1
2479,11,45,4
2306,3,12,2
4482,5,2,4
4719,9,49,5
1101,3,7,1
3162,7,43,4
2460,9,14,3
126,4,46,2
4082,7,28,4
1601,11,24,2
2986,7,35,4
1489,11,44,3
2485,3,33,4
4603,1,62,5
4163,4,30,4
1199,9,7,1
4270,10,41,5
4454,7,15,4
4552,10,15,4
1638,6,34,3
3587,5,47,4
3225,11,25,3
1545,10,63,3
3611,10,36,5
4936,14,12,5
1676,1,15,2
3743,4,46,5
1054,3,46,2
4653,3,58,5
282,13,27,1
2406,12,49,4
4179,11,27,4
369,1,41,2
720,3,35,2
2498,10,16,3
1862,11,63,3
2649,10,29,3
937,8,32,2
3665,4,3,4
1880,7,23,2
279,2,42,2
1657,12,60,3
4453,7,36,5
4735,6,19,4
2395,8,45,3
1576,8,33,3
564,15,36,2
1198,13,48,2
201,8,7,1
610,15,5,1
3730,10,31,4
1671,4,51,3
2270,9,13,2
4625,8,38,5
1244,4,9,2
561,13,54,2
3838,2,22,4
2736,1,32,4
4923,12,23,5
4804,2,15,5
3028,5,10,3
298,11,34,2
3541,14,17,3
120,5,19,1
259,13,17,1
2469,10,31,3
399,2,57,2
4828,14,45,6
3644,4,13,4
2852,8,15,3
2606,1,41,4
1459,13,38,3
2874,15,31,3
4850,2,22,5
2814,15,7,3
2163,2,25,2
2449,5,14,3
1604,12,53,3
1482,2,53,3
1835,8,47,3
3748,3,62,5
2166,3,29,2
2749,8,18,3
1672,1,11,2
1562,15,14,2
4326,4,44,5
2235,7,34,3
4537,5,8,4
4234,15,38,5
4986,13,6,5
3845,13,61,5
1044,3,34,2
3476,8,35,4
493,5,15,1
451,6,52,2
1083,1,22,1
4006,3,19,4
3631,10,15,4
138,4,28,1
3085,14,40,4
1223,10,39,3
1598,10,49,3
612,12,27,1
3857,4,57,5
4871,5,29,5
2115,13,2,2
1666,9,57,3
721,4,14,1
4893,7,36,6
3559,8,57,4
1176,12,23,1
1738,7,46,3
4380,2,4,4
4396,15,48,5
2395,13,51,3
1557,1,22,2
1012,5,2,1
3817,8,36,5
2600,12,53,4
1629,1,39,3
2528,13,57,4
1983,2,11,2
3104,13,25,3
980,13,55,2
416,9,48,2
4854,6,53,6
3089,1,9,3
771,8,59,2
4023,3,50,5
4769,14,5,4
3481,4,35,4
4987,10,33,6
4725,5,45,5
852,9,59,2
1731,5,26,2
2707,6,54,4
659,14,32,2
1363,7,39,3
2369,13,11,2
4937,5,36,6
1790,5,41,3
3745,2,14,4
2528,14,61,4
457,2,15,1
1457,6,5,2
932,10,57,2
100,15,37,2
2699,6,4,3
683,10,52,2
244,15,63,2
3172,6,60,4
2864,3,4,3
1025,9,4,1
3674,12,49,5
3974,7,60,5
2971,4,63,4
2529,9,54,4
3403,4,9,3
1680,3,48,3
388,1,62,2
1019,4,53,2
1052,15,28,1
962,13,10,1
4992,14,7,5
3904,3,21,4
4167,12,37,5
922,14,11,1
961,3,29,1
2297,6,5,2
716,9,53,2
2543,1,3,3
4412,9,39,5
4075,12,2,4
580,2,44,2
267,11,59,2
2723,14,4,3
1826,12,6,2
2384,3,55,3
1133,13,9,1
3292,15,53,4
3114,9,17,3
3344,8,13,3
3000,9,21,3
1708,8,15,2
3895,6,29,4
112,10,63,2
3798,9,34,5
4923,13,44,6
2817,3,43,4
3797,4,47,5
665,1,48,2
2972,12,48,4
4888,7,25,5
3694,2,3,4
4677,1,39,5
1725,8,42,3
2234,10,7,2
3597,11,34,4
4882,11,6,5
1179,13,60,2
2948,9,45,4
2876,4,25,3
709,9,29,1
4042,3,49,5
1448,8,34,3
3024,10,50,4
2463,5,59,4
2110,12,19,2
3080,2,26,3
1624,12,38,3
1807,5,30,2
2565,6,53,4
448,15,62,2
650,5,53,2
3318,7,14,3
1782,4,54,3
128,11,50,2
3877,10,17,4
4797,10,14,4
4688,7,21,4
3027,9,4,3
854,2,39,2
1349,15,44,3
3503,11,59,4
4124,11,40,5
1900,12,15,2
4709,9,13,4
376,10,34,2
1462,2,18,2
4913,7,19,5
2484,5,44,4
539,4,13,1
1512,7,46,3
3512,14,27,3
2937,1,29,3
2846,3,14,3
1027,2,38,2
400,2,13,1
1462,14,58,3
831,5,63,2
2618,13,5,3
1156,10,21,1
4661,2,58,5
2438,13,11,3
4497,3,50,5
4680,15,46,5
775,7,48,2
463,2,52,2
2510,4,11,3
746,2,40,2
2490,8,29,3
3816,12,13,4
2119,13,23,2
3075,6,22,3
1204,8,46,3
4535,15,16,4
1052,6,17,1
1843,11,40,3
3040,1,3,3
2882,9,51,4
2269,9,16,2
4529,13,16,4
1106,5,24,1
2221,10,57,3
836,11,19,1
1420,7,30,2
4281,3,44,5
1827,2,34,3
4970,11,30,5
2647,8,60,4
2060,3,38,3
2270,2,18,2
4834,7,27,5
4111,14,44,5
3713,15,59,5
4105,13,10,4
4362,9,22,4
1782,6,41,3
1889,14,53,3
4626,2,2,4
4233,2,10,4
500,1,47,2
690,9,28,1
3112,4,15,3
2901,12,37,4
1614,4,60,3
4038,13,32,5
871,10,47,2
1798,4,36,3
1745,13,31,2
1529,1,19,2
3359,12,18,3
3207,10,42,4
4076,14,18,4
3537,11,53,4
412,13,51,2
973,14,48,2
189,8,29,1
1767,13,25,2
2454,9,38,4
695,9,60,2
205,9,36,2
2350,6,29,2
4522,12,15,4
1743,7,37,3
4245,1,36,5
3051,11,59,4
2234,5,51,3
4051,15,7,4
4946,6,63,6
877,13,63,2
4108,8,39,5
2747,1,52,4
3347,8,22,3
2808,7,29,3
569,2,10,1
1786,13,14,2
1448,7,17,2
2948,4,48,4
1020,10,48,2
2379,10,43,3
797,11,50,2
3773,6,24,4
1445,9,33,3
3397,4,47,4
3087,10,34,4
3362,2,55,4
1296,9,46,3
565,12,49,2
4059,1,22,4
1958,6,5,2
4394,7,62,5
3002,8,36,4
2276,4,43,3
4010,1,53,5
1115,1,47,2
4537,15,45,5
3254,1,12,3
1260,3,50,3
262,9,38,2
4861,14,42,6
2320,6,23,2
4374,7,43,5
4031,14,59,5
3324,7,53,4
4654,2,54,5
3076,11,50,4
837,15,14,1
4162,6,63,5
1323,9,37,3
2462,4,53,4
4601,13,42,5
777,8,38,2
2434,8,20,3
4119,3,59,5
3028,7,41,4
465,8,43,2
4745,6,59,5
1114,4,63,2
2115,14,56,3
1888,8,25,2
404,14,37,2
2877,11,56,4
510,4,60,2
4730,6,5,4
439,2,26,1
4184,12,62,5
692,2,32,2
3825,15,22,4
203,15,31,1
4176,4,62,5
2849,6,6,3
351,3,5,1
2831,13,33,4
2172,3,6,2
1312,6,50,3
3147,10,17,3
1631,12,28,2
3677,15,13,4
4663,8,2,4
857,6,58,2
3589,12,3,3
4986,8,9,5
1014,4,44,2
3663,5,35,5
4452,14,46,5
2280,3,26,2
284,7,35,2
1273,11,47,3
2895,7,49,4
1514,6,2,2
376,4,15,1
3742,7,33,5
3948,12,62,5
4315,12,30,4
4780,3,49,5
350,13,57,2
214,6,20,1
1044,12,31,1
3756,4,24,4
4820,5,6,5
3919,6,24,4
1908,7,57,3
359,14,36,2
3827,7,54,5
1619,7,54,3
4807,5,8,5
3326,12,32,4
3177,14,15,3
715,10,28,1
3692,7,51,5
863,5,41,2
1545,5,24,2
1424,3,45,3
2517,9,27,3
1024,12,8,1
1855,9,22,2
1273,1,25,2
4835,4,18,5
1652,11,61,3
1714,13,56,3
259,11,62,2
1279,3,44,3
494,15,10,1
2006,4,57,3
2518,2,16,3
1879,15,48,3
2812,6,5,3
423,6,25,1
1782,14,32,3
4707,7,13,4
4480,13,45,5
1945,14,9,2
2732,6,18,3
4877,13,63,6
2593,8,50,4
4216,4,44,5
4460,14,10,4
1939,2,18,2
2488,10,59,4
3368,7,17,3
3304,14,52,4
2987,1,36,4
4466,1,53,5
688,14,14,1
4574,11,13,4
1042,14,52,2
1667,5,31,2
3207,5,4,3
1812,5,6,2
506,3,38,2
4101,14,57,5
954,6,14,1
3407,15,56,4
1790,2,14,2
514,10,29,1
4264,8,58,5
3316,8,48,4
1166,5,45,2
3626,6,6,4
1890,2,21,2
293,5,29,1
898,8,37,2
3878,10,46,5
492,14,62,2
1732,14,49,3
127,7,62,2
3135,12,19,3
3931,15,63,5
2037,15,58,3
2606,9,24,3
1084,12,28,1
2920,9,3,3
908,8,43,2
3247,2,41,4
1325,15,51,3
1324,4,32,3
472,13,19,1
3493,4,53,4
2476,8,49,4
3803,2,48,5
1302,10,24,2
4339,9,17,4
292,12,27,1
4664,2,26,4
1365,4,38,3
4772,3,36,5
4628,10,48,5
2194,8,23,2
2443,1,10,3
403,7,35,2
2563,7,46,4
3131,15,24,3
1930,9,43,3
3844,13,28,4
2561,10,11,3
2813,8,17,3
654,6,5,1
1562,6,55,3
2703,6,32,4
1201,5,5,2
2255,14,48,3
486,1,51,2
4030,2,54,5
1517,11,15,2
621,12,17,1
3399,6,48,4
2181,2,20,2
2301,5,59,3
1253,10,4,2
2137,1,43,3
4752,1,47,5
104,6,4,1
1458,1,51,3
3580,4,21,3
1917,2,56,3
826,9,3,1
1720,1,21,2
4237,3,54,5
3330,7,27,3
3842,1,20,4
599,13,54,2
349,1,61,2
430,13,54,2
1972,6,51,3
3385,12,34,4
339,6,48,2
4995,4,35,6
1190,10,29,1
1314,3,49,3
3492,10,54,4
4367,1,57,5
3868,8,50,5
1800,8,15,2
2165,7,55,3
3543,4,15,3
4806,13,52,6
1753,2,30,2
2243,7,54,3
3069,8,27,3
2436,12,60,4
315,13,34,2
4121,5,6,4
4828,9,43,6
4654,10,3,4
3553,8,10,3
358,14,20,1
4874,13,28,5
2986,4,59,4
3567,10,60,4
3204,9,28,3
4985,1,27,5
4102,12,38,5
4093,14,38,5
4662,13,15,4
4064,9,4,4
528,1,59,2
2728,5,22,3
3270,13,47,4
2036,5,63,3
3303,8,38,4
4461,11,41,5
321,11,9,1
1480,5,7,2
2848,13,3,3
4089,12,58,5
4344,8,7,4
226,1,56,2
1363,10,60,3
2426,14,40,4
1730,3,12,2
1524,7,63,3
4048,15,6,4
3448,6,11,3
4292,11,53,5
4338,5,48,5
1347,7,40,3
414,15,39,2
3058,13,8,3
3542,5,37,4
3512,7,48,4
2773,10,19,3
4958,3,11,5
831,6,58,2
521,2,8,1
2985,1,37,4
2926,2,32,4
3547,4,51,4
3628,11,9,4
2644,10,41,4
3436,6,11,3
1501,11,41,3
3398,5,52,4
4163,8,29,4
3647,2,27,4
1279,3,21,2
2897,2,3,3
4470,10,47,5
4548,2,24,4
3130,4,61,4
1343,12,24,2
3431,2,18,3
2962,15,42,4
1990,2,58,3
488,3,22,1
4319,13,40,5
3475,1,27,3
1505,5,32,3
4307,11,9,4
2994,4,52,4
3397,11,8,3
2635,11,22,3
3730,1,53,5
2508,6,59,4
3334,7,51,4
4242,13,24,4
2747,15,14,3
3044,4,56,4
154,3,43,2
2414,9,43,4
4740,11,29,4
2089,15,41,3
4123,3,28,4
1443,5,33,3
3136,5,21,3
3229,7,63,4
2767,1,14,3
2421,11,43,4
2832,3,3,3
3294,3,44,4
2295,15,20,2
1333,10,50,3
2904,10,16,3
244,8,28,1
700,3,13,1
4968,7,55,6
2521,13,41,4
1479,15,11,2
4932,9,61,6
882,8,61,2
3635,6,29,4
1097,14,57,2
2314,5,5,2
4539,7,5,4
3432,9,29,3
3878,12,43,5
1772,6,45,3
289,11,30,1
3905,15,13,4
4690,11,50,5
2849,2,23,3
2593,15,5,3
3871,8,26,4
4628,4,51,5
780,6,9,1
405,14,30,1
1093,2,8,1
1501,13,9,2
4401,6,19,4
2587,2,27,3
868,1,61,2
292,11,10,1
3107,5,62,4
3429,4,37,4
111,11,32,2
1040,13,50,2
314,15,7,1
773,4,37,2
884,1,16,1
2956,9,19,3
817,12,50,2
2606,14,55,4
4906,11,41,6
4516,8,52,5
3938,1,45,5
2387,5,11,2
114,11,9,1
1289,12,26,2
3436,9,35,4
4365,1,37,5
825,10,7,1
4886,10,24,5
4273,3,49,5
838,11,37,2
307,12,21,1
1014,12,62,2
3020,4,24,3
293,2,56,2
199,9,24,1
1627,1,54,3
2350,4,37,3
2155,10,47,3
4051,12,46,5
4904,13,23,5
3715,3,24,4
4137,10,43,5
4203,9,10,4
1895,13,30,2
903,11,22,1
4348,3,39,5
3453,7,63,4
3474,11,38,4
3371,2,38,4
3186,8,31,3
1805,2,4,2
4592,10,34,5
2126,9,51,3
3666,9,62,5
4885,9,49,6
4191,13,40,5
1177,13,44,2
1820,6,17,2
4847,7,29,5
448,12,21,1
1507,14,44,3
3831,4,11,4
4651,11,52,5
4192,11,29,4
392,2,46,2
4354,3,37,5
1602,3,9,2
124,13,40,2
1744,1,25,2
1643,3,2,2
3777,15,18,4
4614,4,61,5
4565,4,21,4
1615,3,14,2
1912,10,14,2
3716,4,42,5
4452,11,32,5
4523,4,23,4
353,3,16,1
2918,5,16,3
4849,12,35,6
221,3,48,2
132,15,63,2
1383,8,37,3
2697,13,33,4
1276,11,14,2
4826,3,21,5
2636,10,26,3
4425,3,54,5
300,8,23,1
654,12,4,1
1289,1,42,3
3206,15,53,4
1050,15,30,1
917,11,42,2
945,4,5,1
329,3,19,1
2437,1,55,4
1020,1,41,2
2573,7,22,3
4954,11,32,6
1874,4,35,3
4261,5,18,4
3205,2,54,4
2102,15,53,3
1026,3,27,1
765,12,26,1
3503,1,5,3
4320,15,61,5
1986,4,40,3
4563,11,61,5
2157,8,29,2
4332,12,39,5
280,12,3,1
1577,11,53,3
2233,11,4,2
4915,13,30,5
4409,3,29,4
1290,14,61,3
1440,1,39,3
4247,4,28,4
2343,9,8,2
812,14,22,1
781,10,39,2
686,8,15,1
1510,15,53,3
463,10,45,2
2032,3,24,2
4572,4,53,5
3744,15,36,5
1197,11,31,1
826,5,30,1
599,15,10,1
1220,7,46,3
2074,1,52,3
689,3,24,1
947,13,6,1
1206,1,15,2
1028,3,16,1
3212,11,16,3
3109,11,63,4
2761,13,61,4
3860,6,36,5
1899,9,12,2
695,6,30,1
2360,8,38,3
4792,14,9,4
2268,4,51,3
2603,15,22,3
4620,5,16,4
4910,13,46,6
1772,8,13,2
2388,13,34,3
1731,1,48,3
3619,8,40,5
3079,14,9,3
530,15,25,1
2836,2,33,4
794,6,8,1
218,4,26,1
2029,12,50,3
1698,12,38,3
2911,10,47,4
589,13,18,1
2561,10,63,4
640,4,32,2
1561,5,11,2
1366,1,56,3
1374,4,44,3
3337,8,51,4
382,13,51,2
2875,9,57,4
1157,2,9,1
3962,6,2,4
855,5,10,1
3240,8,43,4
1752,8,49,3
172,15,27,1
2978,13,11,3
2130,8,27,2
3969,10,59,5
1647,1,46,3
2935,14,19,3
3875,10,60,5
1024,4,58,2
282,11,4,1
1391,2,29,2
2681,4,18,3
3921,13,16,4
3066,6,36,4
4496,4,59,5
206,5,43,2
4991,3,26,5
4939,11,14,5
1708,2,3,2
3368,7,36,4
101,6,58,2
2765,3,62,4
4735,14,23,4
2480,10,19,3
4376,9,22,4
2801,6,12,3
273,5,50,2
3914,8,59,5
480,2,54,2
2093,6,58,3
2648,6,44,4
1321,7,50,3
4742,3,48,5
3091,6,43,4
1038,3,5,1
4471,14,63,5
4251,13,26,4
3279,8,35,4
2150,5,57,3
935,6,47,2
4078,9,6,4
4044,9,42,5
1696,11,34,3
1602,5,63,3
3036,10,45,4
4617,7,8,4
3511,6,29,3
3682,14,45,5
1886,10,21,2
1979,13,11,2
3961,4,31,4
1932,1,53,3
311,15,61,2
209,4,4,1
2784,2,29,3
1491,13,32,3
1484,8,41,3
2538,2,40,4
1553,9,32,3
4657,10,3,4
3426,14,32,4
2944,6,19,3
934,5,11,1
458,13,33,2
4416,13,49,5
435,9,9,1
952,15,22,1
4538,2,22,4
981,1,44,2
3153,9,47,4
2627,10,22,3
3410,4,32,4
317,2,28,1
103,6,30,1
4731,1,15,4
4108,11,10,4
4558,4,12,4
1647,15,8,2
2959,12,6,3
2284,11,9,2
265,15,42,2
2736,4,60,4
2972,10,4,3
1050,11,34,2
3387,7,20,3
997,3,48,2
467,11,49,2
4041,8,33,5
4433,2,42,5
438,4,10,1
3410,8,12,3
2293,4,36,3
165,14,13,1
573,5,13,1
1187,10,63,2
1851,15,35,3
3667,8,51,5
766,8,58,2
1432,12,52,3
1566,5,58,3
4825,13,37,6
3712,6,35,5
2219,9,31,2
322,2,42,2
1905,13,4,2
679,3,35,2
1664,11,50,3
2716,15,56,4
2777,9,33,4
2516,14,16,3
3582,13,59,4
3862,3,9,4
1761,5,52,3
4942,3,40,6
3097,15,43,4
173,10,50,2
2733,4,10,3
1537,3,27,2
2626,10,23,3
2387,4,52,3
3328,1,39,4
4140,12,31,4
1070,8,34,2
3899,10,15,4
4540,14,6,4
3162,11,11,3
3869,7,45,5
1521,6,26,2
140,7,21,1
1561,8,53,3
873,1,12,1
304,13,52,2
996,7,52,2
3679,14,35,5
896,9,17,1
1841,4,5,2
3038,2,58,4
509,1,37,2
709,8,54,2
2849,9,53,4
2151,11,29,2
4234,12,11,4
2772,3,25,3
4741,8,49,5
219,14,10,1
380,15,7,1
2418,15,38,4
1252,8,11,2
4571,11,62,5
3052,12,32,4
4510,1,37,5
2289,8,42,3
1228,2,53,3
898,2,35,2
4923,12,10,5
603,4,30,1
4248,10,42,5
4439,7,39,5
2541,2,47,4
4813,14,2,5
1294,5,51,3
3317,4,59,4
1438,6,13,2
1455,3,24,2
4559,9,2,4
185,1,32,2
2606,13,39,4
1937,8,26,2
1300,6,39,3
2543,4,60,4
2747,9,56,4
4766,1,5,4
3480,9,44,4
3495,2,27,3
4552,13,62,5
1826,6,33,3
1664,11,29,2
1986,8,34,3
188,2,28,1
3592,12,2,3
2426,15,9,3
4954,15,22,5
532,15,24,1
1209,5,58,3
4054,10,33,5
1745,10,4,2
2553,13,45,4
4564,14,55,5
2541,4,7,3
923,5,7,1
2074,13,50,3
3062,12,60,4
4228,10,59,5
902,4,58,2
478,15,26,1
3202,3,62,4
1557,4,57,3
1242,11,42,3
3985,5,15,4
4973,15,20,5
4518,1,14,4
2309,13,38,3
1930,11,42,3
4413,4,31,4
3879,11,29,4
3069,9,43,4
2982,8,37,4
2237,5,57,3
229,3,8,1
4207,2,20,4
1504,8,50,3
131,13,15,1
2198,8,50,3
479,5,27,1
3529,11,21,3
366,11,15,1
1923,7,40,3
1586,1,33,3
153,15,48,2
617,6,61,2
1917,10,31,2
1417,11,29,2
2795,9,45,4
3700,11,46,5
1462,7,19,2
2528,5,31,3
1548,6,39,3
3992,14,7,4
721,13,7,1
2755,15,4,3
1347,7,8,2
2900,13,45,4
1432,6,35,3
993,5,19,1
2133,12,2,2
1393,13,28,2
1700,2,55,3
1092,13,16,1
740,12,44,2
3174,11,25,3
2894,3,28,3
3511,4,63,4
1828,5,30,2
3613,1,53,5
415,10,21,1
1339,13,56,3
4439,12,41,5
4669,7,31,4
1902,14,45,3
2327,8,19,2
3022,13,38,4
2217,12,20,2
651,7,16,1
3797,5,57,5
1577,1,50,3
4340,14,24,4
1786,9,44,3
3906,2,7,4
4275,10,51,5
1686,12,47,3
2745,1,39,4
1779,2,41,3
4368,4,45,5
4384,14,31,4
2927,2,50,4
105,6,57,2
4071,8,11,4
4809,9,31,5
4061,8,2,4
3373,14,30,3
3915,13,26,4
1170,11,32,2
2744,8,16,3
216,9,18,1
3446,14,9,3
2430,8,41,4
238,2,11,1
425,7,47,2
652,3,58,2
4878,1,16,5
674,15,43,2
1552,10,29,2
3451,9,27,3
3528,8,21,3
4912,14,14,5
547,14,32,2
3506,6,52,4
556,12,53,2
3466,2,15,3
3293,11,30,3
1680,1,15,2
4000,10,41,5
2613,6,15,3
4195,5,21,4
1830,2,42,3
1983,1,36,3
1549,13,6,2
1932,3,57,3
1038,5,16,1
221,9,57,2
4858,8,14,5
2505,13,2,3
3868,14,8,4
1200,9,13,1
2930,5,33,4
1648,4,22,2
3232,3,13,3
577,3,37,2
2769,11,34,4
2619,4,5,3
1137,11,52,2
4852,5,50,6
843,14,10,1
929,10,40,2
4478,14,8,4
139,15,19,1
134,12,60,2
194,7,62,2
3870,12,24,4
4164,9,37,5
4206,12,21,4
2910,11,32,4
349,12,26,1
965,4,37,2
480,5,4,1
3980,5,54,5
3843,14,55,5
3048,4,57,4
4821,3,63,6
4654,7,21,4
350,5,26,1
1961,2,31,2
3070,13,52,4
3864,9,22,4
4755,1,63,5
1590,15,49,3
157,12,60,2
2448,4,36,4
3327,15,55,4
4351,11,36,5
2910,14,31,3
294,7,17,1
3124,14,24,3
1029,8,61,2
4751,10,12,4
3503,11,13,3
1852,11,36,3
3448,6,6,3
1525,7,40,3
4231,9,57,5
2729,6,42,4
567,7,45,2
4888,14,39,6
4962,2,23,5
3651,7,18,4
1591,7,55,3
3798,14,22,4
226,15,58,2
4188,15,28,4
2871,2,46,4
4715,5,53,5
4451,4,14,4
915,7,53,2
4602,4,31,4
1636,9,47,3
101,9,60,2
3757,13,16,4
4488,5,19,4
2909,8,44,4
3265,3,56,4
2198,4,12,2
3343,13,39,4
4355,2,8,4
2331,11,42,3
1941,3,35,3
1315,12,33,3
4361,12,14,4
1761,4,17,2
998,9,27,1
2192,15,57,3
3361,4,60,4
2282,1,41,3
4020,13,42,5
2124,15,55,3
1865,2,35,3
2170,15,22,2
3331,7,19,3
4709,15,21,4
2821,2,13,3
3360,11,22,3
2143,15,41,3
1234,3,33,3
3553,15,43,4
1898,11,10,2
365,10,48,2
572,3,62,2
4837,8,60,6
2049,7,12,2
1204,1,54,3
415,8,12,1
2164,3,39,3
283,5,29,1
2745,7,18,3
4092,3,34,5
4979,15,50,6
252,8,35,2
1394,8,25,2
1736,9,22,2
3612,6,44,5
1906,2,43,3
1307,8,36,3
1672,14,38,3
3460,15,12,3
2278,10,57,3
1428,2,33,3
793,9,40,2
2257,2,27,2
204,15,19,1
3198,7,59,4
2535,12,42,4
2276,3,13,2
2586,1,43,4
1233,8,21,2
2816,11,39,4
3705,13,35,5
3322,7,28,3
2667,3,54,4
1949,1,55,3
3251,12,35,4
4678,12,2,4
3259,10,16,3
2718,4,15,3
3261,5,59,4
1379,13,44,3
293,3,28,1
479,5,4,1
4430,1,60,5
778,15,3,1
719,7,13,1
3054,2,55,4
2799,5,60,4
1763,10,52,3
3654,14,35,5
2203,2,30,2
523,8,47,2
2002,3,24,2
4083,1,50,5
4372,6,10,4
3459,15,16,3
3544,11,2,3
2576,13,38,4
312,14,40,2
3635,8,11,4
3498,7,22,3
3048,6,36,4
2531,5,51,4
271,8,35,2
1732,10,42,3
440,15,12,1
4345,14,49,5
4596,4,55,5
1724,7,47,3
789,2,5,1
1847,9,11,2
4354,8,49,5
4141,12,11,4
2198,12,40,3
1883,4,32,3
3972,13,51,5
3020,7,53,4
119,1,63,2
1073,5,50,2
3039,2,12,3
171,14,5,1
2889,2,24,3
2111,2,43,3
2477,2,42,4
3804,5,12,4
1099,4,6,1
1777,1,23,2
161,11,40,2
3269,6,42,4
226,3,12,1
3764,8,59,5
1983,2,12,2
3719,8,49,5
2887,6,59,4
4204,5,9,4
2895,10,58,4
2886,6,54,4
1360,13,58,3
244,6,41,2
4189,4,35,5
1648,1,61,3
2094,2,50,3
726,8,63,2
4164,9,62,5
575,4,53,2
2411,11,29,3
503,14,3,1
4318,15,52,5
4394,8,14,4
3488,10,56,4
655,6,43,2
1302,15,15,2
3613,11,6,4
4067,1,36,5
1240,6,35,3
2906,7,10,3
1537,14,8,2
1990,1,58,3
3664,11,37,5
712,12,36,2
3905,9,15,4
4597,6,63,5
380,8,11,1
261,8,52,2
143,13,52,2
4106,9,18,4
2623,1,11,3
1725,13,33,3
3342,6,25,3
2039,9,40,3
1893,8,21,2
2645,4,35,4
1925,5,40,3
922,9,41,2
568,5,16,1
2091,9,50,3
2362,1,61,3
2766,10,15,3
2987,9,41,4
420,10,16,1
1039,9,13,1
2446,6,62,4
3245,7,19,3
4640,6,16,4
240,4,7,1
981,7,57,2
1625,11,62,3
1151,2,9,1
4353,3,58,5
3253,11,47,4
925,12,51,2
2168,12,19,2
1469,4,43,3
2364,3,32,3
4684,9,38,5
2460,13,4,3
3957,4,25,4
4087,14,32,5
4357,10,28,4
1517,1,25,2
388,12,41,2
3798,14,60,5
4086,12,25,4
2836,14,57,4
129,8,54,2
310,4,46,2
4664,13,13,4
2462,9,40,4
2905,12,28,3
1615,9,30,2
3121,9,61,4
4472,11,2,4
3096,9,2,3
4630,13,57,5
507,13,38,2
2376,13,13,2
1810,13,5,2
925,7,8,1
3220,12,46,4
495,9,49,2
3852,7,41,5
1695,11,16,2
880,12,27,1
2592,15,56,4
1208,8,26,2
600,2,32,2
1958,12,58,3
3412,4,43,4
329,4,26,1
345,4,26,1
200,3,26,1
2956,13,18,3
3100,1,12,3
1793,6,22,2
1168,5,59,2
4269,15,17,4
356,11,48,2
1226,3,34,3
1215,12,39,3
1360,7,8,2
2870,6,12,3
4279,15,6,4
631,4,35,2
4194,9,16,4
957,4,26,1
3718,9,9,4
2240,3,2,2
3132,14,63,4
2459,14,57,4
2441,7,34,4
2880,7,15,3
4793,15,48,5
4637,1,61,5
2777,1,44,4
4817,2,6,5
3883,4,27,4
4781,13,40,5
562,2,23,1
1442,10,3,2
720,10,36,2
1610,13,39,3
4106,5,4,4
1016,2,2,1
3399,8,35,4
2963,6,42,4
4197,3,12,4
3582,2,63,4
874,14,36,2
3276,15,52,4
1341,14,6,2
2422,9,30,3
1035,1,18,1
1437,6,44,3
4605,7,2,4
3629,15,34,5
4999,13,47,6
399,9,31,1
2144,7,14,2
3171,4,53,4
4003,12,46,5
2786,2,10,3
1914,6,54,3
172,12,9,1
1154,12,12,1
1514,14,4,2
4394,10,49,5
2528,12,27,3
4909,15,21,5
2321,11,54,3
4096,7,13,4
3900,14,3,4
332,6,20,1
1921,4,2,2
1558,13,30,2
3894,11,24,4
3672,7,49,5
1665,10,7,2
3461,6,44,4
1855,6,35,3
2422,2,42,4
4201,11,20,4
3316,2,33,4
3272,13,20,3
702,6,60,2
3315,1,46,4
3623,8,62,5
122,9,31,1
3366,8,34,4
3617,10,62,5
2491,6,43,4
2034,13,48,3
4142,10,40,5
678,1,2,1
2614,13,25,3
4367,8,60,5
4681,2,51,5
4902,4,36,6
4238,1,26,4
1235,1,63,3
846,5,16,1
4001,12,28,4
1518,12,16,2
4674,15,61,5
3308,14,17,3
3049,6,43,4
4436,11,63,5
3737,9,63,5
2977,3,57,4
732,12,23,1
4430,13,24,4
4533,2,2,4
698,14,18,1
3302,2,60,4
995,8,12,1
4686,9,3,4
1382,15,30,2
1062,8,59,2
1410,12,7,2
3498,3,13,3
4762,15,56,5
1070,13,51,2
2239,10,4,2
991,10,46,2
2375,8,14,2
3281,10,3,3
2428,14,29,3
2697,11,3,3
2975,14,2,3
3256,6,46,4
1321,6,17,2
3247,14,2,3
1076,9,57,2
1296,8,32,3
711,1,45,2
723,7,61,2
4963,6,33,6
1549,5,60,3
2781,3,59,4
4288,1,19,4
1992,8,47,3
3713,15,27,4
4004,12,25,4
3759,3,42,5
1929,14,49,3
3511,7,31,3
1905,6,9,2
581,2,5,1
4030,2,47,5
4956,11,61,6
3404,3,47,4
3404,3,26,3
3132,2,27,3
2925,15,11,3
2186,13,2,2
2755,14,32,4
325,8,63,2
3066,1,47,4
2627,3,20,3
2490,1,4,3
2554,4,23,3
2937,1,39,4
3446,1,40,4
738,12,59,2
4869,4,27,5
2015,6,56,3
125,11,58,2
1811,6,16,2
1680,12,14,2
486,4,61,2
1079,7,11,1
1051,8,55,2
4680,2,19,4
3985,9,6,4
210,5,60,2
665,6,45,2
3964,1,46,5
4860,13,33,6
1876,15,50,3
2338,4,52,3
2203,7,37,3
3197,6,60,4
4305,15,48,5
3107,14,54,4
2598,2,57,4
4348,7,21,4
888,14,25,1
2821,9,16,3
1111,9,41,2
1624,13,59,3
3785,14,24,4
3532,3,42,4
3708,6,60,5
4388,1,15,4
867,4,42,2
1490,5,44,3
3099,9,40,4
4467,3,12,4
643,9,23,1
4046,14,36,5
427,5,32,2
4540,3,18,4
2543,2,19,3
2599,9,44,4
3618,11,54,5
3581,15,47,4
4639,12,46,5
1965,13,15,2
4768,11,26,4
2152,13,26,2
4867,6,56,6
1219,6,62,3
2937,15,23,3
2979,2,27,3
3515,8,43,4
4942,5,13,5
3660,10,56,5
4723,6,44,5
2454,9,33,4
2111,8,39,3
1750,9,6,2
3096,7,55,4
486,1,18,1
4080,12,22,4
4159,1,46,5
123,4,18,1
4118,12,54,5
277,2,33,2
4655,9,63,5
4570,4,35,5
3860,5,60,5
4484,2,43,5
1309,15,6,2
1285,9,27,2
3009,8,5,3
2128,14,46,3
1581,7,21,2
3014,12,32,4
1202,7,55,3
4382,12,59,5
2686,15,9,3
484,8,7,1
2855,15,18,3
1889,10,44,3
3013,15,26,3
1052,10,5,1
698,7,15,1
4118,10,40,5
2102,7,18,2
2270,6,61,3
1591,9,16,2
354,4,26,1
2359,5,52,3
383,6,14,1
2427,7,36,4
3339,5,11,3
3374,5,41,4
2875,10,31,3
3092,10,19,3
4811,14,58,6
3832,6,4,4
3555,10,19,3
1958,9,22,2
2977,6,26,3
3509,15,45,4
4173,14,58,5
1181,8,57,2
2055,4,41,3
739,7,48,2
882,5,8,1
1441,4,52,3
1289,13,32,3
2723,12,36,4
719,2,6,1
1467,9,10,2
1834,5,2,2
814,11,63,2
1066,13,20,1
4092,6,42,5
4132,1,56,5
3401,4,33,4
4701,5,3,4
4396,15,19,4
3278,15,18,3
2903,4,59,4
568,2,36,2
2169,1,5,2
3218,9,48,4
4220,15,2,4
3785,13,15,4
1440,4,14,2
3863,8,49,5
2115,11,17,2
4403,8,34,5
1112,12,36,2
2167,12,6,2
4812,14,57,6
3789,15,38,5
457,4,13,1
2832,8,48,4
4338,12,40,5
2319,4,10,2
1778,6,2,2
3803,13,38,5
4825,5,19,5
953,11,2,1
495,14,48,2
3070,15,8,3
1014,1,24,1
4397,15,18,4
2118,9,43,3
4956,11,63,6
3023,6,40,4
3221,14,49,4
864,12,39,2
4011,10,55,5
2286,15,45,3
2802,13,50,4
3746,11,32,5
1468,9,44,3
3693,4,11,4
2389,4,40,3
2592,14,50,4
4114,4,59,5
2196,2,59,3
1117,3,13,1
1668,13,61,3
945,5,38,2
4376,13,34,5
4488,15,45,5
4985,4,34,6
1344,1,46,3
4837,8,63,6
1015,4,45,2
574,4,48,2
3942,7,9,4
541,6,13,1
4777,14,54,5
2504,2,28,3
3746,4,44,5
4092,12,38,5
296,2,60,2
2486,12,36,4
4140,3,28,4
1261,11,12,2
4820,11,51,6
2193,10,11,2
3132,6,21,3
2261,13,34,3
1270,11,56,3
2389,9,57,3
3089,14,19,3
4427,1,17,4
1493,4,2,2
292,14,40,2
169,8,16,1
3465,13,55,4
3017,4,6,3
3018,15,16,3
3040,6,63,4
2292,11,23,2
4780,15,46,5
4320,1,39,5
3317,10,46,4
3409,13,26,3
4936,4,62,6
1258,7,53,3
1542,6,34,3
4367,9,61,5
2986,11,37,4
4490,3,60,5
622,5,25,1
2413,7,61,4
3299,12,11,3
3525,11,47,4
3247,1,5,3
2505,12,54,4
1745,9,52,3
2883,11,7,3
787,9,10,1
4216,3,45,5
307,8,15,1
4950,2,60,6
361,4,61,2
3230,7,29,3
711,9,54,2
3630,4,19,4
2777,1,32,4
4102,7,36,5
2543,3,36,4
838,11,37,2
4138,10,20,4
284,9,34,2
768,10,32,2
2872,9,26,3
3744,2,48,5
4960,12,61,6
1696,7,60,3
315,14,48,2
1378,8,47,3
3648,11,8,4
4737,1,5,4
3322,15,58,4
853,5,44,2
2367,13,3,2
1032,11,61,2
2582,8,26,3
935,13,26,1
3663,13,35,5
463,13,40,2
3874,10,53,5
4688,2,48,5
1416,1,38,3
3780,14,54,5
726,10,26,1
3682,4,62,5
642,15,23,1
1276,15,50,3
556,1,38,2
1276,15,2,2
460,13,33,2
4881,5,49,6
3132,8,16,3
385,11,49,2
503,15,15,1
2426,8,8,3
4322,15,4,4
484,9,3,1
2290,5,56,3
3192,8,58,4
354,10,54,2
213,5,37,2
1362,7,30,2
4740,13,11,4
1605,11,14,2
4061,15,54,5
4260,8,40,5
1302,13,53,3
4658,12,58,5
2562,15,39,4
4507,12,20,4
644,13,45,2
3277,8,19,3
1686,15,63,3
3816,13,5,4
1417,12,48,3
1768,2,31,2
155,1,10,1
1066,15,51,2
2044,12,36,3
2598,11,52,4
1431,12,54,3
3463,8,38,4
1499,9,11,2
3647,12,44,5
2810,7,40,4
4002,14,2,4
3920,8,3,4
1734,9,38,3
3020,10,6,3
3789,10,33,5
3675,13,46,5
3072,10,32,4
4495,4,40,5
316,3,29,1
2917,4,8,3
207,10,52,2
2508,3,53,4
1266,2,3,2
4938,1,45,6
1547,4,12,2
1298,11,49,3
1327,14,51,3
4695,15,20,4
407,5,28,1
4027,8,49,5
1769,7,24,2
1299,11,32,3
3869,11,7,4
2248,6,50,3
1766,6,10,2
2499,11,34,4
2293,5,24,2
3355,11,30,3
1983,4,41,3
244,8,31,1
3971,8,63,5
175,11,7,1
2872,10,61,4
485,11,18,1
2314,3,3,2
546,8,40,2
4596,5,15,4
1223,1,17,2
2181,8,38,3
4001,7,42,5
2563,7,25,3
697,5,5,1
477,5,54,2
982,15,30,1
1979,7,47,3
2916,11,27,3
3660,14,20,4
3493,9,19,3
2299,13,29,2
2891,10,29,3
101,1,32,2
1824,8,13,2
2046,14,22,2
3514,13,33,4
1057,11,5,1
4990,14,24,5
3375,10,59,4
3179,15,14,3
3959,14,59,5
1815,9,18,2
1629,14,32,3
1396,7,23,2
3792,2,10,4
2436,12,7,3
4506,5,10,4
2350,11,3,2
2476,14,60,4
2245,14,63,3
463,4,9,1
1614,7,49,3
419,3,43,2
3259,8,10,3
4552,5,63,5
3540,6,36,4
267,4,39,2
2333,7,22,2
694,9,39,2
1112,4,13,1
4810,15,44,6
3521,6,47,4
1642,6,42,3
2590,1,47,4
926,9,4,1
3541,11,25,3
4307,2,49,5
2433,10,29,3
2541,14,63,4
1221,1,62,3
4362,5,56,5
1404,2,43,3
2059,10,44,3
4235,15,10,4
587,5,5,1
1638,11,28,2
535,1,4,1
3985,15,12,4
1221,15,10,2
4520,7,52,5
569,14,63,2
3999,4,48,5
2649,8,31,3
1375,12,36,3
3426,8,63,4
4604,7,62,5
4037,1,34,5
1221,3,16,2
2255,6,31,2
449,12,12,1
2270,6,53,3
358,6,40,2
2552,2,57,4
2102,15,32,3
276,8,3,1
1937,3,59,3
2529,5,8,3
4165,9,62,5
4058,12,58,5
4017,7,37,5
1703,9,10,2
386,13,27,1
4654,4,53,5
4967,1,11,5
3808,13,32,5
2459,10,43,4
2313,13,16,2
2409,3,18,3
2648,11,28,3
3067,5,55,4
3095,14,62,4
4306,14,37,5
1196,10,15,1
2312,1,54,3
1733,7,29,2
1761,1,9,2
1087,8,51,2
3221,15,29,3
4974,7,45,6
4093,2,31,4
3103,12,42,4
2943,13,62,4
3895,11,30,4
2915,15,13,3
2492,7,36,4
674,11,20,1
3360,11,55,4
4349,6,47,5
1782,14,6,2
1301,7,13,2
246,1,7,1
1866,7,6,2
2891,9,25,3
370,8,42,2
115,7,19,1
3063,2,26,3
3683,12,59,5
4342,14,61,5
4119,13,57,5
1131,7,29,1
4245,11,50,5
1824,2,25,2
3051,4,24,3
112,1,2,1
1325,3,15,2
758,5,20,1
4629,6,39,5
3578,3,34,4
2076,3,38,3
4045,13,7,4
2305,14,35,3
3072,10,24,3
2720,13,56,4
3718,14,28,4
1491,6,15,2
4572,13,23,4
3277,9,39,4
2518,15,15,3
2257,2,23,2
2441,2,46,4
4157,7,62,5
2478,4,10,3
2571,12,12,3
2371,1,45,3
2320,6,13,2
3300,9,26,3
345,12,3,1
2443,12,10,3
708,10,51,2
451,12,46,2
3819,13,36,5
392,15,61,2
3626,6,33,5
3283,11,63,4
4911,13,15,5
4272,6,30,4
1710,4,58,3
4275,11,20,4
3727,1,37,5
535,7,47,2
3864,4,6,4
3957,12,18,4
4107,9,35,5
3360,4,44,4
1916,11,23,2
4230,9,51,5
4778,1,12,4
311,10,31,1
4478,15,51,5
2880,4,30,3
2285,2,16,2
4782,11,37,5
584,6,40,2
2905,11,18,3
4078,9,61,5
2633,2,28,3
934,12,55,2
2147,15,3,2
2569,11,7,3
1261,2,5,2
4201,1,24,4
3266,15,48,4
3077,15,32,4
2708,13,49,4
1923,9,58,3
4480,14,2,4
477,1,45,2
841,2,59,2
884,5,55,2
660,12,52,2
2282,7,56,3
2928,9,48,4
2535,1,14,3
1442,13,7,2
1320,8,35,3
223,12,38,2
1967,1,17,2
4273,9,56,5
3048,10,33,4
3445,14,45,4
1963,2,16,2
3644,3,53,5
470,10,5,1
4349,15,44,5
1710,15,13,2
4612,4,11,4
1145,3,3,1
4451,2,25,4
1704,5,17,2
953,2,36,2
134,14,57,2
1346,2,41,3
1249,8,18,2
2276,14,48,3
3741,2,9,4
4027,8,30,4
1352,14,63,3
2369,8,35,3
3619,1,63,5
4784,14,43,5
4550,5,32,5
3083,11,55,4
1541,15,61,3
4635,9,18,4
622,8,5,1
3132,13,24,3
1419,11,12,2
4848,14,24,5
763,10,62,2
3271,9,55,4
1259,3,6,2
3418,2,53,4
1002,1,40,2
4513,11,62,5
1108,8,33,2
1322,8,6,2
226,8,40,2
1152,3,18,1
958,1,24,1
4683,9,35,5
3509,7,31,3
3685,6,28,4
2078,7,34,3
3096,6,17,3
4903,11,58,6
416,4,45,2
2833,2,32,4
3499,11,5,3
4807,1,53,6
4766,11,60,5
403,9,21,1
2028,2,49,3
2549,6,33,4
1977,8,35,3
848,7,52,2
3374,9,46,4
3326,9,52,4
515,4,17,1
321,14,48,2
3513,15,30,3
4030,9,50,5
2862,13,41,4
4926,15,30,5
1107,13,57,2
4628,12,4,4
756,10,43,2
3466,2,8,3
4908,15,43,6
4636,1,41,5
1650,12,22,2
991,6,36,2
4098,4,38,5
3433,4,30,3
4004,13,32,5
1465,14,18,2
1153,10,44,2
4281,14,22,4
808,13,29,1
2567,10,61,4
401,11,24,1
3556,15,32,4
3416,1,29,3
1519,6,48,3
2141,3,62,3
4021,7,12,4
4944,14,2,5
1495,1,61,3
4378,8,25,4
788,9,62,2
3354,4,14,3
1959,5,44,3
908,8,40,2
3354,5,54,4
3117,10,28,3
557,4,2,1
818,5,10,1
2830,2,41,4
1616,10,22,2
2612,2,11,3
1205,13,10,2
412,1,4,1
1939,4,30,2
3112,12,23,3
4075,10,39,5
2843,8,43,4
721,10,42,2
3134,10,44,4
4311,10,57,5
1744,10,31,2
3450,15,54,4
3724,2,25,4
186,14,4,1
3264,7,9,3
1348,15,46,3
3486,12,27,3
2402,8,48,4
3161,14,36,4
3445,10,40,4
2474,1,63,4
4063,3,52,5
235,6,32,2
461,7,56,2
3444,14,34,4
1942,5,60,3
3588,7,42,4
4773,13,36,5
3143,6,17,3
3203,7,12,3
235,4,50,2
1186,13,16,1
308,2,26,1
2187,8,15,2
613,1,10,1
1891,4,11,2
1940,4,24,2
3146,1,46,4
4948,8,7,5
2690,6,29,3
2727,2,14,3
2493,4,46,4
1516,7,14,2
1133,9,47,2
4246,7,51,5
1295,2,31,2
3197,14,56,4
1458,1,6,2
847,10,8,1
4815,13,55,6
2177,7,56,3
4906,9,27,5
4424,2,24,4
2739,3,53,4
3294,15,29,3
4430,13,25,4
3614,15,34,5
969,4,62,2
4153,9,14,4
937,7,50,2
759,2,35,2
3368,4,14,3
3374,4,32,4
1253,14,57,3
2795,4,30,3
1771,12,32,3
296,10,49,2
163,7,32,2
2183,6,25,2
2738,2,47,4
2836,14,31,3
2228,11,8,2
3888,11,21,4
718,10,3,1
4947,14,19,5
2898,2,13,3
4574,3,59,5
1745,10,55,3
688,1,58,2
1632,14,22,2
1772,9,40,3
1357,7,20,2
206,7,7,1
4649,9,10,4
1758,7,53,3
1718,1,5,2
3346,4,21,3
4527,9,4,4
1674,6,10,2
2537,14,28,3
1543,8,63,3
545,3,6,1
2951,6,5,3
1282,15,20,2
4875,4,38,6
3231,15,17,3
4032,8,54,5
579,15,23,1
2894,3,17,3
2696,5,22,3
1374,13,57,3
4853,2,61,6
1085,12,35,2
501,7,6,1
2053,9,17,2
409,5,3,1
1501,12,14,2
1410,9,33,3
3511,15,52,4
3007,13,15,3
3751,2,22,4
3115,8,61,4
1333,3,5,2
161,10,43,2
3250,5,11,3
4458,3,47,5
979,5,17,1
1282,5,56,3
4450,1,58,5
963,12,12,1
4235,8,63,5
2486,14,34,4
3147,7,23,3
292,8,54,2
124,3,51,2
3466,15,53,4
4971,7,12,5
752,14,29,1
1317,7,63,3
3024,2,35,4
1023,3,42,2
1413,12,12,2
2074,6,59,3
4010,4,8,4
2753,4,16,3
2476,1,21,3
1398,13,17,2
1658,8,30,2
4720,2,6,4
1600,6,22,2
4098,10,16,4
3499,10,7,3
4561,15,50,5
4670,11,24,4
3547,1,45,4
2033,1,52,3
3577,15,43,4
4641,10,57,5
1559,2,46,3
4019,6,30,4
4989,4,2,5
3611,11,6,4
4591,8,10,4
4147,7,16,4
1940,4,50,3
4171,13,34,5
1775,4,25,2
4807,13,38,6
1727,5,54,3
3807,12,7,4
534,15,40,2
1359,7,12,2
3687,15,26,4
4042,10,63,5
1078,12,19,1
4988,13,23,5
2811,9,61,4
1307,5,42,3
4470,14,15,4
1718,3,11,2
707,9,18,1
3376,12,30,3
2193,13,7,2
1781,14,8,2
1312,1,6,2
4778,2,28,4
3216,4,36,4
529,13,56,2
3188,6,18,3
2476,3,8,3
3973,10,62,5
750,3,2,1
2829,9,16,3
4801,3,39,6
158,5,59,2
3170,13,50,4
2799,3,56,4
623,1,12,1
639,5,53,2
2880,15,27,3
3857,5,44,5
3024,11,54,4
3979,3,50,5
966,9,44,2
2944,10,57,4
2523,12,15,3
4137,12,60,5
2961,4,14,3
3391,3,5,3
2944,13,49,4
3223,5,38,4
3723,14,34,5
2665,7,15,3
3336,2,14,3
4580,15,18,4
3347,5,48,4
4962,3,40,6
2031,9,49,3
4903,8,7,5
1365,9,23,2
3919,6,24,4
206,4,38,2
824,12,37,2
2135,9,42,3
4792,4,58,5
545,4,44,2
1436,2,46,3
4270,15,36,5
1800,15,59,3
2578,1,33,4
439,10,2,1
4422,14,5,4
3454,4,48,4
4884,13,5,5
3615,6,34,5
2730,15,44,4
356,4,58,2
455,4,35,2
1625,2,31,2
4054,3,40,5
1486,14,16,2
1068,3,33,2
4720,13,27,4
906,7,40,2
1655,4,9,2
1084,15,27,1
4604,3,18,4
1563,5,31,2
3641,4,62,5
1508,1,36,3
1707,6,13,2
4679,5,7,4
633,7,30,1
3147,8,15,3
2616,3,2,3
1720,4,28,2
1666,5,40,3
1868,8,7,2
1022,10,34,2
4965,15,48,6
3677,7,49,5
1101,7,45,2
3665,14,42,5
2539,5,32,4
4816,11,50,6
646,15,38,2
3050,4,33,4
3918,1,34,5
401,6,21,1
4982,9,6,5
4274,13,48,5
708,2,18,1
582,1,34,2
1867,10,43,3
3184,5,24,3
514,4,7,1
1834,14,51,3
2786,4,30,3
1033,1,39,2
4508,1,5,4
2759,1,58,4
4698,8,39,5
1473,1,8,2
1302,5,16,2
3824,10,63,5
4911,15,63,6
2341,6,60,3
1656,7,22,2
1792,11,57,3
4791,5,17,4
995,9,7,1
1301,1,14,2
2851,14,9,3
2924,7,34,4
4466,6,62,5
3096,9,4,3
4932,11,48,6
2328,6,47,3
4454,14,63,5
2169,2,24,2
2442,9,62,4
2096,4,9,2
4719,9,21,4
1476,3,31,2
1886,11,47,3
966,3,12,1
906,14,55,2
4454,11,21,4
623,5,3,1
1678,8,35,3
432,9,18,1
3547,4,16,3
806,13,2,1
3681,14,48,5
1746,8,6,2
4285,14,35,5
2925,10,6,3
1623,5,41,3
1383,9,46,3
4040,13,9,4
367,3,5,1
371,8,44,2
4340,15,13,4
3010,5,37,4
1893,14,45,3
128,8,31,1
3521,15,20,3
1619,11,23,2
1006,13,57,2
1480,10,29,2
773,1,31,1
4697,9,7,4
1354,14,42,3
1092,5,62,2
4316,3,21,4
2324,2,51,3
446,3,16,1
4532,1,52,5
3440,6,9,3
4431,7,38,5
2528,11,29,3
4686,15,12,4
4655,10,7,4
1876,7,28,2
2265,2,43,3
4624,3,12,4
171,4,62,2
2906,10,20,3
2731,7,13,3
1912,10,18,2
2370,12,9,2
1076,8,60,2
1811,9,54,3
4429,14,61,5
3686,6,32,5
133,7,63,2
2185,8,20,2
2274,7,44,3
1841,13,61,3
3906,13,52,5
4343,7,21,4
4829,13,3,5
4691,13,7,4
2207,9,42,3
549,12,28,1
4945,10,49,6
800,6,19,1
790,1,21,1
2863,13,10,3
3879,3,4,4
3422,5,41,4
783,9,39,2
1312,1,19,2
2387,2,13,2
1323,3,57,3
2589,13,49,4
2497,11,20,3
2268,12,27,2
1750,4,34,3
2188,6,34,3
4347,7,7,4
4366,15,55,5
2484,7,59,4
3545,2,58,4
1100,3,10,1
1900,1,11,2
1283,13,45,3
2572,1,54,4
1134,6,28,1
2263,4,18,2
840,15,53,2
3445,11,21,3
3179,10,55,4
3454,11,14,3
2924,4,32,4
4709,9,43,5
3560,8,18,3
2799,3,52,4
2573,3,50,4
1494,8,12,2
1588,15,28,2
3474,15,14,3
4777,15,47,5
1923,15,52,3
4933,14,59,6
4595,13,44,5
3754,2,53,5
1780,10,41,3
4867,5,56,6
4209,6,37,5
3312,5,16,3
4835,12,23,5
2876,1,26,3
2927,5,20,3
4692,12,30,4
4161,9,57,5
635,11,24,1
1758,13,20,2
3560,10,4,3
4818,2,20,5
1620,15,14,2
3330,11,34,4
134,3,25,1
2667,6,39,4
4014,3,36,5
244,12,34,2
3191,6,46,4
4670,7,58,5
3419,3,50,4
4529,4,3,4
537,13,20,1
980,13,40,2
2730,12,48,4
1332,6,34,3
4566,1,28,4
4276,1,51,5
2395,5,3,2
2599,8,34,4
4915,13,50,6
1464,1,8,2
2116,1,11,2
1264,12,29,2
2912,1,26,3
3200,10,32,4
3634,1,45,5
4612,9,63,5
1010,15,14,1
1246,2,62,3
1486,6,32,3
4707,11,30,4
1016,14,41,2
4051,2,10,4
1809,14,32,3
1616,13,42,3
1322,5,30,2
3752,5,5,4
233,11,18,1
2021,11,18,2
2012,13,20,2
2662,9,52,4
408,4,49,2
4717,6,4,4
4731,4,59,5
516,15,34,2
1463,11,38,3
2136,6,43,3
2425,3,51,4
2976,4,19,3
2627,9,22,3
1345,1,59,3
1958,7,25,2
1639,3,60,3
906,9,17,1
4396,12,63,5
2177,7,32,3
1368,11,43,3
3644,2,61,5
3338,11,4,3
4806,5,18,5
4220,15,34,5
3420,15,52,4
3741,1,8,4
3400,1,41,4
1287,7,23,2
2542,12,8,3
4669,7,34,5
2765,11,6,3
2449,8,14,3
2936,8,31,3
596,12,11,1
485,7,15,1
2349,3,8,2
1930,3,32,3
4294,2,5,4
2564,1,47,4
844,15,49,2
4006,8,43,5
552,13,5,1
4660,6,15,4
2724,5,16,3
1290,1,58,3
2136,12,36,3
2901,5,35,4
4805,10,15,5
256,8,14,1
1474,15,25,2
683,8,24,1
1947,10,59,3
836,6,54,2
732,2,52,2
510,13,17,1
1604,2,36,3
4169,2,28,4
535,8,35,2
3163,12,63,4
2910,8,22,3
259,8,9,1
4667,1,34,5
3557,13,29,3
2981,9,28,3
2295,10,18,2
4252,4,59,5
3233,9,45,4
3134,7,63,4
3769,3,15,4
4707,13,31,4
4842,10,58,6
2965,10,47,4
2911,3,63,4
2949,2,18,3
4300,7,39,5
3002,8,4,3
3240,1,58,4
1486,7,7,2
2470,2,57,4
699,7,26,1
1285,6,7,2
726,15,37,2
1422,9,40,3
131,7,37,2
1492,9,51,3
1477,5,4,2
2458,13,36,4
4644,6,48,5
4034,13,58,5
4554,6,20,4
3016,13,12,3
2339,3,16,2
575,3,38,2
4333,12,33,5
2658,1,32,4
3116,4,56,4
573,3,23,1
596,7,8,1
209,6,2,1
3222,14,33,4
901,12,55,2
1597,15,22,2
1480,9,35,3
1602,13,40,3
1417,10,53,3
127,3,9,1
4571,6,28,4
1359,9,44,3
4683,10,24,4
3099,3,17,3
2110,9,62,3
3492,3,15,3
2123,1,52,3
3231,11,61,4
4420,3,26,4
3952,14,6,4
1576,5,4,2
4247,8,5,4
1483,15,12,2
2958,1,9,3
831,4,60,2
2107,10,34,3
1847,8,62,3
2189,11,23,2
1079,13,16,1
4518,6,62,5
4520,4,13,4
4817,3,25,5
216,1,8,1
680,10,25,1
2245,12,15,2
2397,8,63,3
1610,2,14,2
285,15,11,1
1866,7,2,2
3675,3,52,5
4626,5,6,4
1908,14,35,3
1516,6,46,3
2881,12,48,4
1875,3,44,3
3121,6,54,4
3744,11,9,4
292,7,52,2
4125,14,15,4
1534,10,45,3
2341,13,38,3
3984,12,18,4
416,7,44,2
4572,2,23,4
2444,15,58,4
289,2,45,2
2764,15,2,3
4185,11,50,5
3919,11,40,5
2324,3,13,2
1869,7,57,3
4942,1,31,5
1868,8,30,2
3061,4,17,3
2881,12,45,4
4680,6,3,4
3944,14,52,5
750,5,16,1
2151,1,47,3
223,5,9,1
2006,5,7,2
3886,7,60,5
4818,9,55,6
1407,9,39,3
4123,1,6,4
4388,5,15,4
1157,4,5,1
2219,7,48,3
115,5,4,1
3255,2,33,4
1265,14,25,2
4829,11,52,6
2849,15,63,4
2597,4,25,3
3453,10,31,3
2364,15,50,3
3551,4,13,3
3155,10,26,3
820,3,51,2
2689,11,19,3
2095,12,19,2
1692,5,30,2
2827,8,48,4
4991,2,45,6
4292,15,22,4
785,14,49,2
4652,11,3,4
2875,2,33,4
643,9,31,1
4282,13,46,5
2885,5,52,4
2141,12,54,3
1789,2,48,3
1449,2,61,3
2325,3,58,3
1667,9,29,2
285,6,26,1
675,14,40,2
4528,1,63,5
3042,10,30,3
4428,3,62,5
4351,5,61,5
3012,4,9,3
2091,5,47,3
3379,1,32,4
3034,1,50,4
4490,2,3,4
2867,9,63,4
4336,3,19,4
1014,8,56,2
2350,13,22,2
958,10,38,2
819,3,39,2
2028,3,23,2
4528,15,31,4
246,12,20,1
3546,15,22,3
1057,9,15,1
2975,9,14,3
2957,11,36,4
2197,14,20,2
3155,2,5,3
166,15,47,2
1124,8,22,1
2280,14,25,2
3524,11,43,4
1722,11,46,3
2805,9,14,3
167,13,23,1
972,7,24,1
4292,8,50,5
573,1,49,2
2937,12,18,3
2945,12,21,3
2916,2,33,4
2217,13,41,3
692,8,51,2
2882,3,42,4
1430,7,63,3
685,7,63,2
3360,8,16,3
2456,8,43,4
2506,8,12,3
4409,14,38,5
3682,5,41,5
953,1,5,1
234,9,59,2
2186,11,39,3
2210,14,18,2
822,11,62,2
3245,12,62,4
483,9,30,1
712,6,39,2
4897,9,16,5
4821,7,29,5
4108,4,24,4
1916,15,4,2
255,10,22,1
2388,14,30,2
4687,10,62,5
4917,4,17,5
4947,1,44,6
1115,9,25,1
4486,6,58,5
3405,15,55,4
2103,7,33,3
266,2,32,2
4164,11,35,5
1438,3,22,2
219,4,14,1
3153,3,26,3
2166,10,52,3
787,13,7,1
1190,12,23,1
3841,9,16,4
215,8,44,2
804,13,19,1
424,2,32,2
105,15,52,2
1169,9,12,1
4907,11,26,5
288,8,42,2
1154,4,26,1
4146,3,19,4
2045,4,36,3
1565,2,42,3
388,14,45,2
3155,8,15,3
3479,6,46,4
3018,10,57,4
3459,1,21,3
3560,7,59,4
4601,4,44,5
2012,13,60,3
2136,11,56,3
744,4,38,2
4265,5,35,5
1873,11,40,3
1931,8,47,3
3273,10,49,4
3916,2,27,4
4626,7,41,5
1919,9,21,2
155,15,43,2
1943,8,60,3
161,10,9,1
3914,10,44,5
4303,2,24,4
4365,4,52,5
274,1,36,2
1241,4,13,2
3530,15,52,4
4334,5,4,4
2854,6,8,3
4967,2,38,6
578,5,45,2
3713,15,21,4
690,5,59,2
2738,4,25,3
2845,8,59,4
4867,10,26,5
2232,7,20,2
4425,12,28,4
2030,11,14,2
3011,11,23,3
1278,14,37,3
4475,2,61,5
1928,8,54,3
899,14,24,1
2712,8,21,3
1252,14,31,2
2256,5,57,3
2843,7,62,4
617,4,63,2
1070,5,20,1
3873,14,28,4
1721,14,40,3
624,3,46,2
3937,12,52,5
4527,4,3,4
1740,4,41,3
4839,7,35,6
1161,10,10,1
3092,10,22,3
514,15,21,1
3156,10,45,4
3597,12,49,4
533,13,58,2
3450,1,9,3
326,7,51,2
1951,5,22,2
1539,14,17,2
155,8,2,1
1722,11,3,2
389,8,6,1
3466,14,36,4
4192,6,11,4
933,3,46,2
4705,2,11,4
2807,9,27,3
369,8,16,1
1289,10,50,3
3976,5,40,5
1928,10,40,3
4567,3,4,4
1087,14,16,1
3563,7,47,4
3829,11,63,5
674,2,40,2
3894,5,38,5
1978,14,41,3
1153,4,17,1
4537,5,51,5
2202,10,61,3
297,5,24,1
2344,11,20,2
4161,1,11,4
298,11,5,1
969,11,34,2
272,12,40,2
3675,10,14,4
803,12,12,1
558,12,44,2
2060,15,9,2
1524,8,30,2
878,15,35,2
3007,2,38,4
3053,13,22,3
891,14,41,2
2971,9,52,4
2429,12,19,3
763,4,30,1
2986,13,31,3
1871,8,47,3
391,10,51,2
3188,3,18,3
4915,5,24,5
1909,11,7,2
4803,1,28,5
421,6,36,2
1748,8,58,3
4691,4,38,5
1521,1,26,2
1298,11,50,3
2797,11,4,3
922,11,41,2
319,12,61,2
2785,10,36,4
857,10,41,2
1675,15,50,3
290,14,60,2
2783,8,5,3
1442,6,42,3
786,12,56,2
832,10,60,2
272,8,6,1
2380,2,2,2
3820,6,32,5
850,12,61,2
750,2,44,2
184,6,10,1
3120,6,28,3
4219,10,39,5
4984,13,59,6
4455,7,17,4
3908,14,7,4
4807,1,58,6
3115,1,25,3
4440,1,26,4
2538,5,35,4
484,1,48,2
552,3,36,2
1200,1,54,2
3619,7,22,4
4703,8,33,5
596,4,14,1
1634,9,39,3
353,8,51,2
3513,7,57,4
981,11,31,1
528,9,13,1
2250,10,34,3
2035,3,31,2
4636,12,45,5
959,2,24,1
538,10,55,2
3955,5,26,4
2419,10,31,3
2441,15,33,4
2489,9,31,3
1795,2,56,3
4044,2,61,5
1594,5,29,2
2170,9,57,3
2748,9,3,3
1085,10,11,1
1159,4,37,2
533,12,10,1
2757,9,8,3
1740,12,60,3
999,1,13,1
3975,9,35,5
2594,11,16,3
1847,7,50,3
4274,9,52,5
4255,11,13,4
2801,10,49,4
2530,5,63,4
2719,6,7,3
2596,1,27,3
1700,2,6,2
4098,15,50,5
3273,1,52,4
3577,1,11,3
1248,7,22,2
3109,14,29,3
2151,13,42,3
3541,3,12,3
316,15,43,2
571,15,48,2
3627,15,15,4
2064,14,17,2
2496,1,45,4
2408,1,59,4
4533,7,48,5
4658,11,22,4
1886,12,15,2
869,15,13,1
4034,5,27,4
4092,13,50,5
3424,1,10,3
541,8,4,1
3449,15,25,3
1138,6,50,2
3729,5,42,5
3643,6,20,4
482,8,56,2
1373,12,13,2
1163,9,56,2
337,11,39,2
937,11,3,1
4117,9,29,4
4241,11,43,5
171,3,2,1
4999,1,30,5
2459,10,4,3
3823,6,24,4
1064,15,9,1
688,7,15,1
3446,6,29,3
4207,5,43,5
4483,13,22,4
4745,10,59,5
4640,11,4,4
4157,5,61,5
2657,12,47,4
947,14,52,2
2504,10,15,3
4019,3,61,5
4577,4,20,4
4074,14,5,4
163,10,24,1
3802,3,8,4
4320,9,42,5
986,14,17,1
861,3,61,2
1609,15,2,2
4337,12,54,5
136,5,56,2
4779,6,21,4
2093,8,27,2
1796,10,53,3
456,6,5,1
1015,6,38,2
2983,6,19,3
2646,1,18,3
288,10,23,1
3026,11,45,4
3385,6,45,4
603,1,35,2
1830,13,62,3
339,2,40,2
3682,8,43,5
3063,8,9,3
335,2,47,2
2237,12,27,2
250,15,4,1
3440,3,26,3
2611,6,56,4
1232,4,38,3
2123,9,48,3
663,7,49,2
453,10,37,2
4939,9,16,5
2367,13,8,2
1662,7,32,3
1958,13,62,3
2250,6,47,3
2505,14,16,3
808,4,55,2
4866,8,14,5
1721,12,23,2
998,12,51,2
2984,6,53,4
3506,10,57,4
1861,5,45,3
3442,13,24,3
3838,6,4,4
4784,12,21,4
3317,13,20,3
2157,6,47,3
551,2,49,2
3621,3,31,4
2583,10,43,4
3484,9,33,4
4881,8,42,6
930,8,40,2
3633,1,31,4
992,12,62,2
410,9,25,1
2205,4,38,3
161,14,13,1
1096,11,45,2
4470,15,54,5
4276,2,18,4
531,7,10,1
3403,6,16,3
1584,14,26,2
3576,13,13,3
3790,9,15,4
379,11,21,1
4865,2,47,6
3070,6,50,4
4119,11,46,5
2776,8,52,4
1843,6,38,3
4199,8,55,5
3600,14,28,3
796,2,31,1
995,9,26,1
4420,12,41,5
720,6,29,1
1981,7,57,3
970,2,18,1
2151,10,27,2
2052,8,8,2
4629,11,48,5
2016,9,40,3
3991,3,21,4
4718,15,44,5
3302,14,9,3
3457,4,56,4
4660,15,29,4
4676,13,16,4
3316,11,18,3
266,6,28,1
388,14,27,1
978,15,54,2
1573,13,43,3
1768,3,16,2
3847,10,56,5
3430,12,14,3
4043,7,56,5
259,8,21,1
2289,5,18,2
1882,5,26,2
4174,3,48,5
3645,4,22,4
2100,3,9,2
3487,13,18,3
3766,12,37,5
2222,8,35,3
874,3,57,2
4592,2,45,5
726,6,49,2
764,8,61,2
2287,12,11,2
1394,15,32,3
2670,10,15,3
714,8,12,1
4611,6,12,4
3948,12,30,4
4364,14,17,4
4145,15,38,5
4027,6,20,4
2104,6,23,2
720,5,25,1
1160,4,44,2
3304,2,57,4
4204,14,45,5
4380,11,41,5
1193,14,40,2
2379,15,10,2
2005,5,30,2
3568,2,49,4
947,9,34,2
2777,4,43,4
4532,1,28,4
1817,10,29,2
3329,1,35,4
2844,10,46,4
238,5,37,2
299,11,33,2
2454,8,19,3
3747,11,27,4
2888,7,17,3
3684,12,33,5
1212,7,34,3
3007,5,25,3
1472,9,44,3
4601,5,7,4
3572,1,53,4
4464,5,61,5
435,14,15,1
2518,11,21,3
687,15,27,1
4435,14,15,4
906,15,41,2
928,12,49,2
2994,3,60,4
3331,3,45,4
3684,14,48,5
1842,5,59,3
2182,1,25,2
823,13,8,1
4866,8,4,5
3063,9,41,4
3986,15,27,4
2171,10,21,2
2647,4,26,3
429,1,31,1
604,2,47,2
2908,12,33,4
3142,7,8,3
2529,1,53,4
4899,3,22,5
2240,12,22,2
1324,7,50,3
3291,4,24,3
4845,13,13,5
3939,14,5,4
1056,12,20,1
3685,13,6,4
3450,15,2,3
949,10,32,2
1053,14,44,2
4590,4,49,5
2504,1,3,3
4187,8,3,4
3524,4,12,3
1159,12,10,1
2076,9,4,2
4667,12,34,5
3004,5,24,3
2426,6,45,4
4633,6,19,4
1698,9,57,3
3897,3,63,5
4228,12,11,4
786,6,60,2
1654,12,32,3
1029,15,17,1
1597,13,49,3
2151,9,46,3
1220,8,28,2
2606,7,5,3
3925,4,44,5
3299,5,55,4
792,7,2,1
1756,11,47,3
1017,6,13,1
4613,11,56,5
516,5,47,2
2684,9,59,4
3281,12,41,4
4501,5,10,4
2486,13,44,4
1895,13,30,2
171,6,47,2
1936,10,38,3
3287,14,2,3
2989,11,20,3
4735,14,14,4
1817,7,47,3
3357,15,10,3
862,2,23,1
3054,5,54,4
3315,6,26,3
4447,15,10,4
962,15,36,2
4367,3,54,5
4436,4,47,5
4094,12,47,5
436,14,58,2
4949,2,43,6
179,7,10,1
2916,2,8,3
3418,14,18,3
2270,11,13,2
2851,12,10,3
2056,2,7,2
4602,14,25,4
3710,5,20,4
1992,5,60,3
3771,6,56,5
2621,2,18,3
4795,14,60,5
962,15,63,2
2876,14,15,3
278,14,2,1
229,9,60,2
1376,2,48,3
1194,1,57,2
3539,4,19,3
1210,2,31,2
960,7,50,2
3777,4,25,4
512,2,17,1
1026,10,42,2
3597,5,19,3
2853,13,12,3
434,9,52,2
2144,14,38,3
1651,4,35,3
2155,11,39,3
3723,1,3,4
308,8,37,2
1880,8,28,2
305,14,9,1
2744,10,17,3
382,10,16,1
1795,5,2,2
1587,14,27,2
2015,8,32,3
2266,14,37,3
2068,1,4,2
854,2,2,1
2528,14,5,3
635,4,11,1
440,3,34,2
2826,14,8,3
1003,3,16,1
4021,12,10,4
1590,9,49,3
246,9,6,1
3849,15,53,5
4623,8,34,5
3753,11,43,5
2429,7,50,4
2239,14,62,3
517,14,30,1
1296,8,56,3
4488,11,26,4
1724,4,20,2
4866,7,18,5
203,11,30,1
678,8,22,1
3085,4,16,3
3304,12,59,4
3263,5,27,3
660,8,4,1
764,14,43,2
237,14,47,2
1221,13,31,2
3698,2,18,4
2352,4,50,3
2334,4,7,2
4436,15,14,4
3738,10,8,4
2349,15,42,3
3355,13,17,3
3944,4,6,4
2921,1,18,3
2571,6,2,3
3411,11,10,3
328,3,58,2
227,2,51,2
248,13,51,2
1975,11,14,2
2374,10,29,2
482,8,42,2
2478,7,22,3
1575,7,8,2
4605,7,6,4
4849,2,57,6
1633,13,9,2
2381,5,24,2
2247,1,34,3
1276,2,2,2
1482,10,31,2
2477,1,25,3
3363,12,24,3
3240,6,22,3
1959,13,14,2
1236,9,51,3
3575,8,35,4
2529,6,42,4
4238,7,24,4
4584,3,39,5
3919,10,22,4
3136,2,58,4
209,8,52,2
1027,5,57,2
953,7,23,1
1936,4,48,3
4622,4,42,5
3929,15,47,5
463,13,42,2
4266,5,30,4
1092,15,54,2
3997,4,24,4
4735,5,23,4
3384,7,35,4
3894,14,9,4
1430,12,48,3
2013,6,25,2
3822,7,45,5
2036,7,10,2
1968,9,59,3
2188,2,32,3
2454,15,12,3
2926,13,50,4
1122,3,47,2
1942,14,39,3
3198,15,32,4
2708,15,53,4
1561,3,55,3
2417,15,4,3
1633,11,26,2
2869,6,14,3
3375,12,17,3
893,1,45,2
3723,14,23,4
2393,9,14,2
1653,5,55,3
601,6,20,1
3281,7,59,4
1013,1,62,2
2916,3,29,3
2163,14,22,2
3528,9,27,3
3115,5,42,4
4695,2,63,5
2085,14,57,3
2778,3,43,4
3136,6,52,4
2625,12,18,3
4070,3,62,5
3435,13,62,4
1375,11,55,3
3701,1,8,4
1725,5,27,2
1660,13,58,3
3445,10,59,4
3195,11,25,3
3240,7,18,3
110,11,59,2
359,11,15,1
3181,5,5,3
3757,1,17,4
3055,15,21,3
2894,2,34,4
3262,2,39,4
2627,12,50,4
122,10,19,1
3355,11,29,3
2705,4,19,3
449,4,54,2
4781,1,58,5
4196,2,13,4
2951,14,38,4
1185,2,50,2
2767,11,21,3
4211,1,6,4
523,5,43,2
3408,15,59,4
1427,5,37,3
2664,5,12,3
2556,12,52,4
1817,6,42,3
576,13,33,2
2092,11,2,2
1717,5,23,2
1583,14,23,2
4624,10,55,5
2260,7,14,2
2314,9,48,3
1791,9,6,2
3937,10,32,5
1945,1,17,2
195,6,31,1
4471,7,27,4
2635,9,20,3
4132,10,10,4
1327,11,55,3
3961,12,20,4
3627,5,6,4
239,2,60,2
4761,10,11,4
3977,8,34,5
1471,1,59,3
3010,7,26,3
1353,13,9,2
1097,12,57,2
447,4,27,1
1386,10,33,3
423,6,62,2
2816,15,24,3
1504,15,13,2
1997,8,39,3
4839,15,33,6
3765,11,33,5
3099,3,27,3
3194,2,3,3
1874,8,31,2
2375,6,40,3
4483,11,36,5
3524,6,6,3
4894,8,21,5
2626,5,61,4
500,11,18,1
3334,5,24,3
1977,7,34,3
413,6,53,2
3544,3,61,4
726,14,41,2
930,4,47,2
2194,2,46,3
2477,8,13,3
1394,6,58,3
4315,14,58,5
1770,7,60,3
201,5,29,1
3445,7,57,4
1461,4,6,2
873,10,23,1
2958,15,3,3
3868,4,42,5
3744,13,3,4
1217,11,34,3
118,2,6,1
4787,14,59,5
4102,14,25,4
2730,8,20,3
3021,7,39,4
3145,4,30,3
4876,3,42,6
4149,1,45,5
2543,13,9,3
3337,5,39,4
3433,6,51,4
4782,3,5,4
3297,11,8,3
3763,10,26,4
1546,14,59,3
3220,12,3,3
4679,9,8,4
1981,14,47,3
1854,10,9,2
1416,10,59,3
313,9,48,2
1398,6,30,2
1584,5,62,3
3336,15,40,4
4821,2,22,5
4763,6,22,4
902,5,47,2
183,12,26,1
2321,3,32,3
579,12,28,1
3313,11,34,4
1536,10,40,3
1908,3,15,2
4766,1,35,5
4615,9,32,5
2748,4,49,4
1589,9,38,3
2117,4,7,2
1501,5,27,2
4463,5,30,4
877,4,53,2
4928,4,53,6
2779,7,33,4
2917,12,6,3
3847,7,53,5
3049,6,63,4
1740,14,62,3
3272,15,20,3
4802,3,59,6
3276,6,10,3
3920,14,18,4
3813,9,39,5
2282,3,2,2
4984,11,14,5
1057,7,22,1
719,11,15,1
3637,5,20,4
3596,7,54,4
4432,13,15,4
3544,11,47,4
1618,2,9,2
2801,3,41,4
3636,2,26,4
2670,10,53,4
2127,7,19,2
4754,9,14,4
3262,12,25,3
2421,15,57,4
1414,3,10,2
3233,11,27,3
3385,11,24,3
1742,12,35,3
256,7,14,1
4054,10,41,5
569,7,40,2
3763,3,15,4
1630,11,62,3
4907,12,30,5
4911,5,39,6
3877,12,28,4
1448,6,23,2
1841,12,42,3
4403,5,22,4
1221,8,63,3
845,9,57,2
1238,12,59,3
2592,12,44,4
3562,6,26,3
2692,11,61,4
2251,2,30,2
3576,2,23,3
3900,15,14,4
2703,4,29,3
2729,10,14,3
2525,3,23,3
545,7,47,2
3924,12,50,5
1293,12,28,2
3528,4,31,3
3112,3,59,4
3044,2,29,3
2561,4,48,4
2579,15,42,4
4927,5,42,6
2849,4,21,3
186,10,36,2
1538,9,52,3
4972,1,51,6
2414,9,9,3
1550,14,59,3
117,15,51,2
3042,8,33,4
2521,13,48,4
143,9,44,2
422,11,62,2
4233,3,40,5
4432,9,22,4
4876,9,23,5
1395,2,25,2
1350,3,22,2
4541,8,45,5
839,7,37,2
2119,2,5,2
1078,14,45,2
510,10,12,1
514,9,9,1
3314,2,5,3
3395,14,11,3
1900,1,13,2
911,9,34,2
340,4,38,2
1457,11,2,2
790,13,18,1
4953,15,15,5
1161,6,35,2
4611,11,41,5
1385,5,28,2
214,15,57,2
4505,4,25,4
3734,4,19,4
835,3,17,1
2132,4,52,3
3269,4,17,3
4527,7,59,5
4588,9,36,5
2024,15,5,2
2996,12,35,4
2517,10,34,4
4768,4,24,4
789,14,57,2
1155,6,11,1
2550,6,58,4
3543,15,12,3
1744,14,5,2
4511,15,29,4
3309,5,13,3
4819,11,18,5
1803,5,54,3
3506,9,6,3
4542,12,33,5
3202,2,3,3
883,6,14,1
1151,9,22,1
528,14,14,1
1995,3,33,3
1288,4,38,3
1550,6,42,3
1452,7,21,2
938,14,60,2
2463,3,2,3
931,8,48,2
198,9,48,2
2066,2,24,2
4873,11,14,5
292,7,6,1
3205,12,42,4
4857,7,36,6
4289,13,5,4
3883,13,30,4
4522,3,3,4
869,2,49,2
3777,14,55,5
2543,9,4,3
2125,7,23,2
969,4,15,1
3966,11,14,4
1221,12,3,2
3081,10,56,4
3676,5,10,4
3459,7,17,3
1853,9,13,2
2209,5,57,3
4931,15,51,6
4827,7,46,6
1180,1,3,1
659,5,34,2
4078,11,39,5
4816,8,22,5
2449,2,16,3
156,8,15,1
1559,5,12,2
1690,8,19,2
249,2,52,2
4089,8,26,4
423,5,9,1
2656,4,57,4
2507,13,3,3
2830,9,21,3
1503,12,58,3
1523,3,27,2
3405,3,41,4
3767,8,11,4
4653,11,53,5
4484,2,56,5
2754,14,9,3
335,14,41,2
4451,3,31,4
4132,13,40,5
380,12,7,1
1416,8,35,3
1141,9,57,2
4594,14,51,5
3111,11,48,4
4742,15,17,4
355,1,20,1
3183,8,4,3
1996,15,14,2
517,10,19,1
2622,7,42,4
2044,14,56,3
2095,14,42,3
3896,2,51,5
533,14,8,1
160,1,23,1
3318,15,32,4
3131,7,62,4
1104,8,20,1
3831,13,20,4
1345,1,48,3
726,4,16,1
3575,3,9,3
820,5,47,2
1221,15,49,3
4654,9,30,4
3893,12,57,5
2999,1,49,4
3493,3,51,4
874,2,62,2
4286,1,18,4
3954,12,35,5
438,6,43,2
4393,6,47,5
2075,9,22,2
3652,14,30,4
2591,11,9,3
4059,12,53,5
1727,15,7,2
4207,8,5,4
831,2,25,1
2010,11,44,3
2664,9,21,3
4982,6,48,6
2475,13,20,3
2383,9,18,2
2696,7,53,4
127,8,25,1
1294,10,38,3
4392,15,28,4
2899,7,24,3
1851,14,15,2
2779,8,55,4
233,9,56,2
3032,6,12,3
3391,13,24,3
2275,10,9,2
2927,7,58,4
1522,2,13,2
3746,7,46,5
599,1,52,2
3079,11,58,4
1130,10,2,1
4414,4,5,4
1044,10,38,2
4857,14,5,5
1431,12,44,3
654,3,63,2
270,15,14,1
3288,13,32,4
3849,14,55,5
702,4,32,2
310,12,33,2
848,5,41,2
3507,10,5,3
1327,15,40,3
3990,15,46,5
4986,4,8,5
4374,4,57,5
1493,8,58,3
3419,13,47,4
4945,2,55,6
4441,1,50,5
2241,8,51,3
2547,14,50,4
515,12,61,2
1567,11,50,3
1528,13,63,3
4449,7,17,4
2599,12,39,4
618,2,44,2
846,3,2,1
2473,15,7,3
4471,1,23,4
4367,11,31,4
2447,6,9,3
3230,14,45,4
3633,4,4,4
3405,8,55,4
2821,3,11,3
4439,1,26,4
1935,10,43,3
800,1,61,2
632,6,9,1
4847,7,62,6
4705,14,39,5
1589,8,37,3
2455,1,42,4
1852,15,48,3
3165,5,49,4
4721,5,24,4
3061,6,32,4
3104,9,3,3
4903,3,5,5
3747,11,35,5
4363,1,9,4
2816,15,57,4
2293,3,33,3
4903,15,12,5
4830,8,24,5
1488,10,7,2
4193,15,11,4
2725,11,56,4
3542,3,5,3
1903,7,4,2
4641,9,13,4
2801,8,62,4
4909,11,2,5
362,11,15,1
1554,5,29,2
797,13,12,1
1714,11,31,2
1550,11,41,3
469,8,46,2
2327,14,3,2
1851,1,61,3
4901,2,7,5
2032,13,25,2
4988,12,15,5
4335,3,37,5
799,4,3,1
895,1,4,1
843,8,27,1
4081,4,30,4
1372,7,24,2
1116,10,53,2
1829,2,51,3
4511,6,8,4
1994,9,61,3
2224,13,5,2
4718,7,63,5
3533,7,16,3
4839,3,24,5
2839,7,45,4
2706,12,41,4
733,9,23,1
3110,7,41,4
3388,2,8,3
4602,7,51,5
820,14,19,1
3617,10,63,5
1176,9,39,2
2498,15,26,3
753,7,49,2
3474,1,16,3
1653,7,59,3
1446,1,7,2
1232,12,46,3
4934,2,60,6
352,9,42,2
1018,3,13,1
3266,8,17,3
3615,1,27,4
2336,9,40,3
4852,12,9,5
2271,14,28,2
4030,13,28,4
1900,15,52,3
4355,10,53,5
1480,6,63,3
1371,1,2,2
4503,7,44,5
1585,12,42,3
1049,5,62,2
4217,5,46,5
3019,13,33,4
912,9,4,1
383,15,31,1
4262,6,60,5
593,9,62,2
3721,12,18,4
1738,2,10,2
105,4,58,2
1777,15,51,3
1591,13,49,3
3478,6,8,3
4173,3,33,5
2224,10,30,2
4751,12,59,5
2897,10,19,3
1168,3,48,2
3542,13,6,3
556,12,35,2
1747,10,40,3
1897,10,16,2
447,15,51,2
1514,1,7,2
2358,5,41,3
2498,6,45,4
1170,4,33,2
1615,13,54,3
4612,14,60,5
633,9,4,1
2726,6,26,3
4948,3,58,6
1840,14,40,3
587,7,52,2
176,5,18,1
3183,9,59,4
2152,11,48,3
2864,5,63,4
2586,11,12,3
2786,7,36,4
1967,6,7,2
2989,12,26,3
1650,10,18,2
1701,14,56,3
2441,3,43,4
2372,10,31,2
4293,7,11,4
1426,4,29,2
1853,6,4,2
851,6,56,2
4192,3,19,4
3787,2,17,4
4465,3,43,5
2139,8,59,3
1778,1,27,2
1286,11,20,2
3330,3,18,3
1836,6,42,3
4182,13,62,5
1929,13,58,3
2530,12,58,4
4410,12,46,5
4988,7,29,5
4312,12,21,4
3563,10,39,4
4619,12,31,4
4969,4,14,5
4276,8,14,4
2755,13,33,4
1310,11,28,2
233,8,24,1
3888,14,56,5
686,4,38,2
3009,4,33,4
314,11,17,1
2462,13,12,3
2264,14,21,2
417,5,12,1
4159,3,50,5
170,13,26,1
4802,6,46,6
3412,13,37,4
3534,9,47,4
1145,2,46,2
2185,3,53,3
753,10,36,2
1897,15,26,2
4433,11,3,4
4064,1,51,5
4084,6,28,4
3191,11,51,4
1949,11,37,3
3669,3,20,4
3288,1,43,4
4862,14,27,5
3659,13,34,5
616,7,5,1
4260,15,3,4
4852,12,31,5
2312,6,10,2
3430,10,42,4
1036,10,3,1
2392,15,57,3
3907,7,30,4
4775,7,55,5
3067,2,63,4
1984,4,11,2
2578,5,41,4
4189,9,9,4
4700,11,58,5
4578,11,50,5
3683,8,3,4
4527,8,30,4
938,13,20,1
1262,9,22,2
4965,7,9,5
1396,14,57,3
224,11,49,2
2180,6,62,3
4496,9,46,5
177,5,25,1
2452,5,33,4
1229,13,16,2
2679,3,7,3
4306,9,19,4
4376,2,44,5
2512,10,14,3
1771,3,6,2
2900,4,45,4
4360,12,46,5
583,13,17,1
4500,1,21,4
551,2,4,1
3201,5,6,3
1943,6,40,3
921,6,42,2
1687,3,11,2
1293,4,18,2
3942,15,32,5
2498,11,31,3
627,9,15,1
1840,1,15,2
2218,9,48,3
3781,8,30,4
3725,4,6,4
2094,4,5,2
733,5,33,2
1859,11,28,2
3280,10,34,4
3671,2,17,4
1412,7,8,2
2494,2,14,3
3018,7,51,4
1866,12,59,3
3169,5,60,4
1678,7,24,2
2578,15,8,3
439,1,39,2
4235,9,42,5
2587,13,17,3
3659,4,24,4
3484,10,41,4
4868,11,37,6
2335,14,21,2
3244,14,24,3
3402,15,49,4
133,8,15,1
3655,6,37,5
3759,4,47,5
3527,10,5,3
3766,8,35,5
1354,9,19,2
1784,5,22,2
2895,13,30,3
276,10,24,1
734,8,55,2
1595,4,18,2
2291,10,58,3
309,4,44,2
3503,9,63,4
1374,7,51,3
2389,5,20,2
2712,7,21,3
3002,15,56,4
1299,14,30,2
4488,12,62,5
1168,1,60,2
4910,11,24,5
4838,2,28,5
2537,4,19,3
3561,10,29,3
3760,2,55,5
2304,13,10,2
2076,6,26,2
4974,2,52,6
3973,8,20,4
4418,11,41,5
3919,7,28,4
2271,15,18,2
2952,15,6,3
4742,5,6,4
4074,10,56,5
3032,11,42,4
3559,12,30,3
3440,1,35,4
4211,11,41,5
4708,8,23,4
1157,4,60,2
4549,4,31,4
3139,4,29,3
242,1,45,2
1076,10,33,2
436,10,38,2
1926,15,50,3
4888,2,31,5
2523,14,35,4
2120,11,63,3
688,7,45,2
1636,1,33,3
660,5,61,2
1456,9,38,3
443,8,9,1
1479,8,26,2
3048,14,45,4
945,5,56,2
3753,4,35,5
3557,10,20,3
4560,13,58,5
1370,2,63,3
597,1,25,1
3015,2,44,4
3166,7,32,4
1720,6,23,2
3252,7,4,3
2747,15,2,3
1221,10,11,2
2105,14,7,2
778,3,43,2
2618,5,55,4
2414,3,48,4
1859,9,62,3
1490,15,8,2
1607,15,10,2
2726,8,34,4
3859,7,57,5
3787,6,23,4
3979,14,14,4
1395,4,51,3
1283,4,40,3
2377,2,31,2
3785,12,42,5
4693,11,50,5
3723,15,57,5
2353,6,39,3
298,6,44,2
2469,10,60,4
2507,2,51,4
557,7,32,2
3658,13,60,5
1001,10,44,2
3308,15,27,3
4348,4,35,5
4505,13,62,5
3622,6,50,5
4647,11,17,4
2415,12,18,3
1001,12,3,1
4397,6,27,4
459,7,61,2
1236,12,47,3
4097,3,7,4
607,15,39,2
3917,5,20,4
166,5,21,1
4823,4,10,5
2727,10,3,3
775,10,38,2
2428,14,31,3
1131,12,34,2
1404,10,27,2
3591,11,63,4
1750,7,49,3
4530,5,58,5
4383,3,37,5
1864,4,16,2
658,2,35,2
3861,12,44,5
949,3,16,1
2189,5,14,2
2325,15,59,3
103,1,26,1
4505,12,31,4
3788,12,56,5
1808,4,17,2
4994,12,56,6
2525,5,40,4
1510,15,47,3
1042,5,43,2
2150,8,4,2
576,3,12,1
4254,9,32,5
408,4,8,1
1523,11,23,2
3350,13,43,4
2301,10,61,3
4873,14,41,6
468,15,15,1
3239,13,54,4
3540,5,8,3
342,2,49,2
2424,2,30,3
780,11,52,2
3614,9,50,5
2236,9,15,2
2384,15,56,3
2459,13,20,3
289,2,8,1
828,13,47,2
114,1,61,2
3365,1,23,3
865,12,28,1
3928,9,45,5
4655,14,13,4
3338,12,58,4
931,5,59,2
1369,3,34,3
3868,1,10,4
4178,15,15,4
2466,4,19,3
4281,11,19,4
314,3,51,2
3706,5,10,4
2991,10,44,4
2845,8,44,4
1649,7,8,2
3455,11,34,4
2408,5,43,4
4135,10,34,5
4251,14,40,5
609,3,12,1
1788,13,59,3
3582,5,2,3
543,12,12,1
2770,13,27,3
4158,11,8,4
2410,11,35,4
3491,1,9,3
1491,3,30,2
4551,2,59,5
4097,1,36,5
576,5,9,1
4863,1,36,6
2187,2,53,3
3134,1,47,4
3128,10,20,3
4550,8,28,4
4510,8,41,5
1911,13,60,3
4642,1,43,5
2860,7,45,4
262,3,47,2
4509,3,21,4
3412,2,42,4
984,2,16,1
2808,10,18,3
1422,6,53,3
2363,5,5,2
2276,6,3,2
1026,10,8,1
2722,3,20,3
1553,7,55,3
3834,15,13,4
4478,11,15,4
3215,10,63,4
2321,4,6,2
3532,14,27,3
3443,2,26,3
4158,7,11,4
4387,4,21,4
4464,1,54,5
533,9,13,1
2275,11,8,2
1563,1,25,2
283,15,55,2
235,1,2,1
4880,7,24,5
453,7,51,2
3033,9,10,3
4216,13,13,4
4848,5,5,5
4630,14,43,5
1127,2,41,2
2079,12,5,2
3879,8,56,5
3832,3,60,5
1029,14,59,2
2252,14,58,3
3512,13,62,4
231,5,7,1
2467,6,45,4
947,3,62,2
3595,6,2,3
4714,5,16,4
2017,11,9,2
2832,7,14,3
3979,10,19,4
4472,2,24,4
3065,8,55,4
2238,6,48,3
3935,1,26,4
3885,15,59,5
4172,11,51,5
434,11,30,1
4818,2,12,5
2203,13,27,2
1316,3,51,3
3026,14,10,3
2732,3,55,4
4874,13,16,5
3445,10,52,4
3499,3,61,4
1937,11,51,3
1033,5,18,1
2168,9,54,3
3123,13,34,4
4241,6,56,5
2236,13,20,2
3962,9,50,5
4703,3,53,5
2899,9,62,4
3237,4,38,4
2092,7,39,3
317,1,25,1
3604,10,43,5
3231,3,28,3
4791,4,30,4
2685,12,22,3
4357,8,29,4
2898,1,32,4
4173,15,34,5
1383,7,53,3
458,4,52,2
2373,14,25,2
168,11,40,2
2125,3,20,2
108,13,30,1
380,8,11,1
1675,5,18,2
892,6,34,2
406,2,44,2
4060,14,21,4
245,1,6,1
3665,12,40,5
542,7,47,2
4026,8,2,4
408,13,37,2
4677,3,37,5
3877,6,63,5
4778,15,52,5
4140,12,22,4
2518,1,22,3
2821,4,16,3
4249,12,51,5
676,2,54,2
1368,1,60,3
299,12,7,1
1508,3,29,2
2812,11,18,3
3924,2,5,4
4759,5,58,5
4020,9,43,5
3419,8,43,4
4678,12,47,5
4851,2,59,6
3045,7,39,4
1853,11,17,2
104,14,47,2
1708,12,45,3
3666,3,41,5
1048,6,12,1
1118,12,25,1
1442,9,30,2
2046,3,31,2
1620,10,15,2
3097,10,23,3
1538,15,25,2
4131,2,2,4
1137,14,20,1
101,2,33,2
4597,5,49,5
629,6,15,1
4957,4,6,5
2229,6,8,2
4988,4,42,6
3654,12,21,4
998,5,57,2
1609,7,18,2
4764,6,5,4
1945,2,6,2
3699,9,4,4
3575,10,50,4
2280,5,30,2
2939,9,59,4
1358,5,39,3
3856,3,49,5
527,7,31,1
443,12,39,2
1248,8,52,3
3794,12,23,4
3338,5,43,4
4991,9,63,6
3551,3,11,3
2782,8,25,3
4912,11,12,5
4414,2,50,5
2746,10,22,3
831,1,52,2
2447,15,8,3
1968,7,34,3
263,10,57,2
1566,12,23,2
4867,5,23,5
4168,12,32,5
1639,7,60,3
2916,3,41,4
1333,3,4,2
2828,13,39,4
396,1,26,1
3181,3,43,4
2264,1,29,2
1606,4,18,2
2023,14,9,2
2344,14,5,2
2334,10,21,2
777,5,60,2
3401,10,9,3
4475,15,25,4
3835,15,42,5
3287,9,57,4
4159,14,50,5
4794,1,27,4
1714,8,29,2
696,4,35,2
1223,4,9,2
3715,1,38,5
4973,12,49,6
2974,8,48,4
2014,5,5,2
1923,3,19,2
2442,5,35,4
4690,7,29,4
4490,9,47,5
3911,14,49,5
2851,11,39,4
1811,9,51,3
1661,14,6,2
2471,13,58,4
721,14,30,1
3703,15,37,5
251,7,44,2
1702,9,7,2
4390,12,31,4
3033,9,53,4
4697,13,32,5
2163,14,57,3
4418,12,40,5
2820,3,47,4
2519,5,15,3
4179,2,50,5
3772,10,46,5
3165,15,47,4
670,15,27,1
4492,5,27,4
3362,7,60,4
4149,5,46,5
3489,15,51,4
183,8,61,2
473,10,11,1
747,15,8,1
1382,2,17,2
1009,6,15,1
2490,10,42,4
1156,13,62,2
347,6,27,1
1790,4,43,3
1902,1,2,2
3957,14,39,5
703,6,43,2
3536,9,52,4
3853,15,31,4
1382,12,54,3
2947,1,24,3
3719,6,3,4
3053,12,5,3
3384,4,27,3
4054,9,63,5
2645,9,44,4
124,7,47,2
1569,1,15,2
1276,3,45,3
3628,1,15,4
2200,5,44,3
4678,15,2,4
335,7,29,1
3647,5,21,4
1713,3,20,2
4544,5,4,4
3633,9,34,5
887,3,53,2
2633,14,63,4
1939,10,37,3
3655,6,15,4
4428,2,9,4
2219,4,40,3
2913,7,63,4
3465,9,21,3
2317,4,61,3
3515,10,50,4
106,13,57,2
2126,3,59,3
3889,7,45,5
4140,2,62,5
1143,4,50,2
3709,5,23,4
599,3,48,2
2487,14,27,3
1179,5,36,2
3938,2,49,5
2602,8,39,4
3399,13,15,3
1185,5,24,1
3412,8,51,4
1507,12,52,3
3617,13,6,4
4999,3,2,5
2641,2,27,3
555,9,16,1
1662,5,52,3
1474,14,13,2
4280,8,22,4
1687,15,38,3
1469,10,18,2
2658,5,10,3
4958,13,2,5
1243,6,32,3
4620,12,18,4
2350,2,21,2
1057,11,54,2
908,1,5,1
1412,13,26,2
4935,2,35,6
137,2,8,1
3317,13,28,3
2585,9,3,3
1172,7,46,2
3488,5,6,3
627,9,5,1
4792,8,49,5
1666,10,4,2
1623,7,26,2
4876,5,50,6
3144,8,27,3
3845,10,57,5
1597,5,28,2
4333,13,45,5
1024,11,41,2
2313,12,34,3
3146,5,62,4
2289,14,10,2
4938,5,36,6
3924,2,39,5
3885,9,9,4
2201,10,14,2
2301,6,5,2
2373,12,42,3
2826,13,6,3
3332,2,45,4
1872,14,44,3
2195,1,15,2
4581,4,13,4
348,4,21,1
125,5,6,1
3316,4,26,3
2156,1,14,2
2647,15,24,3
1448,2,43,3
2057,12,46,3
2324,6,38,3
3641,11,50,5
630,15,57,2
4585,10,32,5
1443,9,39,3
1018,8,28,1
2180,7,11,2
676,7,42,2
272,1,47,2
4283,5,58,5
332,14,56,2
2184,4,61,3
2430,5,3,3
3634,12,49,5
1020,15,21,1
3279,6,29,3
1814,6,58,3
1233,10,16,2
2314,13,36,3
476,13,57,2
3533,5,2,3
3201,13,48,4
4882,3,25,5
2431,3,30,3
1922,8,44,3
4396,14,56,5
1375,15,27,2
2963,8,20,3
2853,13,35,4
2194,12,21,2
272,8,2,1
2341,13,17,2
2778,11,42,4
1599,7,57,3
3527,11,14,3
4730,5,25,4
1015,13,25,1
2564,12,26,3
4796,6,36,5
2195,14,62,3
4595,6,32,5
3785,11,40,5
594,15,18,1
4618,13,46,5
4330,15,50,5
2831,9,41,4
1861,5,40,3
3092,11,58,4
203,7,15,1
3687,9,29,4
2928,9,23,3
3568,1,42,4
1987,12,9,2
3598,7,2,3
2011,13,57,3
1208,14,12,2
1412,9,59,3
422,4,60,2
2922,3,49,4
4861,1,30,5
175,14,16,1
1566,7,54,3
4823,8,42,6
4891,13,10,5
2213,9,45,3
3275,3,18,3
143,3,28,1
1858,1,20,2
2078,5,36,3
3016,8,4,3
1541,7,43,3
1263,7,55,3
3305,4,41,4
1758,1,52,3
3659,7,20,4
323,3,62,2
711,12,55,2
4275,5,47,5
1532,9,24,2
2880,3,8,3
2067,12,9,2
3146,2,6,3
1563,12,30,2
927,11,39,2
4303,11,55,5
4308,10,58,5
2015,8,30,2
3697,2,42,5
1992,6,30,2
2277,6,36,3
2952,15,54,4
2249,2,24,2
1361,5,13,2
2425,11,18,3
4181,1,60,5
1896,13,47,3
1727,11,16,2
1682,15,20,2
1978,12,24,2
3548,7,20,3
352,2,55,2
1957,12,30,2
1893,14,57,3
3445,9,41,4
3402,15,57,4
3902,13,18,4
913,12,44,2
2856,1,52,4
2924,4,6,3
4849,6,55,6
2852,3,36,4
1419,6,56,3
3068,4,39,4
1955,14,12,2
1795,2,23,2
3597,10,3,3
756,11,14,1
4869,14,27,5
4242,5,55,5
4877,10,43,6
3521,12,49,4
4699,8,38,5
208,2,52,2
1304,14,60,3
3137,11,34,4
678,6,58,2
2679,8,57,4
4346,6,23,4
4088,5,62,5
2141,14,8,2
1512,14,29,2
3735,3,51,5
1324,8,39,3
310,12,6,1
680,10,60,2
1831,12,59,3
4661,2,34,5
4840,10,3,5
4426,9,42,5
2736,8,40,4
353,6,6,1
2877,15,58,4
1331,11,24,2
166,9,24,1
1959,6,38,3
3028,8,54,4
2198,12,36,3
2960,12,5,3
4080,5,7,4
4942,14,45,6
3960,7,7,4
3070,2,29,3
180,1,14,1
3187,8,8,3
4343,5,39,5
483,15,33,2
3604,9,55,5
3499,7,38,4
3985,15,49,5
2761,4,23,3
3672,5,36,5
4769,3,49,5
2523,5,41,4
4355,10,55,5
2416,4,20,3
2925,3,25,3
1567,8,34,3
1568,4,2,2
2717,10,54,4
855,4,21,1
2397,14,8,2
2527,11,48,4
2977,8,51,4
1808,5,44,3
3198,5,3,3
3128,14,39,4
1934,5,51,3
2687,11,33,4
261,6,6,1
4990,5,41,6
3954,1,42,5
616,14,45,2
3491,1,3,3
2460,13,44,4
4946,6,52,6
1621,2,4,2
2445,3,15,3
3827,6,51,5
1208,2,23,2
3087,6,8,3
3460,15,34,4
4363,12,37,5
2143,6,16,2
4683,2,19,4
639,10,34,2
1793,2,9,2
529,7,16,1
945,13,32,2
3262,15,61,4
4971,12,29,5
654,12,47,2
2948,13,57,4
925,9,53,2
2578,15,7,3
2454,1,45,4
2560,8,37,4
2163,4,49,3
1447,6,41,3
1103,14,55,2
4342,3,10,4
3790,13,56,5
778,10,40,2
641,11,56,2
1151,15,5,1
1874,1,59,3
166,12,40,2
3747,1,42,5
4765,15,53,5
1094,12,58,2
4704,5,18,4
2983,14,52,4
3497,4,18,3
100,11,20,1
1339,8,17,2
3443,11,22,3
4565,3,33,5
1660,3,28,2
492,2,22,1
298,9,14,1
4746,5,38,5
4154,13,60,5
742,13,18,1
614,9,53,2
3498,7,23,3
1586,8,38,3
3386,12,21,3
4061,13,50,5
4328,7,62,5
1462,5,62,3
2106,14,22,2
4735,2,46,5
4204,8,12,4
2146,14,44,3
2584,5,19,3
1867,8,5,2
2418,5,37,4
4818,12,41,6
4568,13,51,5
594,13,60,2
1609,1,3,2
2906,10,6,3
2773,9,52,4
4309,15,38,5
1345,5,35,3
822,2,37,2
2717,14,58,4
2495,4,47,4
4218,1,8,4
571,4,42,2
4183,13,32,5
1629,5,31,2
686,2,14,1
3186,6,63,4
489,4,34,2
2138,5,30,2
4226,12,59,5
878,12,12,1
4007,10,13,4
1074,10,30,1
979,13,56,2
4987,5,28,5
3953,4,28,4
3195,14,48,4
4026,1,14,4
1192,5,21,1
2770,4,5,3
3837,6,12,4
2241,7,18,2
3785,15,41,5
3731,4,56,5
349,11,60,2
3990,14,51,5
3622,15,15,4
3573,3,15,3
3670,14,30,4
127,1,28,1
3201,2,25,3
4652,1,37,5
1572,9,43,3
2951,13,4,3
3676,4,6,4
161,7,54,2
1309,6,14,2
681,1,53,2
3296,14,55,4
1961,2,6,2
2015,4,35,3
2595,6,49,4
569,5,8,1
1142,3,10,1
3883,9,35,5
2467,14,61,4
1851,12,29,2
652,15,59,2
1302,11,3,2
2656,7,51,4
171,6,29,1
4926,5,56,6
4942,8,46,6
1382,8,39,3
244,10,5,1
1618,14,62,3
3241,13,25,3
1021,10,3,1
3347,10,63,4
4279,10,63,5
381,5,63,2
2521,1,39,4
2131,3,46,3
541,4,60,2
2940,1,34,4
3954,1,54,5
4803,4,25,5
4931,4,34,6
1658,7,35,3
704,11,18,1
4641,6,60,5
2177,15,47,3
2739,1,21,3
3684,11,42,5
3376,1,21,3
4103,6,24,4
1380,14,45,3
4601,12,6,4
4040,7,58,5
2112,2,31,2
3745,3,22,4
3763,11,39,5
2703,2,39,4
2156,6,18,2
2169,1,16,2
780,7,20,1
357,10,28,1
4324,14,62,5
1133,2,19,1
3782,5,24,4
3771,1,53,5
277,10,45,2
847,14,10,1
3602,14,20,4
2833,10,40,4
3885,7,48,5
3063,5,38,4
727,5,3,1
4911,8,32,6
287,8,33,2
929,13,18,1
1856,8,44,3
1278,12,27,2
2112,3,43,3
2460,8,22,3
3495,5,62,4
3882,1,20,4
3484,4,16,3
142,11,62,2
623,12,40,2
4286,5,42,5
4633,8,5,4
3257,10,10,3
1709,2,55,3
3096,6,34,4
4023,4,59,5
387,3,40,2
4407,11,28,4
3560,9,49,4
4414,5,4,4
445,2,3,1
1134,3,2,1
4815,9,58,6
4855,8,5,5
2190,12,53,3
681,6,20,1
1296,8,2,2
2514,1,63,4
1957,2,37,3
3361,6,16,3
2842,5,43,4
3593,14,2,3
960,1,57,2
2948,4,23,3
4107,8,14,4
1979,9,13,2
4364,12,19,4
1000,1,3,1
999,2,46,2
3390,3,48,4
2648,7,61,4
4344,5,8,4
2414,12,20,3
113,2,35,2
1373,12,2,2
519,3,60,2
4776,8,47,5
3524,4,35,4
3279,11,19,3
3098,11,48,4
4630,12,6,4
296,10,53,2
431,9,61,2
2940,14,15,3
705,6,30,1
1427,8,54,3
2110,10,55,3
3137,6,25,3
4100,2,12,4
4853,10,28,5
1636,8,23,2
681,7,46,2
1768,4,12,2
614,6,58,2
701,9,63,2
1577,1,22,2
3950,11,55,5
1966,9,37,3
1419,10,5,2
4297,4,54,5
3235,1,45,4
1715,15,43,3
2871,8,18,3
2231,11,3,2
2621,8,62,4
2374,9,21,2
2403,12,56,4
4432,10,63,5
4685,1,12,4
2812,12,35,4
1803,11,3,2
636,2,53,2
4205,15,60,5
464,6,46,2
4870,11,53,6
2430,5,58,4
4191,14,26,4
512,3,14,1
454,3,54,2
2296,15,18,2
268,9,33,2
4342,1,57,5
1615,11,48,3
4489,4,55,5
4772,7,15,4
203,5,60,2
2742,9,22,3
1171,10,34,2
2411,12,60,4
4907,15,17,5
2758,8,49,4
4504,1,23,4
3042,8,12,3
2263,15,30,2
2719,10,27,3
4641,10,60,5
1582,11,22,2
3568,5,20,3
4028,6,49,5
1942,15,40,3
4608,1,16,4
1213,11,53,3
470,11,32,2
1354,5,60,3
1486,15,43,3
1676,4,63,3
4495,11,60,5
3305,12,51,4
2011,13,50,3
1749,11,32,3
2750,9,51,4
3468,4,28,3
1859,13,8,2
250,6,10,1
137,10,15,1
1154,11,31,1
4595,3,2,4
3806,11,18,4
998,9,2,1
3251,8,44,4
982,9,62,2
755,10,19,1
2216,6,46,3
3353,11,25,3
1343,13,46,3
3002,8,19,3
4387,1,21,4
2273,1,59,3
1654,14,29,2
694,10,51,2
4454,13,39,5
3947,4,14,4
1538,1,62,3
1910,13,39,3
820,7,41,2
4516,4,51,5
920,1,2,1
1904,1,13,2
1694,14,34,3
3356,13,45,4
4110,6,47,5
111,6,38,2
3907,6,13,4
507,9,22,1
1516,12,3,2
4263,7,7,4
3836,7,49,5
4039,1,3,4
2938,8,60,4
3250,6,24,3
444,14,36,2
4896,11,48,6
3022,12,51,4
3181,5,44,4
4777,6,39,5
2391,13,59,3
3487,9,18,3
4032,4,6,4
3639,7,11,4
4004,14,12,4
1593,13,55,3
3996,3,41,5
573,14,32,2
1379,2,4,2
943,3,24,1
3698,7,32,5
3813,6,60,5
4570,3,50,5
3631,4,39,5
674,1,34,2
379,7,24,1
867,5,48,2
3685,1,25,4
4789,12,55,5
703,15,18,1
2876,4,9,3
2666,13,35,4
1616,11,62,3
2651,4,58,4
4623,13,16,4
1626,14,17,2
1590,7,28,2
144,11,28,1
3566,6,18,3
2348,10,23,2
3294,10,22,3
1642,14,6,2
4224,4,39,5
1606,15,30,2
1787,5,7,2
2470,14,12,3
4804,2,27,5
2519,7,41,4
1553,9,16,2
1422,9,37,3
2738,7,58,4
2734,7,9,3
1099,8,34,2
1783,5,37,3
2603,1,49,4
2902,15,25,3
3992,12,9,4
3188,10,33,4
595,10,53,2
599,13,25,1
4785,11,20,4
2426,10,36,4
4539,3,58,5
3418,3,24,3
2587,13,55,4
1023,3,33,2
2942,15,48,4
4139,11,51,5
1122,5,63,2
4771,13,26,4
2450,13,18,3
4690,13,2,4
3171,13,57,4
916,7,52,2
656,9,42,2
4253,4,56,5
1505,8,49,3
3148,10,43,4
723,6,40,2
3773,13,49,5
3413,3,43,4
3498,10,43,4
365,5,18,1
2954,8,45,4
2461,1,18,3
4067,3,56,5
2478,8,29,3
1005,7,26,1
3249,1,19,3
3488,14,40,4
2597,12,45,4
128,4,32,2
1813,15,41,3
1487,5,19,2
2919,12,50,4
4292,5,48,5
849,5,44,2
780,4,13,1
4717,12,40,5
2703,9,50,4
1277,1,16,2
3311,7,35,4
2167,14,38,3
3653,15,15,4
390,1,4,1
3536,3,54,4
313,11,9,1
756,15,31,1
3583,10,48,4
1971,13,38,3
3080,5,4,3
4437,15,19,4
2631,11,62,4
834,8,6,1
2032,11,2,2
4081,7,60,5
1081,7,17,1
3052,5,23,3
4331,10,37,5
561,7,38,2
4312,12,58,5
1706,10,44,3
4006,3,47,5
3527,11,63,4
3194,4,45,4
2956,4,13,3
3002,14,38,4
3630,15,11,4
2122,2,36,3
3901,5,9,4
1955,13,57,3
1118,9,18,1
4780,2,57,5
1601,11,12,2
4046,15,26,4
1602,1,49,3
3693,10,54,5
3364,8,12,3
2859,5,22,3
202,4,27,1
1773,14,57,3
1979,3,33,3
1359,7,18,2
438,7,51,2
3361,9,58,4
3288,4,33,4
2218,3,55,3
3116,6,11,3
2058,6,20,2
3402,5,7,3
2063,13,10,2
3622,13,40,5
1832,2,14,2
3625,11,58,5
3267,2,16,3
2443,5,29,3
3441,14,56,4
2819,3,2,3
3834,3,10,4
4793,13,63,5
3137,10,53,4
1752,8,51,3
3229,1,16,3
2937,5,27,3
1827,5,26,2
2477,9,11,3
2503,14,33,4
4671,1,61,5
2939,11,38,4
3627,1,35,5
631,3,42,2
3814,6,48,5
3882,9,46,5
634,10,62,2
2590,7,8,3
1478,11,30,2
3716,10,56,5
2518,9,34,4
145,2,38,2
3206,5,53,4
121,15,38,2
2248,1,24,2
585,8,31,1
3212,3,55,4
3693,7,24,4
456,14,21,1
1749,1,18,2
4586,14,40,5
2189,12,18,2
3310,6,55,4
1588,13,2,2
4194,11,30,4
4267,9,27,4
3754,5,3,4
1742,7,46,3
864,7,52,2
2219,8,36,3
1860,11,13,2
2793,13,11,3
145,11,14,1
1512,5,40,3
1715,11,26,2
4112,11,51,5
3441,12,38,4
133,11,55,2
3099,4,57,4
3989,1,7,4
2117,8,28,2
4025,6,15,4
2018,1,55,3
1563,5,60,3
4599,10,28,4
368,2,23,1
3008,6,37,4
300,1,8,1
4418,4,46,5
1168,3,46,2
1577,6,7,2
657,7,32,2
2467,5,18,3
2190,8,8,2
3568,14,14,3
3090,3,50,4
3128,3,23,3
1348,2,16,2
505,9,44,2
3486,4,51,4
2832,2,32,4
1536,7,12,2
4404,11,22,4
373,8,2,1
195,3,44,2
4205,9,24,4
4972,4,62,6
4862,7,30,5
1917,14,2,2
3420,9,63,4
2476,7,29,3
2599,5,59,4
2327,13,40,3
461,10,9,1
2483,14,53,4
509,14,36,2
3687,1,45,5
4001,11,50,5
2367,13,24,2
596,2,19,1
3462,13,53,4
2822,7,21,3
1487,13,9,2
4088,5,35,5
4808,15,20,5
1278,15,49,3
4976,13,18,5
2457,9,40,4
4457,3,57,5
2050,9,51,3
4794,10,28,4
3087,6,19,3
2333,14,2,2
1161,10,50,2
851,10,33,2
1667,3,21,2
4070,1,5,4
2885,10,41,4
1007,9,30,1
2759,11,6,3
3026,3,37,4
3345,2,26,3
4848,1,60,6
3476,4,7,3
446,7,61,2
589,15,14,1
1613,3,18,2
675,10,31,1
1277,6,40,3
2708,3,59,4
601,9,13,1
4188,14,25,4
4431,14,5,4
2406,12,4,3
4690,15,15,4
583,7,32,2
529,6,18,1
1290,4,60,3
945,4,9,1
4745,15,59,5
2600,4,26,3
161,5,12,1
2932,1,27,3
267,12,27,1
330,7,45,2
1158,14,31,1
821,9,63,2
4408,6,50,5
2428,13,11,3
2418,2,28,3
4854,13,10,5
2326,7,27,2
4546,14,5,4
1841,3,6,2
1148,6,38,2
867,9,55,2
4918,14,17,5
2298,10,14,2
4918,12,3,5
1204,8,19,2
3663,6,28,4
1602,14,38,3
406,10,38,2
2768,5,50,4
4651,15,10,4
538,14,3,1
2525,4,31,3
3156,13,56,4
1936,8,19,2
380,6,41,2
1309,11,45,3
2901,8,39,4
3490,12,14,3
4859,9,62,6
2963,4,25,3
3703,10,27,4
643,2,32,2
4160,7,56,5
1175,8,56,2
3323,4,12,3
2630,2,9,3
3126,13,33,4
2347,9,26,2
363,3,57,2
845,13,22,1
4052,3,32,5
598,9,20,1
560,8,15,1
2558,4,58,4
4031,10,25,4
4774,4,15,4
3177,12,13,3
1267,14,17,2
2209,14,32,3
824,1,31,1
1269,13,23,2
2398,1,51,3
3284,15,36,4
2739,14,18,3
4853,15,40,6
4977,12,25,5
2644,11,43,4
4974,9,56,6
3173,13,27,3
4476,1,24,4
3933,2,6,4
550,7,10,1
1373,13,35,3
1568,2,49,3
1803,11,38,3
1132,4,9,1
4609,10,41,5
4685,2,16,4
953,14,27,1
4749,12,26,4
4319,3,19,4
792,6,13,1
1425,7,17,2
2885,12,29,3
1183,2,61,2
3804,9,29,4
2714,2,25,3
3481,4,39,4
1970,5,4,2
2402,8,24,3
4253,13,19,4
2254,12,35,3
4800,13,27,4
3122,4,51,4
1033,1,62,2
1381,12,4,2
3291,7,40,4
2520,9,35,4
4486,13,30,4
831,11,23,1
3851,13,28,4
3861,12,46,5
2301,13,41,3
2499,11,29,3
1266,5,25,2
3132,11,21,3
3928,15,38,5
3679,2,35,5
4605,15,28,4
3109,12,50,4
899,12,17,1
3522,11,22,3
2334,9,16,2
486,3,14,1
864,2,17,1
4007,4,62,5
4083,4,43,5
3490,13,30,3
2925,15,58,4
3928,15,37,5
278,11,45,2
1736,10,16,2
3254,5,12,3
3265,1,12,3
1575,13,29,2
1618,15,18,2
929,10,2,1
1499,15,59,3
2465,11,45,4
2819,1,21,3
890,14,60,2
3638,12,51,5
814,13,53,2
1402,10,36,3
1558,7,60,3
1229,11,15,2
4875,5,36,6
3355,14,4,3
1323,10,32,3
2161,6,50,3
3922,7,40,5
1875,1,38,3
2905,5,33,4
4258,15,8,4
3403,13,4,3
4166,8,26,4
1925,3,31,2
515,2,30,1
3977,2,18,4
2527,4,22,3
4049,7,17,4
4094,12,58,5
2360,2,51,3
3824,15,26,4
2520,6,43,4
520,13,24,1
528,7,30,1
4321,9,8,4
4237,12,5,4
1227,12,61,3
4101,7,4,4
2521,1,47,4
2221,8,62,3
2814,3,7,3
179,13,2,1
1805,7,36,3
893,6,32,2
2455,12,10,3
3838,15,37,5
4613,3,28,4
4654,15,62,5
2150,2,32,3
586,4,38,2
2812,1,28,3
4900,10,55,6
4149,10,15,4
332,13,25,1
1416,7,4,2
3666,3,58,5
2800,13,41,4
1711,2,10,2
1197,5,54,2
4804,7,46,6
1742,1,24,2
4275,12,44,5
1828,1,23,2
2702,15,32,4
2380,10,51,3
3854,8,60,5
878,5,20,1
3916,8,33,5
3001,11,63,4
3205,3,13,3
2125,2,7,2
1702,7,33,3
860,6,9,1
4144,4,36,5
2926,7,16,3
4757,13,29,4
2769,9,50,4
4395,9,59,5
4041,3,23,4
1586,1,60,3
1113,4,47,2
4225,10,32,5
4123,13,10,4
4192,1,44,5
460,7,4,1
4136,2,10,4
502,14,4,1
1684,8,51,3
1349,5,20,2
4784,10,5,4
212,1,7,1
4129,2,42,5
4092,4,13,4
4657,3,35,5
2689,13,28,3
4266,5,10,4
1373,4,58,3
1317,2,29,2
1414,13,43,3
3086,11,25,3
4630,9,45,5
2337,7,23,2
1887,5,63,3
500,12,38,2
4118,14,35,5
2815,12,28,3
696,11,54,2
918,4,29,1
4707,10,13,4
1082,13,40,2
3841,13,19,4
669,5,35,2
2745,2,55,4
4747,8,7,4
2503,2,29,3
2256,8,2,2
3591,13,20,3
4320,5,19,4
3753,4,17,4
4731,7,39,5
4961,1,50,6
4353,7,5,4
784,10,31,1
710,12,53,2
3928,5,18,4
1365,6,25,2
1286,5,13,2
2295,15,12,2
1415,7,40,3
4142,13,33,5
3830,15,10,4
4304,1,12,4
444,2,17,1
1493,6,11,2
121,15,16,1
1316,14,62,3
1890,7,32,3
4934,8,20,5
2298,13,8,2
1787,4,62,3
3466,11,5,3
2234,3,20,2
4834,9,12,5
3346,14,45,4
4586,2,63,5
3599,10,36,4
812,15,5,1
4416,1,19,4
3597,6,16,3
4573,11,56,5
3755,3,2,4
505,7,55,2
4379,13,55,5
3706,12,20,4
3181,13,35,4
3991,15,58,5
4302,8,32,5
4507,14,60,5
237,15,19,1
3620,2,17,4
3601,7,28,4
1164,13,18,1
2856,10,20,3
2775,5,53,4
4245,12,24,4
4692,5,43,5
1143,5,44,2
4898,5,5,5
4203,10,16,4
1852,5,8,2
4900,14,47,6
1223,7,26,2
1423,11,47,3
4979,8,26,5
1192,11,32,2
4629,15,15,4
2262,4,13,2
3552,7,58,4
4900,9,53,6
2532,15,23,3
3786,13,2,4
3030,13,30,3
764,2,6,1
4480,9,20,4
3878,6,23,4
4696,9,55,5
4469,7,39,5
1496,13,58,3
2613,5,46,4
1564,5,15,2
3933,1,17,4
632,3,7,1
4392,6,29,4
4354,2,2,4
3280,11,7,3
3363,6,3,3
3966,15,61,5
3845,14,62,5
2709,5,30,3
4578,1,6,4
3880,3,36,5
2557,1,33,4
4535,13,16,4
3304,7,60,4
495,11,11,1
624,7,19,1
4542,1,32,5
3606,8,61,5
935,12,19,1
3061,7,45,4
4944,3,7,5
1716,2,34,3
4394,9,60,5
4376,7,63,5
1777,6,6,2
3814,5,21,4
1530,5,27,2
1793,3,18,2
360,14,43,2
702,5,62,2
3072,14,42,4
272,12,59,2
457,8,53,2
2905,2,15,3
3818,3,19,4
4851,3,28,5
2748,13,32,4
780,6,56,2
1315,1,16,2
2838,5,44,4
4728,9,34,5
844,13,17,1
1042,15,12,1
811,1,3,1
3025,6,14,3
1769,7,4,2
1352,15,21,2
795,1,3,1
305,12,24,1
1734,15,25,2
1001,6,28,1
4963,4,23,5
3220,4,2,3
2308,13,32,3
2046,6,14,2
1025,10,38,2
4700,12,22,4
785,11,54,2
3453,10,45,4
767,11,41,2
2508,8,28,3
771,12,38,2
3373,3,21,3
1135,7,41,2
351,13,37,2
474,11,46,2
4181,10,55,5
3150,4,62,4
1209,3,21,2
1779,3,61,3
1890,11,50,3
2101,6,37,3
682,11,40,2
4887,10,2,5
4295,8,63,5
997,14,49,2
1359,1,43,3
3009,13,59,4
1279,4,9,2
2337,1,50,3
1792,8,3,2
2649,14,45,4
477,5,24,1
3135,3,53,4
4044,8,62,5
636,9,52,2
4666,5,54,5
3164,13,22,3
4909,1,36,6
858,11,2,1
2776,11,21,3
580,6,60,2
2387,12,39,3
1569,5,53,3
3290,12,48,4
460,14,50,2
1768,11,3,2
4263,6,17,4
520,13,25,1
225,12,33,2
2876,12,30,3
4977,4,6,5
4670,7,13,4
3362,14,4,3
2603,5,3,3
2433,7,39,4
579,10,61,2
344,2,32,2
4878,3,7,5
2328,13,30,2
1325,13,21,2
4138,1,5,4
3158,12,30,3
603,3,11,1
1213,8,53,3
2567,5,63,4
1879,9,36,3
738,1,28,1
2430,5,2,3
540,11,42,2
1791,11,26,2
4305,2,24,4
4698,8,52,5
1935,2,51,3
2574,11,21,3
4762,9,12,4
1118,6,42,2
1211,10,26,2
4300,9,8,4
3812,2,5,4
4717,9,58,5
3726,4,7,4
613,13,14,1
3226,3,49,4
4736,4,35,5
2408,11,54,4
1499,8,60,3
2085,7,21,2
650,6,51,2
1274,1,63,3
834,2,35,2
2399,10,14,2
1024,15,55,2
3112,2,7,3
2903,15,10,3
1263,8,31,2
733,5,63,2
4347,5,28,4
1928,6,10,2
775,3,11,1
1438,2,39,3
1873,12,2,2
1896,3,4,2
1599,13,35,3
2549,5,56,4
1849,10,50,3
2792,13,37,4
184,9,34,2
3793,5,45,5
2362,6,49,3
1315,10,46,3
1791,3,4,2
3764,5,53,5
4534,4,32,5
2160,7,7,2
4688,8,17,4
4752,12,44,5
2949,1,14,3
3865,3,34,5
3214,9,2,3
3616,14,47,5
3046,1,61,4
2494,8,62,4
3575,2,55,4
4313,10,10,4
2402,10,23,3
504,12,51,2
4241,5,48,5
2648,3,62,4
4692,7,35,5
2011,2,35,3
4317,11,54,5
997,8,2,1
4906,1,38,6
3373,15,57,4
4171,6,42,5
1124,13,24,1
691,12,60,2
4051,15,19,4
4896,3,13,5
3511,13,47,4
2124,11,6,2
3298,1,21,3
2274,10,60,3
3301,1,20,3
2861,11,56,4
3262,12,3,3
1499,3,5,2
120,6,28,1
3226,7,9,3
1011,4,35,2
1160,12,54,2
4112,15,39,5
1418,3,8,2
780,3,30,1
4756,4,41,5
4148,3,45,5
756,13,19,1
4605,4,56,5
3272,6,43,4
2953,15,59,4
1545,12,42,3
3980,11,12,4
4832,9,9,5
1229,13,3,2
852,11,10,1
1958,10,40,3
1708,13,42,3
3492,10,7,3
3099,7,30,3
1526,7,15,2
113,7,41,2
4683,15,16,4
4309,5,52,5
1887,7,48,3
3401,12,56,4
3849,8,49,5
2702,15,48,4
865,7,6,1
493,13,12,1
3516,3,38,4
4832,15,24,5
3705,10,50,5
4299,9,19,4
2653,10,11,3
1680,14,60,3
4681,6,59,5
1837,8,48,3
4469,15,22,4
2658,12,7,3
1106,6,49,2
110,4,62,2
4990,1,13,5
4639,13,39,5
2567,14,7,3
4124,7,13,4
1642,8,40,3
4291,13,3,4
1723,15,28,2
3473,4,58,4
3283,9,14,3
4731,8,13,4
153,12,4,1
2840,10,26,3
1691,13,25,2
1357,2,47,3
3931,10,34,5
297,11,8,1
4455,8,12,4
4374,13,7,4
2378,4,33,3
1918,12,26,2
2898,10,53,4
4764,14,51,5
4648,9,6,4
4254,3,45,5
3468,3,13,3
1284,7,22,2
784,8,51,2
966,15,48,2
4264,6,35,5
3578,6,9,3
1297,10,63,3
4066,8,16,4
1411,11,58,3
1687,11,18,2
984,10,7,1
3204,12,23,3
4648,10,24,4
3100,2,39,4
3334,5,47,4
1869,12,50,3
4428,2,7,4
210,13,21,1
2633,15,34,4
825,3,27,1
602,7,49,2
3147,1,39,4
3943,4,63,5
2469,7,20,3
1473,5,5,2
2120,14,9,2
758,12,57,2
3304,5,29,3
1597,3,36,3
2026,8,29,2
2993,3,44,4
3330,7,21,3
516,1,52,2
3723,11,57,5
3156,14,52,4
3298,3,27,3
489,15,49,2
2955,1,33,4
3342,4,52,4
977,3,31,1
3117,12,23,3
3668,9,52,5
623,2,54,2
2919,11,33,4
1238,12,21,2
2974,14,15,3
148,13,13,1
1896,14,2,2
480,5,44,2
4603,10,44,5
2001,3,24,2
4042,3,29,4
2054,11,23,2
1323,5,50,3
3738,2,11,4
2340,5,60,3
4714,3,62,5
114,2,37,2
689,5,26,1
4352,14,33,5
1749,3,24,2
2845,8,20,3
1450,2,56,3
3127,7,47,4
410,8,18,1
3597,7,54,4
2599,2,50,4
1648,9,53,3
4360,10,51,5
1259,6,43,3
1726,9,51,3
2284,3,55,3
3121,9,63,4
2784,3,25,3
3615,3,58,5
1838,14,7,2
316,12,20,1
3258,8,52,4
1005,6,20,1
4138,1,46,5
944,2,52,2
3065,10,13,3
1099,15,33,2
2644,14,26,3
795,8,33,2
1297,7,5,2
1525,8,40,3
4780,8,3,4
1977,6,24,2
416,7,8,1
2643,6,21,3
1559,11,37,3
2479,1,61,4
2379,5,54,3
3700,10,18,4
1430,13,23,2
539,1,8,1
4016,2,60,5
2772,5,53,4
2183,15,41,3
1441,2,24,2
3189,14,15,3
1857,12,11,2
2015,4,47,3
2714,15,2,3
3533,3,58,4
4574,9,61,5
3597,10,47,4
1608,5,58,3
3953,2,18,4
4461,10,41,5
3039,6,15,3
3944,13,50,5
1017,6,57,2
3651,5,18,4
264,14,11,1
2308,12,59,3
3780,3,19,4
4381,8,36,5
1286,5,11,2
1628,10,44,3
3226,15,21,3
2637,12,17,3
236,9,18,1
3118,4,57,4
784,15,40,2
2558,12,51,4
3075,4,29,3
1548,14,10,2
3832,2,21,4
3503,13,7,3
1130,3,14,1
4985,7,10,5
3779,6,49,5
2726,7,34,4
3357,7,36,4
4656,9,23,4
1465,3,24,2
3107,6,47,4
2317,2,26,2
1151,3,37,2
4183,6,56,5
669,15,8,1
872,11,16,1
1306,1,30,2
579,8,9,1
927,4,38,2
4240,5,11,4
1079,15,11,1
1996,5,61,3
4701,6,51,5
4844,11,46,6
2282,1,14,2
3901,13,20,4
1743,8,49,3
3697,13,50,5
4550,5,24,4
2438,3,56,4
2338,8,16,2
2678,10,18,3
2462,3,11,3
3491,3,57,4
2852,8,53,4
2164,10,41,3
1013,14,58,2
4603,8,47,5
330,15,34,2
3303,13,57,4
186,15,46,2
4704,3,19,4
888,15,5,1
4194,4,60,5
766,13,5,1
222,6,16,1
4643,13,32,5
3719,13,3,4
161,11,13,1
2578,1,63,4
3493,9,34,4
4492,2,47,5
317,1,61,2
3600,5,51,4
178,7,21,1
2912,15,3,3
635,12,40,2
502,12,2,1
1834,8,62,3
1619,5,21,2
193,8,57,2
291,14,25,1
3854,3,15,4
3610,7,50,5
4145,8,38,5
2590,11,42,4
3219,5,30,3
4497,5,22,4
3736,7,33,5
4983,2,60,6
1341,3,54,3
585,9,39,2
2099,14,57,3
1542,15,24,2
2795,7,30,3
2085,6,15,2
4735,1,8,4
4211,11,24,4
2606,7,18,3
2132,12,35,3
4515,5,33,5
2568,6,38,4
1247,2,6,2
2692,8,43,4
1925,10,46,3
4848,6,21,5
4174,15,9,4
2931,2,9,3
3975,8,61,5
1848,1,25,2
4746,15,26,4
3290,14,47,4
536,12,28,1
4981,12,33,6
1676,14,8,2
1612,2,61,3
4302,13,13,4
1863,5,49,3
3207,6,8,3
602,5,46,2
1044,2,46,2
2344,13,9,2
423,3,5,1
2052,10,29,2
4764,4,47,5
2470,8,62,4
2603,1,49,4
2682,6,17,3
382,11,41,2
517,7,35,2
4956,9,53,6
4388,3,28,4
4716,10,27,4
2511,12,44,4
636,3,12,1
2225,10,2,2
1114,4,22,1
4661,1,33,5
4436,7,12,4
382,11,24,1
4911,10,61,6
1819,3,5,2
2194,5,3,2
4884,11,21,5
1777,14,29,2
1719,12,55,3
4985,7,10,5
798,14,44,2
1939,5,6,2
2505,6,11,3
1576,4,10,2
3172,1,4,3
4394,7,32,5
2152,13,36,3
695,13,5,1
2005,12,8,2
268,15,17,1
1043,2,17,1
2606,11,29,3
3504,7,40,4
4116,1,51,5
1509,9,14,2
1442,10,45,3
822,4,62,2
2052,9,21,2
3912,3,46,5
4570,2,57,5
1404,15,5,2
3027,5,25,3
4811,3,33,6
4704,6,23,4
2696,4,61,4
336,4,63,2
780,10,45,2
466,5,61,2
2896,14,6,3
2746,13,58,4
1126,15,35,2
2933,6,41,4
2460,10,33,4
3095,10,58,4
3731,14,25,4
2167,10,38,3
1083,6,9,1
2356,7,48,3
4304,7,19,4
3055,15,45,4
4322,13,10,4
2089,12,3,2
2217,4,2,2
2193,11,54,3
2342,6,8,2
4319,4,43,5
3850,2,21,4
679,11,52,2
2064,14,61,3
2265,8,12,2
419,1,21,1
1945,15,46,3
4929,5,3,5
1301,3,34,3
2282,6,23,2
3642,8,29,4
1571,1,32,3
2669,10,36,4
1201,4,11,2
2856,4,23,3
3361,11,18,3
3062,6,60,4
132,1,44,2
1240,12,39,3
4074,15,51,5
1665,15,8,2
4743,6,38,5
3017,10,14,3
4569,9,30,4
4910,1,55,6
2766,12,27,3
4807,11,4,5
692,11,40,2
2310,3,11,2
2210,12,38,3
275,5,24,1
3920,10,21,4
4517,2,35,5
4030,11,5,4
2846,3,33,4
2084,2,46,3
933,15,43,2
1240,4,19,2
2004,8,53,3
434,15,2,1
4569,9,24,4
4623,8,45,5
4315,10,14,4
3747,10,5,4
1086,1,39,2
2443,9,10,3
4766,5,38,5
3286,14,47,4
1465,2,32,3
4443,9,3,4
3448,14,51,4
4286,2,17,4
146,1,42,2
4519,3,63,5
983,6,22,1
688,3,57,2
1227,6,22,2
1757,3,3,2
584,15,53,2
4395,10,37,5
1418,2,8,2
3510,2,16,3
2413,4,38,4
2614,14,10,3
2905,3,2,3
3249,8,17,3
850,1,24,1
3023,6,25,3
969,6,47,2
4296,5,25,4
3788,12,11,4
1050,14,40,2
733,10,49,2
1613,14,12,2
4917,11,31,5
354,12,41,2
1480,8,34,3
1311,11,8,2
3470,1,7,3
4633,13,44,5
2612,12,61,4
4920,5,51,6
3674,4,53,5
3758,8,9,4
4787,11,17,4
1658,10,50,3
919,11,61,2
358,2,22,1
3753,10,5,4
247,7,48,2
3378,2,28,3
3793,8,36,5
2177,15,61,3
2563,11,2,3
2729,11,17,3
1011,5,32,2
3200,12,60,4
377,2,39,2
1023,1,19,1
2077,9,38,3
1381,2,58,3
3707,12,11,4
879,11,50,2
2408,13,24,3
2673,1,20,3
4399,12,50,5
3966,11,56,5
2725,7,43,4
3348,15,8,3
2704,14,31,3
3527,6,39,4
2764,8,42,4
2765,15,63,4
3993,10,44,5
3840,3,45,5
2128,3,19,2
2388,6,7,2
606,6,13,1
2151,3,12,2
1060,6,49,2
3046,13,3,3
161,1,29,1
449,1,19,1
104,15,24,1
2191,5,14,2
4370,4,45,5
113,11,21,1
4067,2,25,4
3978,14,14,4
4773,13,28,4
2945,3,16,3
2339,11,22,2
3812,1,40,5
4522,13,3,4
3109,6,11,3
706,10,19,1
2518,14,52,4
4864,5,38,6
3057,10,57,4
1951,6,49,3
1038,11,10,1
2606,6,13,3
4049,2,57,5
4684,11,62,5
1156,14,19,1
3264,8,54,4
2985,15,46,4
1901,14,4,2
2103,6,21,2
2202,14,36,3
2532,14,31,3
3534,2,4,3
1948,1,16,2
3850,13,19,4
3827,9,36,5
664,4,61,2
4286,13,11,4
3660,13,44,5
872,10,41,2
457,15,9,1
3628,11,43,5
2077,8,54,3
1008,2,29,1
1126,15,58,2
1150,13,34,2
4245,9,18,4
1992,8,14,2
409,11,40,2
992,2,20,1
667,9,47,2
727,8,40,2
1757,2,54,3
4155,6,50,5
1685,5,16,2
4301,2,60,5
3003,8,38,4
1463,15,12,2
2430,1,34,4
3583,8,13,3
4167,6,17,4
3524,9,2,3
2589,6,23,3
3810,1,18,4
4017,10,59,5
1542,14,49,3
4950,5,48,6
3211,7,55,4
1346,4,20,2
4186,4,56,5
3733,12,3,4
962,3,17,1
3409,8,40,4
4393,5,22,4
1534,13,46,3
3075,11,2,3
722,12,24,1
3969,14,63,5
3897,12,43,5
4156,6,24,4
2664,14,11,3
487,3,21,1
576,1,13,1
236,8,32,2
1754,14,42,3
2633,13,56,4
1035,8,57,2
152,7,15,1
3371,7,7,3
3921,4,38,5
3011,12,45,4
4611,11,27,4
2627,10,16,3
1833,6,3,2
2122,13,2,2
252,6,24,1
2513,13,4,3
177,13,4,1
4819,8,30,5
597,15,23,1
699,1,15,1
802,6,58,2
135,2,13,1
3016,5,17,3
852,9,46,2
589,1,33,2
4774,6,5,4
1418,9,7,2
1032,5,58,2
4724,5,38,5
4761,15,39,5
4348,11,23,4
1528,14,40,3
2166,3,54,3
4070,2,21,4
2122,7,9,2
2202,15,28,2
906,3,25,1
424,14,28,1
2271,14,21,2
3169,13,43,4
1631,3,11,2
4990,2,54,6
766,13,21,1
3424,4,12,3
880,8,2,1
4059,4,51,5
378,4,26,1
3748,10,44,5
2773,10,13,3
3417,13,11,3
2738,12,62,4
1099,6,18,1
3914,9,7,4
4029,3,15,4
594,7,63,2
2886,14,19,3
1880,4,36,3
4575,15,27,4
3314,12,8,3
166,12,43,2
553,7,61,2
2855,4,13,3
4891,6,9,5
1454,13,14,2
161,3,25,1
1038,4,57,2
468,5,32,2
3710,7,5,4
4928,14,15,5
867,12,56,2
3404,14,41,4
4196,1,4,4
3985,8,38,5
2977,6,2,3
2971,13,32,4
2339,8,30,2
2763,8,13,3
200,9,6,1
3397,4,14,3
4575,3,8,4
933,13,59,2
2576,1,56,4
1055,14,23,1
117,9,43,2
2833,11,51,4
2180,13,57,3
4439,2,38,5
4928,9,45,6
2688,13,12,3
1665,10,20,2
685,13,10,1
873,12,57,2
674,8,12,1
1252,9,45,3
2668,2,60,4
4506,11,8,4
1500,7,33,3
2931,7,22,3
2061,3,8,2
1637,12,30,2
2753,15,25,3
1884,4,43,3
4853,15,25,5
928,14,41,2
2665,10,58,4
726,9,28,1
1113,1,46,2
4976,14,7,5
2674,3,8,3
4278,7,28,4
4075,12,11,4
2746,14,42,4
260,15,59,2
4084,11,4,4
2711,2,23,3
1695,11,12,2
4993,3,32,6
3372,4,43,4
4741,12,47,5
2955,1,5,3
3378,9,3,3
1408,15,22,2
2881,14,48,4
484,9,53,2
2560,3,37,4
2129,11,25,2
4929,5,4,5
2718,2,56,4
1615,8,47,3
4850,5,32,6
2860,2,11,3
4802,6,11,5
4255,12,38,5
3205,6,12,3
2849,11,14,3
4211,5,21,4
1123,6,47,2
4675,8,60,5
131,11,36,2
2547,5,28,3
1848,1,59,3
639,2,4,1
3037,9,24,3
4984,14,22,5
1339,11,32,3
4572,8,46,5
121,12,22,1
4220,4,61,5
1681,1,45,3
1165,13,56,2
2692,8,9,3
2654,1,29,3
445,12,23,1
2073,9,27,2
566,10,48,2
2645,9,47,4
3483,5,9,3
252,3,32,2
4397,1,4,4
4755,2,56,5
3990,14,19,4
4302,5,13,4
2611,2,59,4
3058,13,40,4
2516,6,32,4
1700,12,63,3
3625,12,41,5
919,11,36,2
246,3,46,2
3086,13,38,4
4713,7,49,5
3542,10,21,3
4647,10,19,4
1773,9,30,2
4827,12,19,5
270,1,38,2
4762,3,11,4
480,12,6,1
2778,10,35,4
3417,14,41,4
843,4,34,2
1772,6,20,2
790,3,51,2
820,4,48,2
4428,11,15,4
980,10,27,1
657,5,7,1
3625,15,40,5
2706,4,23,3
4639,13,5,4
668,3,35,2
2210,12,49,3
4669,7,59,5
4200,8,5,4
4085,2,58,5
2736,12,3,3
4622,10,24,4
4206,11,21,4
993,15,28,1
2127,14,14,2
1891,6,36,3
2198,13,42,3
1519,9,20,2
2520,1,22,3
4635,8,10,4
1078,6,12,1
2020,4,36,3
1777,6,11,2
3508,13,42,4
521,10,60,2
279,9,7,1
1530,5,40,3
2724,5,57,4
3378,3,22,3
3060,9,15,3
1543,3,44,3
929,5,51,2
2846,15,40,4
3664,1,40,5
1902,10,46,3
4814,7,49,6
2771,8,13,3
2285,12,35,3
4199,13,40,5
3062,8,52,4
565,14,63,2
4559,10,11,4
4769,12,11,4
3378,1,39,4
3087,10,62,4
1635,10,26,2
3972,12,53,5
2573,10,13,3
1494,1,2,2
2290,7,27,2
2099,1,37,3
3287,5,14,3
851,4,20,1
2829,3,38,4
4210,1,56,5
1597,8,57,3
4229,3,32,5
2430,10,30,3
497,4,28,1
4437,14,20,4
4326,4,54,5
2278,1,13,2
3770,1,61,5
3880,4,25,4
2335,6,40,3
521,11,22,1
3296,12,25,3
1765,14,63,3
2262,13,23,2
4658,6,40,5
4295,4,32,5
1599,6,20,2
817,11,14,1
3951,2,49,5
3201,11,35,4
2118,4,51,3
1003,4,43,2
2755,10,35,4
865,15,28,1
1911,15,35,3
2390,14,59,3
4274,14,40,5
290,14,28,1
3837,15,34,5
4092,5,5,4
924,1,29,1
1655,3,8,2
4310,3,27,4
3453,4,27,3
2627,3,51,4
3962,14,58,5
3107,6,22,3
833,2,18,1
2697,5,33,4
1308,6,28,2
1665,12,45,3
3926,9,3,4
3046,10,45,4
859,1,50,2
3398,3,27,3
4135,11,29,4
3280,7,22,3
2862,8,41,4
2611,5,49,4
2051,9,40,3
3890,10,36,5
3514,8,27,3
1488,1,59,3
3843,1,22,4
241,8,7,1
165,14,33,2
4905,9,3,5
4751,9,13,4
138,11,19,1
4622,6,15,4
3714,7,7,4
163,5,3,1
1381,10,24,2
398,4,54,2
3939,14,55,5
2659,8,17,3
3639,3,19,4
1231,11,3,2
1346,7,3,2
1018,6,46,2
1533,10,54,3
846,8,55,2
3416,6,53,4
4417,2,46,5
428,5,24,1
4877,4,46,6
344,3,39,2
4111,6,57,5
1931,5,49,3
4194,3,3,4
4271,14,53,5
190,13,11,1
401,6,17,1
637,13,53,2
206,4,44,2
3953,7,51,5
1329,1,45,3
494,3,23,1
3865,5,44,5
3179,13,17,3
778,2,60,2
4388,9,48,5
2822,10,34,4
4696,15,41,5
105,1,25,1
1874,4,26,2
1078,4,42,2
4290,2,12,4
2870,10,40,4
2139,15,13,2
2042,1,40,3
624,1,7,1
1057,10,47,2
2271,10,5,2
363,5,55,2
2524,11,14,3
4001,10,49,5
3518,1,3,3
4312,13,12,4
1697,14,62,3
3473,4,28,3
3708,4,34,5
3684,4,57,5
2606,5,47,4
2621,15,57,4
1682,2,60,3
1105,3,48,2
2558,7,58,4
3607,15,42,5
823,15,25,1
1391,15,23,2
861,12,24,1
3592,10,37,4
4201,12,57,5
562,12,2,1
4578,12,25,4
3519,9,14,3
2949,14,19,3
4713,5,8,4
4383,5,41,5
3348,9,5,3
1909,15,21,2
4322,15,47,5
3313,8,61,4
3063,12,11,3
1549,13,8,2
2896,13,40,4
2516,8,47,4
3108,5,44,4
3770,12,61,5
1953,4,26,2
3741,13,20,4
4939,3,45,6
4112,10,41,5
4618,10,21,4
1014,4,30,1
1003,3,6,1
2400,6,62,3
2811,3,31,3
3919,3,29,4
4443,1,40,5
4211,9,53,5
1520,5,62,3
1116,11,50,2
4609,10,46,5
1264,15,41,3
1848,14,29,2
438,15,61,2
2302,1,27,2
4617,12,2,4
591,15,12,1
137,4,2,1
3350,3,46,4
3322,7,15,3
4851,6,22,5
2658,8,2,3
1039,14,15,1
2867,8,11,3
1523,8,57,3
2557,5,27,3
4428,3,36,5
1309,12,54,3
3019,4,21,3
4934,13,4,5
3368,7,26,3
3836,8,51,5
1486,9,25,2
962,5,52,2
2138,10,7,2
2357,14,61,3
4170,4,3,4
3107,7,31,3
2643,10,53,4
1028,4,5,1
2278,15,35,3
535,12,21,1
3005,3,36,4
2312,4,51,3
2218,8,51,3
1407,8,19,2
268,6,38,2
519,12,6,1
4281,8,16,4
4076,12,41,5
4724,4,35,5
4941,3,41,6
238,7,39,2
400,11,20,1
3004,6,61,4
628,6,44,2
2622,2,22,3
3805,2,5,4
3738,14,22,4
206,10,32,2
3803,5,55,5
3934,3,53,5
1961,14,27,2
141,3,11,1
230,9,9,1
3268,9,19,3
933,1,53,2
1743,6,58,3
1301,2,19,2
888,12,60,2
1340,5,59,3
4588,11,14,4
2459,2,3,3
4712,13,11,4
3648,11,50,5
1918,6,50,3
1738,13,46,3
1399,13,41,3
739,11,15,1
384,13,60,2
1370,9,4,2
3268,7,45,4
747,1,2,1
3329,6,16,3
3423,13,46,4
3013,15,35,4
4580,2,60,5
1590,12,37,3
1114,14,53,2
2933,11,40,4
4506,2,11,4
2740,14,61,4
205,12,56,2
2690,3,58,4
2211,8,14,2
2432,7,32,4
4110,4,26,4
4152,14,22,4
2330,3,47,3
1025,1,9,1
2692,10,9,3
2805,4,19,3
3092,8,49,4
4376,1,18,4
4461,2,40,5
1476,13,11,2
4682,10,60,5
1013,2,13,1
3744,9,55,5
3052,1,6,3
2813,6,21,3
2692,12,43,4
1139,4,33,2
1974,13,61,3
622,9,38,2
3153,6,35,4
4811,9,38,6
4513,2,28,4
1789,2,8,2
1242,6,17,2
2148,13,16,2
841,10,62,2
4975,2,61,6
412,4,2,1
3244,13,19,3
706,4,20,1
4342,14,26,4
1731,5,57,3
4482,15,2,4
121,12,33,2
3127,12,33,4
4316,7,42,5
2504,13,43,4
2725,10,11,3
3431,11,48,4
4865,15,40,6
1053,1,58,2
4121,5,32,5
4008,7,54,5
4714,3,22,4
3759,12,2,4
2252,14,40,3
302,10,25,1
4191,12,62,5
1930,13,34,3
294,3,27,1
4154,8,63,5
1738,4,38,3
315,2,24,1
2116,6,20,2
2881,5,19,3
775,15,47,2
3046,7,34,4
3241,13,12,3
4891,12,63,6
4775,2,12,4
3312,5,33,4
3092,5,59,4
4958,12,36,6
1358,3,63,3
1062,8,57,2
4687,7,30,4
2962,9,4,3
3763,10,20,4
3401,14,5,3
2984,6,36,4
599,5,36,2
2602,5,46,4
4007,15,12,4
347,13,20,1
1347,11,47,3
3409,6,51,4
2767,1,53,4
1827,12,52,3
3924,7,26,4
2756,2,21,3
3949,3,22,4
2706,5,12,3
1864,14,17,2
3646,8,55,5
1475,14,27,2
4652,14,11,4
4501,9,54,5
1383,9,8,2
3668,1,6,4
3054,12,2,3
4434,2,31,4
3989,5,62,5
1499,11,41,3
3259,3,25,3
3422,6,46,4
2009,3,21,2
4355,3,28,4
3250,13,39,4
2462,10,50,4
3653,5,16,4
4938,15,26,5
2671,15,48,4
2765,11,39,4
997,10,8,1
3161,12,34,4
2965,7,12,3
2050,7,46,3
2900,8,14,3
252,2,53,2
2394,12,49,3
4508,5,56,5
3071,12,5,3
3984,12,49,5
381,2,50,2
2343,6,31,2
4224,5,49,5
2226,10,36,3
4933,1,22,5
2016,12,4,2
1715,8,7,2
2664,7,57,4
3671,10,40,5
965,13,40,2
3065,10,46,4
136,1,4,1
4269,12,17,4
1244,1,12,2
1666,1,58,3
1885,4,53,3
389,7,9,1
4760,8,27,4
1736,14,52,3
4728,9,47,5
1531,8,11,2
3779,4,34,5
4033,12,52,5
3400,15,58,4
884,3,35,2
2375,13,30,2
4354,7,20,4
1301,6,26,2
398,10,23,1
628,10,59,2
4017,13,28,4
3881,1,40,5
2881,5,43,4
2046,6,39,3
3723,12,16,4
4232,4,54,5
4851,10,28,5
176,11,18,1
4658,1,2,4
1661,13,56,3
3614,4,8,4
2624,12,42,4
1828,11,42,3
4100,4,20,4
223,15,62,2
4515,13,54,5
2629,2,18,3
1504,10,8,2
1828,8,47,3
2980,9,33,4
2627,14,40,4
4896,5,26,5
2275,4,26,2
3381,4,18,3
2980,5,12,3
993,14,54,2
385,8,21,1
844,2,37,2
1761,4,62,3
703,4,39,2
2106,13,7,2
2797,1,42,4
4048,5,45,5
3663,12,4,4
4265,5,42,5
4992,8,62,6
2545,15,46,4
3049,15,59,4
2447,5,28,3
3165,9,4,3
3546,2,11,3
1143,13,55,2
1070,13,59,2
549,14,11,1
4540,14,63,5
3826,9,56,5
4186,6,32,5
2418,15,7,3
3182,7,25,3
4630,4,39,5
132,11,49,2
4808,15,16,5
1504,11,16,2
4108,7,4,4
2650,15,35,4
430,14,48,2
4186,12,20,4
419,6,31,1
300,4,35,2
4782,4,53,5
3076,10,63,4
1156,14,22,1
4798,10,4,4
1013,15,34,2
3489,1,18,3
3986,12,35,5
1217,5,41,3
416,4,56,2
4531,14,49,5
1147,4,56,2
1828,5,35,3
4014,9,20,4
4271,12,61,5
4477,8,2,4
1974,7,8,2
1060,15,60,2
3416,13,23,3
4897,11,34,6
3439,3,38,4
3835,5,51,5
2627,12,7,3
4857,7,4,5
351,2,51,2
3687,2,36,5
3200,12,17,3
2281,5,48,3
4242,9,27,4
1690,10,35,3
2123,3,36,3
2893,1,38,4
714,11,41,2
1113,7,42,2
345,12,44,2
508,9,47,2
2832,6,6,3
3307,14,61,4
3950,6,55,5
3556,4,51,4
1577,8,19,2
2505,2,50,4
2815,12,42,4
2540,6,25,3
197,10,31,1
3220,7,16,3
2085,2,19,2
4106,5,17,4
2208,4,19,2
1495,1,28,2
526,14,2,1
2320,6,60,3
1676,9,12,2
705,5,40,2
246,4,11,1
399,13,10,1
3065,2,54,4
648,8,40,2
3112,12,18,3
4174,9,36,5
4401,6,36,5
2609,6,11,3
1580,6,53,3
475,2,34,2
1005,5,16,1
4866,7,54,6
2968,8,10,3
1282,15,10,2
755,8,28,1
4494,15,23,4
222,5,40,2
3438,5,43,4
4115,6,46,5
1754,4,54,3
1547,8,33,3
1700,7,41,3
3357,13,18,3
254,2,2,1
2316,6,47,3
1009,6,48,2
4535,12,15,4
322,4,32,2
2661,6,9,3
3637,10,14,4
4920,14,6,5
1136,9,29,1
3764,12,5,4
815,10,49,2
3597,12,30,3
313,9,43,2
2043,1,45,3
114,11,12,1
4330,7,33,5
4064,12,56,5
4622,4,44,5
3709,2,15,4
1680,8,4,2
2687,10,58,4
3032,3,8,3
2192,2,29,2
1931,9,47,3
2443,5,47,4
2925,12,34,4
3142,8,19,3
3424,8,30,3
915,14,22,1
784,11,35,2
3923,14,32,5
4693,4,45,5
2294,11,15,2
3291,13,19,3
4701,3,55,5
1151,11,46,2
1551,6,46,3
2106,7,39,3
4217,7,27,4
2447,5,26,3
3785,7,55,5
595,2,3,1
2178,9,34,3
1214,3,45,3
3432,15,23,3
4685,1,38,5
1123,3,44,2
2344,5,60,3
226,1,41,2
1973,6,22,2
2240,15,57,3
4638,12,3,4
3840,1,32,5
4424,13,7,4
2452,10,55,4
1635,6,7,2
1508,10,30,2
998,1,24,1
1027,8,48,2
378,13,59,2
4174,14,35,5
3509,2,38,4
4174,2,8,4
327,2,52,2
2141,1,6,2
4158,2,55,5
723,8,48,2
1011,8,59,2
2260,13,61,3
2733,6,49,4
1610,15,31,2
1768,15,4,2
4686,13,16,4
1240,14,9,2
4294,4,32,5
948,10,24,1
4184,4,17,4
1154,8,16,1
1280,8,27,2
3699,12,44,5
4250,8,50,5
1141,10,38,2
2056,4,30,2
3743,2,49,5
1342,3,20,2
3778,13,10,4
3386,3,33,4
2765,15,63,4
4540,6,21,4
665,1,45,2
1072,1,61,2
436,12,12,1
1738,3,35,3
2071,3,33,3
2015,2,54,3
1252,4,50,3
4378,5,2,4
333,11,40,2
3026,3,33,4
2677,7,5,3
3405,10,55,4
1751,10,5,2
1516,5,48,3
2749,4,24,3
754,2,63,2
2609,9,58,4
4204,3,62,5
1282,9,26,2
1733,1,37,3
1509,11,53,3
4297,3,36,5
4304,10,61,5
4809,15,20,5
2525,15,22,3
740,12,21,1
1104,11,16,1
4154,4,45,5
2852,3,33,4
467,6,34,2
362,7,61,2
1681,9,6,2
3080,9,48,4
3542,7,7,3
4884,13,35,6
875,10,2,1
2311,7,54,3
2021,15,44,3
474,10,16,1
2192,11,40,3
4823,3,58,6
3561,8,45,4
1365,2,2,2
3080,13,20,3
3100,15,23,3
2607,11,27,3
2166,4,7,2
1856,3,61,3
4242,12,62,5
1856,12,56,3
2966,9,3,3
2970,6,48,4
3064,14,47,4
4100,7,41,5
4472,6,36,5
1500,8,51,3
2963,1,14,3
1263,13,22,2
4830,7,42,6
678,6,27,1
4331,1,58,5
3929,12,5,4
1735,13,36,3
4230,1,5,4
2106,1,46,3
1913,6,54,3
4152,12,30,4
673,3,56,2
2271,6,25,2
3733,15,62,5
3679,13,24,4
4887,9,3,5
2187,4,57,3
2603,1,11,3
3626,11,40,5
2509,2,6,3
1349,5,55,3
3713,7,21,4
2455,5,4,3
1340,12,60,3
3698,15,39,5
172,6,37,2
584,12,37,2
4684,1,45,5
2361,5,17,2
522,6,55,2
2507,1,60,4
2527,2,4,3
4576,6,62,5
4342,13,30,4
485,7,29,1
4261,2,59,5
2227,1,31,2
2435,6,43,4
4617,15,2,4
4695,11,12,4
4477,10,9,4
3267,15,27,3
3605,14,56,5
3167,11,58,4
2881,5,17,3
3042,3,28,3
171,11,29,1
4857,14,61,6
356,9,14,1
1710,1,42,3
1417,15,34,3
1818,9,18,2
2793,1,34,4
1379,15,49,3
1953,13,49,3
1397,7,22,2
949,1,55,2
3242,13,46,4
4099,13,17,4
4219,6,53,5
4691,11,8,4
985,13,32,2
1046,9,45,2
495,7,27,1
4661,12,17,4
4007,11,17,4
314,15,23,1
3904,13,42,5
2080,11,48,3
3119,6,18,3
3976,5,33,5
495,13,26,1
2419,3,25,3
943,11,38,2
1764,2,39,3
4111,2,58,5
1352,9,10,2
304,13,5,1
359,3,59,2
2635,7,48,4
1396,14,32,3
1820,14,7,2
4084,4,30,4
4971,14,46,6
1747,7,44,3
3516,6,2,3
396,11,10,1
2544,15,2,3
4347,10,3,4
1836,15,50,3
2246,15,6,2
707,11,31,1
1188,14,37,2
1538,4,49,3
2293,3,53,3
3681,11,12,4
676,4,19,1
3386,2,35,4
3541,11,49,4
631,14,7,1
449,2,26,1
3682,4,60,5
4960,11,61,6
3993,3,26,4
4104,5,9,4
4316,1,59,5
4257,7,26,4
1134,4,53,2
653,6,20,1
1372,2,48,3
2793,4,63,4
2377,5,47,3
188,6,62,2
4636,12,34,5
778,1,39,2
3136,14,55,4
3720,15,51,5
3396,4,28,3
565,2,31,1
463,14,32,2
3339,10,34,4
518,1,27,1
3545,13,51,4
625,14,17,1
321,15,52,2
3728,11,27,4
3221,11,51,4
4189,9,45,5
3792,15,32,5
3907,1,62,5
4042,2,32,5
779,9,36,2
255,8,5,1
2925,15,38,4
295,10,9,1
4958,12,7,5
4671,10,17,4
590,10,17,1
2366,4,50,3
4708,2,45,5
3506,8,15,3
4017,3,47,5
3521,10,7,3
2404,1,62,4
678,2,19,1
4206,4,55,5
1466,1,55,3
3596,6,33,4
4007,4,44,5
287,12,45,2
1603,11,34,3
4625,6,33,5
4211,5,16,4
2871,11,37,4
3707,15,27,4
1131,4,32,2
2642,7,4,3
1447,12,41,3
1025,7,37,2
408,4,29,1
3666,4,59,5
3736,4,31,4
2626,8,40,4
1904,11,36,3
313,5,27,1
4330,12,8,4
1075,14,3,1
4606,5,30,4
3591,9,46,4
3023,10,48,4
1435,6,54,3
4789,4,22,4
4465,14,5,4
4580,15,37,5
4214,7,15,4
2470,8,7,3
