traffic,cpu,memory,utilization
960,1,26,0.7082045360959968
3872,13,63,0.28067658117605027
3192,14,22,0.16777078641821008
566,9,55,0.06367428126604291
4526,4,41,0.9281902581595461
3544,4,10,0.6278038448543208
3271,9,25,0.3191011335447208
3019,3,33,0.8670638821536152
230,5,4,0.05
1785,1,59,0.95
869,6,34,0.2126489666803375
2491,3,44,0.7114666505252893
2533,1,46,0.95
1284,10,13,0.22200288248414274
4655,6,30,0.6159428630484107
3485,14,22,0.2740436766940877
4217,12,40,0.32560171415106287
4943,10,35,0.4296700072160628
3004,2,34,0.95
574,8,33,0.05
1182,14,21,0.0990013304282034
2658,13,4,0.1534980893803746
2147,15,5,0.23962011432977492
2847,11,18,0.11920793458847972
1075,12,51,0.09026191026542357
1906,2,18,0.8133089245297171
289,4,20,0.05
2834,14,5,0.1557397446151616
3105,3,30,0.8393615872354742
4758,9,18,0.39196372541828506
1999,2,23,0.7863549240099166
1367,3,3,0.37169693190977404
1628,7,43,0.2275714452455437
3302,4,13,0.65513805524476
3656,6,46,0.39085817520568594
3990,3,12,0.95
746,1,54,0.635853454209383
2988,11,41,0.21417989500510354
2535,6,61,0.35421587966852314
700,4,30,0.19192426241556537
2463,2,21,0.95
2161,7,6,0.2980880844892011
341,15,26,0.05
2141,10,35,0.13141042920728707
2924,13,13,0.24324233235545567
2712,12,29,0.12094266756556842
1463,15,35,0.05
1578,13,7,0.10614762569872997
2656,5,55,0.47262488371005795
875,6,20,0.1480475954084558
4114,6,13,0.5110089921565785
134,14,26,0.05
3252,9,14,0.21805275373966027
2055,12,18,0.160168520758136
1685,2,13,0.7065242129551911
4043,12,4,0.30793348292250217
3173,6,25,0.48014212303343484
1121,9,9,0.13043407211300556
3561,12,49,0.18072759388303397
2713,4,37,0.5397334479193482
3943,13,57,0.19580199165613799
1600,12,60,0.05
4898,13,27,0.3511653930414598
261,13,46,0.05
4397,11,9,0.28681125259807383
2081,6,33,0.24978635934128993
1095,7,33,0.1287087433554886
3442,1,2,0.95
4651,5,4,0.8302032773396464
3898,4,2,0.7928154390442168
1375,13,16,0.05
1116,13,51,0.09310145324583294
437,13,21,0.05
978,10,4,0.11683400963234178
1176,15,62,0.062401871827298006
4987,15,16,0.32259759493442974
4093,2,60,0.95
4959,2,55,0.95
479,2,61,0.202858522000661
592,7,61,0.06815983541689116
2162,11,38,0.15804647186751178
3984,13,22,0.31336439565322766
164,11,43,0.05
2668,4,40,0.48654887551538534
2127,15,24,0.09520350048268432
2795,6,58,0.3531874560710575
1595,7,41,0.16926680912310677
491,9,36,0.05
4614,11,19,0.3146403182829103
4574,2,18,0.95
3661,10,32,0.38106775549594524
2378,12,49,0.17396411760200606
3199,13,27,0.2444594043264108
300,9,23,0.05
4975,11,62,0.41966390303811474
3204,5,46,0.6025305978185329
4698,13,37,0.3623687762183981
2554,6,36,0.3255717988520368
3745,6,12,0.58207293728226
904,11,28,0.15648769931357598
2831,3,35,0.7583439902333222
2873,11,19,0.25270311624759956
1670,11,28,0.09773289952861056
2790,10,5,0.16469385240206463
3940,7,18,0.4583454032512634
1128,15,7,0.05
602,13,43,0.05
4593,7,12,0.41762742122832996
970,8,6,0.12025232261839773
4588,5,59,0.7530514511536982
306,2,58,0.16502881092702593
1584,15,19,0.06505664781372938
963,13,58,0.14837556350193173
2890,3,26,0.7809146632097912
663,9,11,0.06702147996672901
4291,15,42,0.18929022804065332
1857,6,17,0.26276499468868497
1778,8,11,0.19864724369229897
3342,8,11,0.3198148953742
4736,14,37,0.3198549565777536
1159,5,22,0.1650681779514243
1822,1,57,0.95
3414,6,15,0.40566453172309186
3257,7,9,0.38446231479985077
2725,9,2,0.3837106844927233
2829,2,17,0.95
1697,12,27,0.16554605520880744
3160,13,50,0.2183924496599139
2793,2,43,0.95
4991,10,7,0.47088980996312746
3727,1,40,0.95
1463,5,51,0.2290641587166811
2081,2,3,0.8302630575984218
1763,3,54,0.46857019501423264
1629,2,10,0.6664339337492035
2138,11,6,0.15318160586877985
3402,4,41,0.6689916973262426
2337,11,57,0.18452783235636722
1406,3,6,0.35797842584661443
4129,9,57,0.3891176366094114
2775,10,48,0.32684552769094866
1382,12,9,0.13867507236123952
809,2,6,0.3351447156042488
4844,7,6,0.517602198337399
4513,15,53,0.2578134581511865
3848,11,18,0.3808254515196923
4879,14,10,0.24001341962217493
763,3,35,0.10221796156462236
2098,10,34,0.19060638768427138
3545,8,23,0.44613758671590814
3843,4,22,0.861357892522278
1595,14,44,0.1777099851289563
3404,4,16,0.6447743522272131
3863,9,2,0.33775928876714817
1953,11,8,0.166401294132319
4759,3,24,0.95
1391,7,52,0.16421198274869236
3681,1,57,0.95
3557,7,48,0.41112574890269626
1736,10,7,0.15802786716726663
3796,11,21,0.27072146575906497
3099,2,59,0.95
3252,12,27,0.2611088443242777
798,14,43,0.05
2260,14,13,0.12888913072020683
4197,6,14,0.5413237308303681
4837,15,48,0.3029050060255326
954,13,52,0.05
3574,9,50,0.3259944371573739
1807,6,14,0.2663445375690158
2877,3,3,0.8130479481558779
1833,1,33,0.95
3610,12,51,0.2920543538846623
302,12,32,0.05
3355,15,62,0.08679939394619951
4318,4,12,0.9283659417723874
4596,4,38,0.95
866,13,5,0.05
4489,8,35,0.5256887779399027
2427,10,60,0.2474713028270616
3031,10,17,0.2173769902236596
297,14,32,0.05
2030,13,26,0.08202926874563524
3682,7,40,0.49128714411462787
708,10,9,0.05
3372,7,9,0.3681457926460276
1247,7,35,0.13673000537868812
4382,12,16,0.24798782315107962
3497,2,6,0.95
2611,9,20,0.2269209151421604
1894,6,11,0.31794455029390656
759,2,10,0.3588219572061259
2911,1,58,0.95
1469,11,55,0.05
2086,1,30,0.95
246,1,53,0.2051532123693079
3319,4,41,0.6973273025447938
3011,4,38,0.6128319070388409
1834,14,20,0.19120991621061892
1943,12,14,0.11489330954744797
588,9,60,0.07782266718534324
3076,13,47,0.21400994981242424
2059,12,41,0.11270469624576165
2485,12,17,0.1958210588533
3019,1,63,0.95
4836,3,31,0.95
1902,3,61,0.5864962905187207
4161,8,55,0.3074013129386597
3469,2,6,0.95
362,6,34,0.05
723,11,20,0.09792916595496529
1116,4,56,0.23865747487609548
3743,13,20,0.2606652578612283
2149,10,18,0.31854220574769676
3823,6,25,0.49982771783422164
4648,13,56,0.3200555733669163
3208,5,54,0.5428869303001298
4190,12,29,0.3339207153584366
2156,9,43,0.24714186728898907
3270,9,38,0.33053033640502083
1782,1,23,0.95
2355,3,40,0.7211635146576301
1254,1,17,0.95
4599,6,62,0.6334813935683442
3291,12,36,0.24303554398548183
1796,3,28,0.4158594060090235
4091,14,13,0.2172207095694204
4823,1,47,0.95
4782,6,29,0.7086722626283879
1748,5,53,0.3588503155175702
1545,12,2,0.14034680345992273
4299,12,40,0.2920763886264134
4023,8,59,0.3820815272368935
353,14,19,0.0648401821304909
3283,2,24,0.95
2657,8,23,0.27199347650312056
198,12,5,0.05
2300,5,49,0.365803229396649
3061,8,12,0.3396647312387812
4533,12,19,0.29535469694976274
3877,10,56,0.31913643466535796
2969,4,49,0.5600016161592729
3334,15,8,0.1983338563925207
3891,4,22,0.898192066270917
1056,10,58,0.10536607785834408
4167,15,36,0.28362009459289866
260,15,58,0.05262253402459956
4593,4,38,0.95
1400,14,51,0.08264818233428955
4087,11,58,0.282235270406388
1627,15,31,0.13932287730478543
1318,6,18,0.20646720736827984
4596,4,34,0.95
4835,9,17,0.45303887752806915
3204,9,16,0.20719945314195742
2835,3,14,0.7514320006044838
4655,7,40,0.6042327300650402
1054,12,4,0.06336870426349223
4665,5,25,0.8306410320258888
3546,15,24,0.26753396819346753
1145,12,60,0.12600756846834116
1793,9,46,0.21060885223569836
3536,2,49,0.95
662,3,56,0.17220148208032265
2585,10,2,0.21511580555686977
3454,5,33,0.6204070698615839
325,12,34,0.05
4993,5,61,0.7574073731247901
1059,10,49,0.05
4648,12,31,0.29853036741072747
3167,15,3,0.31035261131436226
915,14,19,0.06848670033296403
4854,14,60,0.3145299535918344
4742,7,54,0.4908188650178858
3220,13,58,0.2615874882744304
116,14,56,0.05
1343,8,31,0.21512671635812158
2305,8,19,0.1779657815084992
2624,14,6,0.151497599174778
1169,1,6,0.9485953596082712
3544,14,9,0.24270601448706575
2665,1,10,0.95
1160,3,33,0.29073803093870576
2427,1,57,0.95
3520,1,15,0.95
401,10,14,0.08246528999055897
4376,8,19,0.4271469588567887
706,1,5,0.5671350911332786
3270,9,51,0.29214244762394187
799,2,23,0.38025687162326666
1239,9,21,0.1361750968697035
290,14,16,0.05
2400,7,8,0.2849155331875904
1080,9,14,0.18178252525392596
3075,3,35,0.9034592439895663
1284,1,42,0.95
3427,1,31,0.95
3494,11,6,0.23974782153497912
227,15,2,0.05
2165,10,61,0.15985055881821045
1916,6,32,0.21702652980014517
669,7,60,0.10893823634251655
1995,9,52,0.06522286332043314
2833,6,21,0.44954049239558047
3963,5,20,0.6982468440595715
4821,14,55,0.3083128061806487
4114,2,30,0.95
3001,2,46,0.95
1786,8,39,0.18468587783101775
3109,15,11,0.2462134817452264
254,1,30,0.20406079469379998
2637,8,32,0.29389795118055906
1509,11,12,0.14066496706080323
4157,10,24,0.35168512396683227
884,11,31,0.05626646722739112
3275,7,26,0.3025497763277843
4441,7,17,0.5694774756531499
2906,5,59,0.5382245110031338
637,3,58,0.18057793693478402
1941,7,24,0.2932371963227895
2555,7,60,0.3231620652051808
624,7,34,0.05
3050,12,52,0.1590768493327933
4231,15,38,0.2106051227536357
4880,15,59,0.24060919221912838
4215,11,29,0.32303077972560695
2468,2,28,0.95
3947,3,7,0.95
4595,3,39,0.95
2801,4,38,0.5794968560294632
1071,12,7,0.05
1266,9,26,0.05206907932456023
2874,10,14,0.26898414335559573
2082,15,63,0.06509278102184962
953,1,34,0.7961848713635058
4246,15,34,0.18832999709020537
3836,15,26,0.1178877937564812
3869,12,15,0.25754035564816885
674,7,41,0.09552510625155958
3361,7,42,0.3702219442855605
1248,11,56,0.16036514640551364
1815,4,43,0.39291490286246344
4877,13,39,0.34884985223378456
3954,11,10,0.2666889866438576
2591,1,19,0.95
2760,3,16,0.7497116727184905
3224,5,5,0.5196769302375162
3151,12,35,0.19571042438674952
104,2,63,0.05
4969,7,39,0.6310747493978919
976,14,18,0.05
1091,10,8,0.12220979707179984
4242,10,33,0.3949859355021854
4464,7,56,0.5170815721619582
4565,12,24,0.4437772666517005
735,10,63,0.06170778055462789
1793,5,21,0.28420045376706127
1782,15,48,0.0866611950394573
4852,12,57,0.3912422707991411
219,10,54,0.05
930,15,3,0.08341950757450002
3775,6,22,0.4567055571509325
1469,1,13,0.95
840,4,43,0.22433847978146135
216,4,58,0.05
2938,11,59,0.18476058141718865
1250,8,50,0.11595662069416056
2031,15,28,0.05
1112,2,51,0.508949594256112
1764,1,49,0.95
1181,7,11,0.13425184327292738
4829,6,9,0.7463463234810535
612,5,62,0.1390523880588937
2949,12,22,0.20570945949794497
659,13,61,0.10949377675703044
3772,13,58,0.27743397978213924
4683,13,23,0.35962976775906347
3443,8,14,0.42825082952603055
4170,11,49,0.30395291872325203
4899,15,41,0.30661887384264863
1570,13,13,0.05
680,2,18,0.22524198636450576
2394,2,49,0.95
3247,9,10,0.31880955862750265
4349,1,58,0.95
1779,6,52,0.22816048017563317
3606,13,50,0.24897683041038982
2844,13,57,0.18209081964882548
3456,3,41,0.9485783086037046
4145,15,13,0.1597669115684023
1343,13,10,0.10361354160710712
3218,5,31,0.5268552835932646
2241,8,7,0.34207723067462126
3159,7,26,0.44631945168683934
4648,13,29,0.3046717901480299
3059,12,11,0.11539169984042813
2365,4,42,0.6139453229996368
2579,8,29,0.30948655225504607
4746,11,30,0.33201700398404527
1735,11,37,0.1757361243888512
1857,10,12,0.19452096013972098
4552,11,22,0.31206482763173216
2170,14,55,0.08263280898014164
2949,2,39,0.95
3351,7,27,0.45270407354337744
3830,5,19,0.654390890432739
2589,11,5,0.2089390652965786
1731,6,45,0.3081145066939368
2916,3,42,0.802499104339271
1115,11,16,0.05
1448,10,24,0.14738448902492768
4711,7,42,0.6184706325741431
3187,7,7,0.40316751140671914
2939,2,44,0.95
435,1,8,0.33042842631479796
4692,10,58,0.38403060071670536
995,2,47,0.34845517724582536
3646,12,61,0.22437104715364056
951,8,49,0.1688029182802625
1787,11,16,0.0856571630887781
2031,10,53,0.15440090004352428
3846,3,10,0.95
2527,11,52,0.11095725360713593
1668,4,31,0.41529875407505973
4100,8,45,0.3961983041365048
2838,3,63,0.7356800798150142
3598,6,44,0.5691091872096146
4013,2,29,0.95
1166,3,31,0.27264555687951
4480,1,9,0.95
2544,9,36,0.2497349523248285
4207,4,52,0.8601095600312015
3473,6,36,0.5465796052383487
4069,15,58,0.26922075262260453
2646,7,27,0.1648773407846653
853,2,31,0.314102256314274
2182,8,36,0.20028424343287177
2874,12,39,0.17606200524009652
2996,9,12,0.29970933820624157
4285,14,63,0.3117988210695809
875,10,21,0.05
1725,11,47,0.07433814627911661
3169,2,32,0.95
517,5,35,0.05
214,2,13,0.12401009510150551
716,11,49,0.05
4074,5,29,0.6582653773984758
3367,7,4,0.4117708927616596
925,6,54,0.08258776473817456
1616,4,49,0.31915944051038203
3246,14,43,0.15929611272542388
512,2,53,0.11863713792427606
828,7,6,0.09823616998055484
3448,12,14,0.36532997069808315
2908,10,13,0.2437303613933322
775,9,60,0.05
3565,1,2,0.95
2604,3,53,0.6685928863827786
3067,7,44,0.33528029628269024
2886,15,59,0.13903813487682215
1222,14,20,0.05
4179,9,30,0.37225049018462186
1671,13,48,0.1416552106668213
2243,5,51,0.35349945595501153
1787,7,49,0.19793326188788127
4232,15,40,0.13924137617084548
3951,10,43,0.2631130457028684
3540,7,26,0.4255007717780585
3866,4,17,0.8625052061578369
2426,5,18,0.39491798500842323
3014,2,29,0.95
4052,8,40,0.35114214010256245
695,12,44,0.05
828,15,61,0.057913501183969714
1465,15,50,0.1415260016541086
4592,1,6,0.95
798,2,2,0.3259390531930012
495,12,4,0.05
4271,3,49,0.95
4460,7,25,0.484379207578765
2602,6,30,0.3498404041152699
1919,14,16,0.05646398261620924
817,7,5,0.13226654323597645
2882,11,45,0.2652841231585785
3677,5,2,0.5992176567991457
243,14,50,0.05224797364004953
3240,4,57,0.7493688364870168
4591,15,16,0.27520619903144894
3038,15,63,0.21362428467648745
3736,7,25,0.440961030571299
3322,3,53,0.95
1267,13,32,0.0749664925946551
2716,10,21,0.1914886142035205
1162,7,11,0.17300514196298725
2256,2,12,0.95
3082,12,19,0.25301731870694727
3394,12,35,0.1986417502770414
4829,8,29,0.5188955895293398
1256,12,39,0.13433466209123315
832,6,17,0.09324609850337237
4430,12,25,0.347690298343192
4946,15,40,0.353418619782519
1053,3,56,0.26305222612765644
2639,3,52,0.7463381916376776
3424,5,13,0.6583966753437707
3401,3,51,0.8729457478947849
1642,6,43,0.24828943175533902
1291,2,8,0.5725587792037806
3093,8,37,0.3232171833019809
2781,13,18,0.29013339993053555
1317,11,50,0.1243152042244883
1640,12,5,0.18113042589197936
3336,11,54,0.29440888739561133
2486,9,38,0.3049091638126482
3819,13,34,0.25361746726711215
1488,15,20,0.05
1956,7,55,0.2601749441338002
1465,14,27,0.05
599,3,56,0.1496997951176324
1780,11,12,0.11153054441131188
610,14,32,0.05
4412,10,2,0.4308770710844574
1424,4,41,0.2953941120164085
1255,12,37,0.18994145827672565
1927,10,30,0.15734634840199355
3241,2,26,0.95
3586,9,60,0.3024268479444212
1910,14,60,0.15622137769407435
3023,5,55,0.4364481344265766
2314,12,48,0.14289605733470517
4286,2,50,0.95
813,10,19,0.05197707013437944
3702,6,4,0.48642673915873536
4234,7,19,0.5667602837833244
3622,13,59,0.22083423752692427
4368,2,8,0.95
4848,15,29,0.3110142078953961
4949,1,18,0.95
1343,13,26,0.09511870594265376
3809,7,19,0.4244730243862976
1181,1,53,0.9398006984068606
555,3,41,0.12648640027183394
994,4,44,0.14405554956760797
1484,2,4,0.5937055870518253
2058,7,26,0.2724643792743714
3172,5,8,0.5655001671138964
2096,1,48,0.95
4385,12,11,0.3236359496513013
604,12,45,0.05
1314,8,45,0.10035124944447202
1631,10,52,0.11879556986990794
3540,7,20,0.4776436013927315
923,4,16,0.07847171317493684
1028,2,22,0.3710221391760624
233,15,22,0.05
2205,7,59,0.20694049118132748
3727,11,38,0.30425521184890564
4880,2,29,0.95
1952,6,46,0.3312790715591156
4275,1,33,0.95
3033,14,58,0.19297552098869003
3384,7,42,0.3719119369479056
4398,7,55,0.5699128756891148
2911,12,28,0.1880085769061136
1350,4,60,0.23852176669228642
3612,4,24,0.7551341645589108
1356,15,11,0.05
3476,10,41,0.25266802460851134
3586,5,42,0.5593789906986001
3684,2,7,0.95
1496,9,25,0.05903800889145447
3737,10,19,0.26508569567761
3430,4,11,0.6889095632404885
2803,11,57,0.23605164322141173
570,9,16,0.0529061508564892
1453,14,46,0.16823102361663672
2883,3,44,0.7555972565170286
2931,9,35,0.31555092524467254
457,1,9,0.4249582380633501
3119,7,51,0.3803293677642612
767,4,36,0.1668741024888599
4568,7,56,0.557008989849807
1245,14,28,0.05
4285,10,26,0.4051076290715843
3819,15,4,0.21590999103739156
2845,6,22,0.3350138126247677
639,4,58,0.19268352437744377
2879,4,40,0.5943598938663873
4236,8,33,0.4438997541179554
4935,7,63,0.4619750536533539
3875,4,51,0.8031681292310179
2608,11,54,0.2610321513640479
2879,6,22,0.3684859018622033
1024,6,10,0.07782446097779161
3056,1,51,0.95
1681,13,2,0.05
3424,2,5,0.95
4585,4,5,0.9450291692216373
355,6,50,0.05338513006265011
4904,6,27,0.799344152666563
1938,1,56,0.95
2044,8,35,0.14599814982451778
109,2,28,0.051159013862382835
2971,13,16,0.22760069542124417
897,5,46,0.05
1115,4,33,0.23165253117720655
1924,5,42,0.234109634185588
4569,5,8,0.7627366339964808
3236,15,62,0.2570049211830772
2293,10,62,0.1693633527869815
323,8,45,0.05
4258,10,45,0.3688220934006502
4025,7,15,0.4962963634609412
4884,12,24,0.3465719612333715
4100,14,48,0.1436300496560231
1733,9,2,0.16969314677526925
2252,12,63,0.12466441145101642
610,11,33,0.05
484,13,42,0.05
504,15,27,0.05
4713,1,49,0.95
4671,6,10,0.6287821991560565
2100,6,17,0.3587555522681823
2856,2,32,0.95
1768,11,3,0.14229885687616928
1560,8,33,0.10222529063389926
3736,6,11,0.6009105958012093
2824,11,26,0.2488398970728019
4909,13,19,0.27321077947755257
4278,10,46,0.3671899195695007
2148,9,35,0.13036606133917195
4246,10,30,0.2632061670628345
4880,5,62,0.808589761851347
816,7,46,0.05926160882147776
4644,6,25,0.6549158291273919
4683,11,4,0.270968250906493
1923,15,63,0.0790199621315712
2181,5,16,0.440031823844734
3519,6,4,0.560286024881779
1674,4,56,0.43239857231495016
349,3,32,0.2099293617343011
773,13,11,0.05
4633,1,39,0.95
2265,1,56,0.95
870,6,23,0.06500458473670379
4062,14,15,0.34476446596816485
4463,9,10,0.4173829488609206
2084,8,19,0.29886660627423434
1177,12,9,0.07401848683598374
335,2,60,0.10560636686186053
488,9,39,0.08155688507438456
3137,8,16,0.3512330729304985
4958,14,47,0.23785351805315016
1948,14,16,0.1142214457818529
4819,12,53,0.3058612624448529
2914,9,7,0.2800263482346545
3474,4,55,0.7220130261753929
3378,9,13,0.3196005840054734
1352,2,43,0.5641084455062603
4081,13,20,0.2439737619449899
4773,1,41,0.95
2222,13,6,0.10451339158066272
4630,9,28,0.5111259937779917
2250,10,11,0.18670371051114046
4959,8,44,0.5586739017244311
1429,7,53,0.14338968420063775
1458,14,47,0.0655665286945741
2582,13,15,0.21162271280945874
4642,8,62,0.5215293048220345
2117,12,35,0.14087815250170999
1431,1,63,0.95
4444,14,59,0.238321340492479
4361,9,50,0.3993763501233109
1458,12,16,0.0671307015702512
4737,10,30,0.33114074856563874
4954,11,56,0.4180035741754415
3277,9,27,0.29439887304045265
2228,15,28,0.21422226787000098
2280,12,4,0.1499527947748178
4992,11,4,0.3870540157316256
237,9,36,0.05
3572,13,59,0.3045266600772929
2932,14,61,0.15940585780930075
3679,6,62,0.5008262408709084
3131,4,36,0.6046785404417991
4264,13,51,0.2923134489717487
2693,2,7,0.95
4400,11,15,0.2848689403251045
3918,4,27,0.8138230828506849
4238,7,4,0.5407486955519726
3923,1,34,0.95
4142,14,43,0.2583389408318533
2006,9,14,0.15821168650437312
860,3,30,0.2617236492703967
3545,13,10,0.22022275375621087
999,13,33,0.06685371466915488
4555,4,23,0.9488537580692982
3047,12,23,0.2346660424755729
1819,5,59,0.33292455009372046
380,12,58,0.05
3366,13,35,0.39166759931891
1987,3,11,0.5978735387001654
3366,4,26,0.5972870428567566
766,5,63,0.11032404605247627
4288,12,13,0.29680817405068466
771,1,52,0.6729606157772889
2069,14,4,0.21485903172443238
4256,9,20,0.35810368952046845
3222,10,34,0.3260465565482886
4799,13,59,0.3178088561114941
4877,10,48,0.42287297090675124
4000,13,56,0.3161257001948541
623,14,27,0.05
2493,4,14,0.546117244413691
3217,13,8,0.2888414447901089
2693,9,35,0.19645495143769492
2068,4,23,0.43094975650166417
1853,14,21,0.144214807337059
2396,1,44,0.95
2361,12,24,0.1807569117536612
2386,5,49,0.3846285400858168
4302,13,15,0.34585956123808204
2978,9,31,0.23876707545663672
4243,3,24,0.95
3744,5,48,0.5837546670828944
4532,3,53,0.95
2155,12,20,0.11376703238380749
4820,3,40,0.95
1376,1,42,0.95
2866,2,37,0.95
402,2,7,0.12996478439204026
738,9,24,0.05
155,7,11,0.05
4921,8,36,0.3673614970085972
625,2,22,0.2675620595736636
4669,9,33,0.4942711597418762
4223,13,61,0.30840127928346506
2225,3,31,0.5747109871233421
3387,10,34,0.3333871866095466
464,13,7,0.05
4721,2,6,0.95
1746,12,56,0.05
1018,1,16,0.8788085573599839
2897,9,58,0.2684919320847791
1631,8,44,0.17682835313576084
3445,13,53,0.22170379525096354
2006,15,26,0.20485528973156047
3186,12,14,0.26493895102948106
4680,11,7,0.39034316636218963
2175,4,38,0.48088909517422374
813,7,3,0.1970748118894713
1162,12,18,0.06809532714757485
2076,14,25,0.054140319025332145
1396,3,13,0.4736264063027184
225,3,45,0.05
4732,4,55,0.95
3696,2,15,0.95
3383,14,8,0.1646714193785322
1703,10,55,0.0712327822716704
166,4,27,0.08787948794550823
332,10,33,0.0910886837603137
2256,3,30,0.6583322870056181
1269,8,47,0.1522949299802387
2258,11,40,0.10114054391876616
4306,2,10,0.95
1593,11,15,0.18136510443543097
4818,9,54,0.40710027291044204
4107,3,18,0.95
2572,4,50,0.5588913618220681
2760,13,26,0.20265519043117508
2839,10,54,0.1853544673666869
1861,14,31,0.10488799099004636
3614,15,46,0.2430701021037452
2075,10,30,0.26586852007002326
2462,15,60,0.12598646523494267
976,15,30,0.07478041493980364
3912,3,19,0.95
3548,3,32,0.95
1412,8,20,0.12208447750679123
1560,8,18,0.25939645135968825
2809,13,7,0.21672055299060536
2424,13,13,0.16005671634198723
1833,6,39,0.1593972723289982
1705,4,4,0.370628735700145
2663,1,48,0.95
3521,4,36,0.7222005749861212
3617,8,56,0.3791055592526996
2497,6,48,0.43688043203763216
3835,2,34,0.95
2970,3,54,0.7807317631868126
1260,12,30,0.18511843245270182
4954,7,4,0.5500492467796402
342,11,6,0.10671131744268426
2690,11,60,0.16758322017270672
1163,4,15,0.23472245635420064
4424,4,37,0.8160423611923943
2695,15,55,0.17608970569559224
1019,15,29,0.05
105,5,42,0.05
567,8,33,0.05
4270,14,19,0.23299659028789194
103,14,43,0.05
745,7,41,0.12966993170142327
217,9,63,0.08553156555304141
3028,15,14,0.10973743417480164
2651,5,3,0.4262749195196109
4389,1,53,0.95
946,4,26,0.2272311444643961
2862,6,21,0.42662617474641323
1241,6,8,0.13012570237829096
1910,9,12,0.23694488057983343
823,10,6,0.08908920354637717
324,13,30,0.11021802967567088
4727,5,19,0.8036874901117421
4308,5,9,0.6178705645012141
4754,6,28,0.6191081639054852
2148,11,59,0.1546766519725515
4849,6,43,0.6312611112953066
4515,3,3,0.95
1673,6,36,0.3275805602554273
1928,8,27,0.13836734459526073
2017,12,24,0.11360320379098661
4334,6,6,0.6052538355825345
2126,12,17,0.08187132942187943
3844,11,43,0.28305796843808817
1001,5,12,0.05
4885,3,20,0.95
2139,1,17,0.95
109,5,33,0.05
360,6,13,0.05
1773,14,3,0.17297066287654814
2319,6,44,0.29157167631079833
2160,14,23,0.23543127678309683
3813,6,27,0.5401960038458755
1719,3,34,0.43035876997236594
420,15,25,0.05
1442,4,6,0.362192923478557
2476,15,22,0.08416871189548385
2932,3,47,0.9115552252153934
2924,2,19,0.95
2094,8,40,0.1609235038210276
3058,7,6,0.33793726888198206
2138,11,9,0.1411861347651854
3590,8,22,0.429372842615604
3777,13,48,0.18314645619182873
1218,6,58,0.2461397383219528
1704,11,6,0.18617111654422347
4127,15,14,0.3124964387632761
335,12,20,0.05
2069,15,30,0.1766887300847756
4529,14,3,0.25754748321109633
2008,7,38,0.2901299781958572
475,1,27,0.40021026883133354
3630,10,30,0.3925533981805002
2735,5,59,0.4692499736826017
1670,4,6,0.3056842250071987
2660,10,33,0.2973115365514934
3491,3,39,0.95
3065,2,49,0.95
3743,14,3,0.19359474023198303
3950,14,6,0.19061564336926967
972,9,48,0.05
1352,8,34,0.11972208600636781
1414,10,52,0.12807543985155062
4920,15,36,0.25427296966364105
2998,2,20,0.95
177,6,16,0.05
2721,3,36,0.8028372665081883
4327,3,9,0.95
700,5,48,0.05
1165,7,2,0.12091246526185886
2236,7,39,0.2724211814386782
2549,11,23,0.24087366066898971
2443,10,18,0.16926469066284555
1963,1,17,0.95
1418,11,46,0.10631450200365938
4811,7,2,0.5542040523411232
3697,7,4,0.4837705374590379
3862,6,57,0.4891430474462935
4770,6,7,0.7098671490528641
2290,13,53,0.08972458305334227
1092,13,54,0.05
2812,2,59,0.95
2292,3,63,0.6311245100471644
1348,3,4,0.2472588687564062
3154,13,48,0.207456500559391
4698,3,31,0.95
4133,2,48,0.95
2097,9,12,0.2078830521960433
3787,6,28,0.5748043941454247
2251,2,23,0.8711509286851873
4118,3,7,0.95
3210,10,39,0.26511518489186436
2070,6,42,0.2591128324022456
297,4,47,0.05
2726,7,32,0.32856588363511513
1302,6,59,0.24767933155072558
2135,15,62,0.10658102544098919
577,6,44,0.14282621801883208
1354,12,57,0.15132544483920118
1022,3,7,0.17692703790529218
519,11,51,0.05
2304,8,21,0.21256206558719243
2697,9,48,0.3159128509719041
1220,6,55,0.16844751355198848
3168,2,42,0.95
1050,1,12,0.868179864192798
2436,3,3,0.742602059253789
2343,3,32,0.6734500451338693
2745,8,39,0.28115083937534413
1957,5,27,0.3849026131382225
4712,1,28,0.95
1965,11,59,0.2499001429498986
3012,4,59,0.5544215938234129
2953,7,56,0.3300211149991794
3328,5,47,0.5597060661925557
3819,10,47,0.2811594751621021
3328,15,32,0.2046070753940767
2471,13,25,0.15236793324489545
2991,6,14,0.4319110086542126
3856,14,26,0.1850683916088927
4325,10,38,0.30961008171414267
194,4,42,0.05
2774,2,26,0.95
2055,9,30,0.2824500508142407
893,15,32,0.05
1934,2,44,0.7959809659399147
2216,2,40,0.9454768243728464
4206,13,3,0.28787828087812184
3425,12,57,0.17680319563678365
3019,2,13,0.95
2697,1,6,0.95
3305,13,62,0.34602900263398667
4907,12,28,0.38791915397811405
914,12,57,0.08099368617617456
445,3,35,0.05
2449,6,15,0.27426691844814016
462,7,8,0.05
2543,1,38,0.95
2365,14,37,0.1339633942057755
2288,5,11,0.3495734735411993
3105,5,30,0.534222323233089
3381,1,17,0.95
1084,4,39,0.18509258514669646
1739,10,22,0.14162226933135522
927,1,39,0.8659608380500343
2830,13,42,0.22619249669251204
3631,14,34,0.23768284033001175
4551,15,30,0.23279669754210783
3035,1,49,0.95
3976,12,60,0.33691462547422474
226,15,18,0.10384268155088637
3277,7,14,0.3781210474257037
3156,7,7,0.3982448728263578
703,3,3,0.24098272923760775
3549,7,9,0.44293982242311297
4246,3,56,0.95
3633,2,55,0.95
3467,10,33,0.3259482560762825
3468,15,37,0.16449225204786372
3897,4,10,0.9015550773632303
1892,14,24,0.09723920166373229
2961,10,8,0.18005679591390966
3576,3,32,0.95
3517,12,22,0.22623691485693884
1745,7,2,0.19369699085618378
1305,12,47,0.1340205802924439
3130,12,63,0.1678394045101632
2972,1,3,0.95
3172,6,41,0.3799874435151107
1954,15,12,0.1123522073575591
4121,14,38,0.16336174507792045
4762,2,19,0.95
2808,8,45,0.33741505335719246
3602,14,54,0.2792670569094662
1432,5,25,0.19442627645501984
301,3,53,0.05
3607,10,20,0.30570159149035336
4312,7,6,0.47291426178839485
674,14,30,0.08700217417711592
636,11,40,0.05
1725,15,3,0.06448052112281469
2222,15,18,0.21405981222884077
485,2,46,0.22099291822408787
3381,5,12,0.5927213336819688
574,11,38,0.05
517,8,14,0.05
3700,13,30,0.31462372835202157
1054,11,56,0.08960554695414175
4958,1,33,0.95
1305,15,46,0.05880783871550882
4859,1,41,0.95
4220,3,44,0.95
2090,3,9,0.5908473078384576
4905,13,11,0.29088771675163777
3672,7,26,0.3940290990332695
4480,6,60,0.6123140829365523
4258,7,12,0.533295714092433
4857,4,29,0.95
2813,11,34,0.1457327015178646
2303,2,40,0.95
3220,2,27,0.95
1066,10,9,0.05
3532,1,39,0.95
788,14,27,0.17709848261512956
4343,13,33,0.31561616724716546
3801,14,47,0.1686751886008839
441,9,29,0.05
1824,14,53,0.05
4522,14,8,0.2029667608365954
1892,7,36,0.1571582196166727
1859,10,3,0.10280344489102147
3312,3,23,0.95
1089,2,51,0.5070345087445823
2362,14,23,0.0945123041631985
2582,3,59,0.6965565441674424
1051,7,4,0.16704928838375904
822,5,47,0.13883002162771582
3489,12,51,0.25970568094500507
2179,3,46,0.5793703875377504
2817,9,9,0.3373792255635386
2432,2,5,0.95
3476,7,16,0.44995356500208405
4624,15,45,0.22687476774352044
1600,10,47,0.06748389382802523
385,6,53,0.1407369137839467
3595,6,40,0.5156457853575599
2165,14,57,0.13480432712511156
868,7,13,0.13893262016523333
3157,6,30,0.4398373153397493
4389,2,10,0.95
2261,11,43,0.282097757925142
3393,5,41,0.6245770990694461
1046,3,63,0.3736166495225788
3435,9,21,0.39712615515290395
4250,8,35,0.3435824262461098
4995,10,27,0.45785354483206153
4973,11,49,0.4016958216944363
1581,2,22,0.6279836347375972
2001,15,24,0.25821907072493927
3551,1,19,0.95
4164,15,53,0.20554040355223938
154,4,55,0.05
1923,4,25,0.4316086534772649
3562,12,43,0.26971109506485635
3179,10,30,0.2385986497969001
932,11,39,0.1126235997361025
4508,2,39,0.95
2906,7,55,0.33339135385082397
2590,13,53,0.15562135111793113
427,15,14,0.05
3410,3,33,0.8989007261692372
3400,7,20,0.3521073363630448
3775,7,18,0.33024418706470254
3154,1,3,0.95
2243,6,19,0.26063745581270603
1411,4,59,0.27331612976197406
3291,11,40,0.2342253208714914
2638,8,28,0.22546974243570475
4083,8,15,0.4070546119874639
4647,3,55,0.95
264,4,16,0.05
4377,15,9,0.19735079306895256
922,1,10,0.7378378750943205
1043,10,22,0.1344972826441225
4525,2,44,0.95
874,7,36,0.11244035340275783
2298,15,53,0.1026331531849293
3256,14,15,0.18848426135039725
4342,11,28,0.37131809483352857
3795,12,9,0.21865349710847906
3552,15,36,0.30873761378505243
1014,7,19,0.13857223727644766
1408,13,56,0.10045332301275495
4277,9,15,0.34357446653398827
613,10,53,0.08359716400600438
2020,9,62,0.2702226748616552
3694,9,9,0.3042625868595085
4941,6,50,0.636052479993705
1509,8,9,0.15953782799364516
4902,9,38,0.40337863471889657
4666,12,45,0.3014662488179185
3290,14,3,0.23766125491111928
4591,7,18,0.6349846667255606
1655,4,14,0.3888221565294356
904,14,55,0.05
1379,4,15,0.27347950008376304
3677,6,42,0.4932359424391377
3001,14,42,0.18363408428064415
1487,11,10,0.1568543526672977
4788,4,28,0.95
2861,11,21,0.3261430997040209
2779,7,39,0.278799181558151
2206,8,63,0.18826115875962832
4323,8,13,0.4102960871445269
4931,14,43,0.4165191151901804
2868,8,23,0.3804535167549162
4053,2,38,0.95
3286,14,51,0.17255811530994053
3380,10,40,0.2769005168167195
2673,2,32,0.95
4716,2,14,0.95
2699,2,2,0.95
4133,4,39,0.8711686199119087
336,5,54,0.09699609107161657
1404,4,54,0.3144465502689997
3530,15,41,0.22975585575334279
1401,5,10,0.24215700654698033
2641,4,40,0.6362968338715209
2151,7,11,0.2626533407860603
541,10,30,0.05
2176,1,41,0.95
3280,14,31,0.22364179672819162
2757,13,3,0.17570884106676324
3898,1,19,0.95
904,2,29,0.447156022287618
174,13,48,0.07327425010756333
2275,1,33,0.95
4024,12,25,0.3002347591673254
2189,15,39,0.09547944434865957
140,10,57,0.05
2181,12,15,0.20723639976364489
4783,12,26,0.3256351002305288
1722,10,26,0.17907861824663154
441,13,33,0.05
4152,14,28,0.20412332955407514
2174,11,55,0.2097465922770339
745,3,33,0.17499579103272986
4926,6,57,0.6428193385575948
4363,10,32,0.32732817844301176
709,11,51,0.05
554,6,25,0.12717825171902242
3053,1,36,0.95
1808,6,31,0.2130836557404777
3572,5,34,0.5399787268360874
3069,7,56,0.36066569816618615
3128,6,34,0.37594042316539034
4897,12,47,0.3753601872649905
2781,12,28,0.1936360944842712
3729,7,34,0.42578074244546277
4325,2,34,0.95
3167,12,5,0.1727611426658771
1486,1,62,0.95
3876,14,31,0.1708696020544593
2966,7,45,0.2841388349545204
4888,9,16,0.40726633245687005
3463,2,30,0.95
4989,12,63,0.3013601179203635
4224,7,29,0.4982847159656477
248,3,33,0.06391037006117352
3950,6,37,0.47102467827732664
2158,3,31,0.6393063741745665
1236,13,43,0.05
286,10,44,0.05
2954,13,39,0.2411619213373285
1350,11,61,0.05
1433,11,43,0.12641490386816084
4293,11,13,0.29603637652815223
4250,5,4,0.6580792973190248
2811,15,16,0.09688473506309378
4953,2,49,0.95
4601,8,11,0.4325927157241459
1885,14,23,0.16696641324214567
850,8,62,0.05
1862,7,24,0.29241671827703286
4020,6,12,0.45435906940146165
4560,1,17,0.95
581,8,50,0.05
253,1,47,0.13125787533497385
1624,8,17,0.16416464515851018
2220,11,15,0.20197587863881286
2443,2,7,0.95
1340,8,43,0.13738428782189982
160,10,18,0.05
1038,12,56,0.10293449572584902
1739,4,32,0.44457579169325806
4220,7,43,0.4651489813816491
4326,5,54,0.7449201225547457
3669,8,11,0.353526265504715
1352,12,47,0.08515156773018241
4303,15,21,0.27316258532374293
271,6,50,0.05
1558,14,10,0.05544072179708984
3649,15,16,0.20795511072884998
4297,5,40,0.7338093214294372
2422,1,3,0.95
1736,3,5,0.5393000419025143
3215,10,53,0.3575400340189816
4190,9,25,0.38808913184515903
3104,15,19,0.11728905448031882
429,14,12,0.05
3740,9,38,0.27939755407320954
3994,5,27,0.7607754262426705
4207,3,9,0.95
1441,6,23,0.24939549857966717
3763,5,53,0.6429427420271158
315,15,6,0.05
438,1,3,0.2859442466233825
4162,2,6,0.95
2808,12,36,0.17528402297734044
3252,5,33,0.5232958291142182
1850,14,45,0.11476046899286815
2521,9,20,0.20035712390093424
809,12,40,0.08068200630639737
3826,4,52,0.792269537736188
3742,9,5,0.3793546840219013
4093,3,24,0.95
588,1,47,0.5290458569043855
146,6,20,0.10174243826389776
3459,15,27,0.18419277947630863
4973,10,59,0.4747704507448866
4906,14,62,0.2906360377182143
500,7,51,0.05
4090,4,27,0.8626289514549756
3257,10,8,0.3498766515859447
4445,5,33,0.8152769074421866
490,4,48,0.05
3953,3,54,0.95
4530,1,34,0.95
728,13,45,0.05
4332,6,27,0.6207847202673863
3030,10,62,0.24557422910895707
1621,5,25,0.2474955078129858
926,11,52,0.1690216839577892
4922,1,60,0.95
1600,5,24,0.3024105785977601
3394,6,39,0.431028283086988
2519,10,27,0.2080573229715614
1034,5,61,0.1654819504308198
3142,1,46,0.95
4597,14,32,0.2516174166134557
1566,5,63,0.30712705390683276
3661,10,7,0.3716393882220826
714,1,46,0.6332720582123947
1282,11,32,0.09212026180971568
3323,3,48,0.9029102558947908
2767,12,62,0.24627554125169454
230,13,49,0.05
3083,2,41,0.95
4378,13,46,0.2959363926952218
4559,1,46,0.95
138,4,61,0.10691947037183037
4059,2,62,0.95
3687,5,53,0.5928961334051994
1020,10,53,0.08303349664337348
2869,1,13,0.95
4211,12,52,0.25928652007362174
592,10,18,0.07914776305015946
1231,1,63,0.95
3621,11,27,0.22655830375285949
410,10,4,0.05647802375111817
838,4,16,0.13084981610544552
3341,7,50,0.36693768952173667
645,14,39,0.05
2561,14,25,0.17556647473773868
4446,2,52,0.95
4954,2,31,0.95
1904,1,45,0.95
3312,5,37,0.5107415932469733
3910,6,54,0.6199385187776628
913,13,56,0.05
4224,6,45,0.6054660152751604
2132,2,28,0.9272447127045952
4672,12,23,0.2641068501752979
4513,12,3,0.299469512013607
344,7,8,0.05
4943,6,17,0.679009818142672
4892,8,25,0.5339471127459339
371,6,31,0.05941419265606217
3611,9,45,0.3736716280455706
1871,10,49,0.17240616901564393
1362,2,47,0.5729637477630104
2524,7,2,0.2866596217456461
4461,5,55,0.7558669272938834
1020,1,28,0.9374153583562028
3530,3,10,0.95
4535,4,8,0.8811205265821396
4584,12,6,0.37312613128108585
2724,2,62,0.95
3860,7,31,0.48840069901931976
2150,1,43,0.95
3600,3,28,0.95
1265,12,11,0.23529626858002733
475,9,26,0.05
2133,11,19,0.1540577527386442
245,14,8,0.05
4488,2,58,0.95
531,5,32,0.14763972921161056
804,4,33,0.19484878823994192
2732,12,51,0.17894443729634704
4594,3,46,0.95
1063,5,12,0.18711893715958433
2334,6,11,0.3566522027059492
2141,1,23,0.95
1928,2,32,0.6928007170073748
2208,1,42,0.95
4168,3,48,0.95
1038,8,15,0.0688359336290327
4905,8,4,0.49219929868631335
906,4,25,0.1789202273206324
1563,6,15,0.14272394818987746
3515,12,54,0.1996853501272482
110,9,17,0.05
1968,14,56,0.10863102261546288
4967,7,62,0.544631065755182
984,2,29,0.34558669473382897
3664,11,36,0.23492463048732662
1489,2,41,0.6352529176280698
3501,3,3,0.9401793560204572
4421,8,62,0.5041228812391875
924,10,57,0.13510595551698626
2365,15,35,0.21858160189447773
1036,9,56,0.1271528499798265
2900,13,19,0.20701791919400564
2653,14,8,0.22678554504771758
3945,3,50,0.95
1896,9,39,0.20687205294949057
153,12,43,0.058086784194339026
826,12,8,0.05684348085925851
2836,10,5,0.27746428980953586
3270,12,44,0.2103879946530897
2013,8,17,0.21166078424918533
1696,5,60,0.3009922581826876
2014,11,50,0.16941714293935323
2566,10,61,0.14435201430777234
2837,3,7,0.7623710040038473
949,11,21,0.07401079056402558
2209,7,32,0.2825829435972409
102,9,20,0.05
4355,12,53,0.30365153611297196
4169,6,23,0.634430032210823
4976,3,22,0.95
992,5,19,0.2081756180422076
2130,7,33,0.24607250193174277
3260,8,48,0.29373054500488094
2476,13,35,0.28964295269456825
4775,14,52,0.30918611215494457
2033,12,28,0.05
1480,4,39,0.3535098460209455
3781,2,45,0.95
1390,10,31,0.15918491547733582
1740,2,34,0.7520968758044699
2782,12,28,0.15501434889318033
1087,3,56,0.34794960204001496
1318,8,57,0.10415385031265287
1455,1,24,0.95
4365,14,44,0.2430742777319489
4716,7,20,0.509526716618079
4235,6,55,0.6132499717861121
1660,14,32,0.2030908939510508
1518,2,63,0.5773024423950445
1054,9,5,0.1663353786584182
1083,13,54,0.05
1074,12,20,0.05
4233,5,54,0.6484249718024969
4072,2,39,0.95
1013,3,41,0.21520380779032525
4649,7,61,0.5297519106888057
136,7,23,0.07163309015066541
3487,10,10,0.36876558598323794
1811,1,32,0.95
3120,15,11,0.15812214714852316
895,10,11,0.06748799204386768
4136,14,31,0.17261405282134185
4788,11,11,0.33403250714534327
3211,11,59,0.21153292746674998
1424,12,37,0.12332401806293698
417,4,19,0.09913953070275297
2496,6,45,0.35285974555945077
2262,8,58,0.22507098242510964
2845,3,44,0.8558476839929821
1691,14,49,0.09956727766052045
3211,3,20,0.9416196314661276
4030,8,44,0.4492763632084035
2096,8,24,0.22597102616580425
1412,8,5,0.19155047753233256
1385,1,13,0.95
4411,8,61,0.41475008531853197
2483,8,50,0.25716927139543594
3339,2,25,0.95
2239,12,14,0.1661873407556513
1804,9,61,0.14181453342797706
462,7,5,0.05
2704,8,28,0.20557488430526677
1816,2,39,0.7156649219369093
4551,4,40,0.95
4386,7,9,0.5102689745200074
3838,6,27,0.5441661309450045
2569,7,35,0.2602302548878436
4895,1,10,0.95
656,8,11,0.10595705168845723
925,13,62,0.05
2908,7,52,0.2756071353561126
4621,13,2,0.3087291403490083
2819,4,49,0.48897525884296966
3608,1,51,0.95
3841,15,9,0.193209890976702
1674,8,11,0.13029823377339317
4098,10,55,0.406245740716651
2229,7,44,0.24888474020450488
2503,8,50,0.2851032647106622
3429,10,60,0.1768785029593643
688,1,26,0.4841094103582433
2112,5,32,0.31820420631972
1647,9,40,0.16317106304778145
394,5,59,0.05
2085,13,60,0.15179263809005392
3217,14,4,0.2589056180093573
1790,14,62,0.06711600806321999
1236,10,40,0.10242680704612617
2164,12,39,0.13656974945971925
4555,3,36,0.95
4895,9,9,0.4691586687889081
4643,13,2,0.29806581854376096
4870,9,6,0.4418021866575882
1107,4,57,0.23769720156847626
2614,4,52,0.5877230607521403
3626,11,28,0.3048849769002018
4781,8,46,0.4102711696250313
1347,7,27,0.11606357074135715
4002,11,44,0.33240026162634995
1535,5,61,0.384912328639915
671,6,55,0.06044830549170153
2482,15,27,0.06296991248777235
1345,3,12,0.487527342850884
2184,14,35,0.1933368100355809
377,15,42,0.08099725825306665
1987,6,3,0.2814810541613138
4679,13,22,0.29739548556481726
1365,8,52,0.135065079491878
4926,10,27,0.44853946779882053
1140,14,13,0.130469968771262
1017,13,10,0.07334737233251427
985,11,42,0.11337321771073564
2852,9,24,0.3336759142785852
121,3,43,0.08052836184135764
4669,8,6,0.5154795272212731
3291,12,10,0.19245188658213624
2453,3,56,0.648859462926774
4899,2,51,0.95
786,5,11,0.15028586626891743
384,14,50,0.05
4911,4,59,0.95
3847,13,11,0.2694355665980047
862,5,15,0.12747199757775574
2528,6,37,0.3268733197770592
2607,15,11,0.1621062847895613
128,3,57,0.05
1006,1,55,0.9294860796215013
3204,15,63,0.17256646340271095
4099,4,51,0.8782869979106257
3094,6,38,0.5114606963092141
2606,2,42,0.95
4765,2,39,0.95
3709,1,49,0.95
3653,9,23,0.3202226183193582
1553,3,24,0.4502821045459451
4933,2,17,0.95
3456,4,62,0.6512860159372494
615,6,12,0.05
138,1,54,0.05
3442,9,48,0.40883721843619414
986,9,52,0.09935285071265716
2944,8,36,0.2849993111791589
2304,6,49,0.23016767626784232
1198,4,54,0.24948572500258906
1923,2,21,0.7810509088501539
3301,8,38,0.25419223804247526
3255,7,63,0.3731104162673854
3193,12,42,0.28299608139028404
3630,14,6,0.20305528147867546
3878,4,37,0.8667431651364275
2996,3,14,0.910060144537617
3553,15,53,0.18396885200726
3611,6,18,0.4970591692309051
1088,15,27,0.0855176201642958
4216,15,53,0.28535463538824607
4126,1,45,0.95
4279,2,63,0.95
1782,7,53,0.17546524151547524
4765,11,58,0.43371808419879065
4063,3,60,0.95
1033,14,21,0.05
3698,13,40,0.17984186204501107
3333,1,34,0.95
2080,2,31,0.884885193819598
1955,10,17,0.13834768629645208
3156,10,8,0.28112360435645617
892,14,31,0.05
891,9,3,0.05
1909,7,13,0.22276685917386221
2355,7,44,0.2717526137855818
3710,14,41,0.15698379121676556
1707,10,2,0.11079758786397306
1084,8,59,0.05
3776,15,4,0.21309349296738406
3480,12,9,0.31805512397957386
619,12,27,0.05
690,8,41,0.05
1150,9,12,0.15561246436955112
3733,2,62,0.95
4544,14,22,0.32075282228005514
1059,8,6,0.05021527070118194
792,8,41,0.06472573327328884
3999,13,27,0.24428954360818692
4573,5,22,0.7973868685108788
3046,5,10,0.6012824146744042
626,4,18,0.11309591212399256
3324,14,38,0.1969295709553186
2353,5,52,0.3066806393538509
3444,2,52,0.95
4065,2,3,0.95
1975,5,52,0.44730992041230455
1863,11,56,0.12316871708929862
620,13,48,0.07558405386224581
1116,3,41,0.3678752589565248
216,1,29,0.10808301956455027
2533,9,57,0.3054665574458346
683,2,28,0.24423397944573932
494,14,41,0.05
3888,12,2,0.20685557775839708
2868,14,47,0.1523894855703586
4267,10,12,0.27117604850261806
3960,2,40,0.95
373,14,19,0.09894345470126889
2113,4,28,0.441850610616361
4533,2,48,0.95
1489,7,11,0.16034163583533312
3666,15,37,0.214347566784239
4802,12,22,0.3261890894989686
265,10,29,0.056020848640882304
1667,15,2,0.19339118835447056
828,1,15,0.687057491716757
2143,11,21,0.15583605878674173
4297,2,53,0.95
3596,11,58,0.3239304616399572
878,5,10,0.24186708186260847
313,15,46,0.05
3862,2,62,0.95
1676,9,28,0.16331694717386086
2548,4,59,0.4924212835891774
3036,9,50,0.3177422915173084
3217,11,57,0.24168654837938022
691,12,53,0.059338562568900986
2820,1,5,0.95
813,1,38,0.6611642622284062
1035,1,19,0.8671891910409992
4437,14,32,0.2278361521946722
101,4,50,0.05
2948,9,54,0.279029539425713
4144,8,40,0.4420521609037093
2049,7,11,0.29008456414158235
1017,15,10,0.05
3274,1,29,0.95
2341,3,29,0.7391565325976606
189,9,14,0.05
1809,15,19,0.05
2269,9,13,0.20732147924426486
4338,5,9,0.6901567953777235
3141,12,24,0.23603654745907285
205,13,51,0.05
986,6,6,0.1987902610369129
527,11,8,0.05
1995,13,16,0.1918002641532464
416,6,4,0.09493319080185317
734,10,19,0.07730800316187131
2025,4,39,0.4735980572747185
2156,1,27,0.95
3244,5,62,0.540733777588334
2370,13,39,0.23340522282372506
1539,1,60,0.95
652,1,53,0.515947867978415
815,11,34,0.05
4011,5,22,0.7222003404347561
1813,5,18,0.3021382627335697
3489,7,44,0.3257813383333185
1207,2,63,0.5195903886360007
4306,15,60,0.2263195169890829
350,6,57,0.05
2530,2,3,0.95
2154,15,26,0.08028079133953084
558,13,42,0.05
307,10,20,0.05
999,5,39,0.21734105218988112
3561,4,26,0.6831507535227913
3485,11,40,0.2323792030725838
121,10,5,0.05
509,5,4,0.10963500844574542
994,2,35,0.35786054971389075
614,8,43,0.05
4209,8,11,0.4325714795282054
2234,6,50,0.3246764542715953
3695,3,28,0.95
3056,4,49,0.7136049225673201
1660,1,27,0.95
1366,9,28,0.2019402202319414
2269,10,2,0.16583635404106392
3738,5,45,0.5429601019272274
849,14,21,0.17608025505187866
3527,8,53,0.36305361410011067
4880,3,26,0.95
2027,4,11,0.3497839448499468
3904,4,2,0.826430179019481
3802,8,17,0.4371201014272442
2456,15,12,0.0791633803663038
4890,12,5,0.33245335962002637
2435,9,36,0.22243590585223208
406,3,58,0.05
3765,7,14,0.5294436748362426
2089,9,22,0.05962476286691462
761,2,16,0.21015346700243423
4744,4,58,0.95
411,3,11,0.06442198877322233
3020,8,39,0.3484386132307778
1182,4,12,0.22896812242677733
3071,9,58,0.3042760220584847
854,1,33,0.6433144930962978
4230,1,34,0.95
4640,4,62,0.9445405719280965
452,3,21,0.24275739709658403
1002,3,37,0.2556859123725709
3988,10,31,0.217863580722082
258,12,59,0.07297266560655258
2077,2,11,0.8532077522092762
1056,14,55,0.07633029935359009
2171,10,59,0.1636498281353776
503,10,16,0.05
4711,2,30,0.95
2879,8,2,0.25099827767563243
1487,1,59,0.95
3553,14,22,0.23500418587934557
1055,15,16,0.06639673479950009
1812,8,4,0.24221885161753395
4803,10,34,0.41427319552692216
1373,3,39,0.37763071073345494
3911,2,20,0.95
2725,9,5,0.1699229055942
2482,5,13,0.4045819288305648
1541,15,26,0.05
3079,14,35,0.19592671062545378
1897,5,18,0.3569517272801222
4490,13,59,0.30176463539289816
4109,6,7,0.6061332766870563
4950,4,13,0.95
1494,7,16,0.20302843306777935
4381,7,18,0.5586124712510958
1369,11,2,0.19744194307853585
4832,9,15,0.5793940202759894
3814,6,56,0.5218782958892829
629,13,3,0.05
3723,1,5,0.95
3058,9,53,0.3793863386101457
3014,12,3,0.18089075458138174
4989,13,55,0.34294043896009974
3691,10,27,0.340585652960903
2247,9,47,0.24832799070919329
4673,5,51,0.7662899726254764
3469,7,61,0.45270639505621296
1039,1,41,0.8929396100910572
625,4,53,0.09630757812743634
101,12,34,0.0883347189110429
474,10,49,0.07334249044881978
2440,4,40,0.4441440887290973
4105,5,7,0.6655871981866978
3152,6,61,0.4180760256985849
4748,4,31,0.95
2465,6,23,0.37292482440323677
1625,10,28,0.19997387405527134
4576,7,20,0.4900485481807974
1746,3,11,0.4671435727661973
113,9,56,0.06777503007616437
4699,8,7,0.44747783763694315
2378,1,27,0.95
3255,13,43,0.0960333792326694
229,2,58,0.13385414633712278
3914,2,52,0.95
3316,10,4,0.2596272936671079
3038,9,53,0.2010179168875558
4028,12,4,0.26258406880270885
2140,9,53,0.10200954271629273
127,9,7,0.05
2213,1,50,0.95
1352,7,51,0.1707625509603609
4456,15,11,0.30917732693008115
2146,12,39,0.21429676348214205
4655,11,61,0.3262418976710646
4123,13,14,0.2952183401680593
4496,3,39,0.95
3474,11,13,0.27724316672682137
3566,9,47,0.38396787516877623
3181,8,50,0.35747583291258767
3878,3,55,0.95
729,1,63,0.6702848321289085
369,9,28,0.09103285633107469
2739,13,61,0.17311527898876006
2093,10,58,0.2489558080134444
2991,1,9,0.95
3532,15,59,0.11573154173144722
1380,3,6,0.39934409631683043
2460,13,62,0.12185007910754464
675,6,37,0.11859795969754978
1407,6,39,0.05
3292,14,44,0.2756592798475888
3278,11,31,0.3041723866772823
2834,10,61,0.3156698572588956
2312,4,38,0.48115564203268774
2452,2,30,0.95
3668,13,23,0.24570658151946556
1755,10,15,0.0970657374502249
1679,6,63,0.1926278091236756
2303,10,11,0.17465680576749495
1490,5,12,0.3108378070152641
1842,13,36,0.17889516014188253
2025,6,24,0.2489090193523307
719,7,9,0.12147620160511088
1374,11,22,0.10490290981313642
1056,9,38,0.05055420204026058
2039,12,29,0.08251606463328456
4053,12,53,0.2699041807708526
2481,14,32,0.1943442216523011
1068,7,59,0.10179531410705095
1416,4,54,0.33450777841650753
1143,10,29,0.1107570836691614
381,5,43,0.05
2944,15,28,0.2639524925262374
1158,13,41,0.13397752748724318
4393,6,22,0.5397139571462382
2632,13,10,0.1886813499015626
3928,9,30,0.4375003545379197
1108,5,61,0.2051917691539994
1329,5,62,0.20076774570181033
1135,7,16,0.12897578967852355
4685,2,34,0.95
375,3,56,0.09709027334883984
2840,12,38,0.253442253865487
2389,2,48,0.95
1339,10,37,0.06843045646904218
225,10,52,0.05
4165,12,29,0.2694081076859323
4412,14,11,0.2770850332667547
3968,2,24,0.95
1308,3,29,0.28799239959249395
3349,6,35,0.41874412939918576
1018,5,6,0.0916544374659469
4023,11,19,0.2284014960112799
4503,15,56,0.31138728754286477
2069,14,7,0.11672460799714002
2893,13,62,0.20404314293870995
991,5,43,0.1682065912383186
4570,2,48,0.95
2133,2,24,0.9036762163027615
1464,12,29,0.13104764669649674
228,1,42,0.20846365803253655
1114,3,14,0.44886339559925237
1899,12,51,0.08061129457789876
4712,12,26,0.27422222331650414
1618,11,8,0.09522161218233367
4281,14,3,0.18867148605624398
1298,7,17,0.14011328719615782
3973,11,59,0.2531578372563047
2574,5,3,0.433072960353819
3585,7,37,0.43045666585621467
4149,9,3,0.3189184051513566
3819,6,50,0.5687382501270372
402,2,39,0.1273919595069311
4052,1,11,0.95
4783,1,15,0.95
1086,10,28,0.0905018085963449
1963,9,16,0.18182429816570672
4540,14,22,0.22060230150151738
3172,6,13,0.38490245000792656
3224,6,52,0.48765550280101605
1427,4,44,0.2936043143289605
2508,12,34,0.18562382692635515
3773,14,58,0.2322130093167512
3391,2,41,0.95
4133,10,23,0.34154379661649814
803,3,39,0.21145853353148286
674,3,45,0.22307899108278334
3332,8,53,0.45881671002859925
4883,6,49,0.6160914581292302
2732,7,62,0.2978060944865023
3928,9,19,0.3783522134775213
3330,1,45,0.95
588,2,53,0.3005185569364777
1447,15,63,0.12013544615042525
3781,9,3,0.3515952116572895
3273,5,30,0.5688185330479665
4689,4,8,0.95
1767,1,32,0.95
1737,9,42,0.09757625658462833
4214,11,62,0.36726402355914367
3653,13,19,0.2804899220696294
1100,9,10,0.11226397025297422
950,4,58,0.3286695847437143
1488,9,9,0.13253474358370312
3812,10,34,0.22795610611071987
1467,13,6,0.1070103901810058
921,1,49,0.7748391231800537
554,15,15,0.14211433435528487
1724,5,59,0.30517037493827304
2872,1,14,0.95
3826,4,62,0.7343191807554794
3247,12,12,0.315877240904384
4189,5,21,0.5840968697340849
4906,14,24,0.315488947589616
2290,11,46,0.07302620019603472
1016,3,28,0.2676332803354338
4086,2,16,0.95
2975,6,31,0.37886657528830037
1540,11,57,0.09816260367074917
4500,13,63,0.29547156828695476
835,3,59,0.2088975138909777
3668,10,60,0.2997618083875272
3438,1,17,0.95
3115,11,46,0.22387790501605204
2989,13,41,0.2402452812798183
1061,5,19,0.1537613862779673
3089,2,52,0.95
3948,15,62,0.26790260136831745
1126,2,59,0.5102330234846675
3965,15,48,0.220647247858186
2963,4,43,0.569740614153281
2601,4,24,0.5468209371415019
2047,4,37,0.5144016375251038
1277,7,39,0.11076762477724875
4860,1,9,0.95
111,13,57,0.05
4499,8,40,0.44850339885399093
3464,12,30,0.2555558368025687
3122,13,13,0.21834584314291666
3471,10,19,0.2951086386844736
2930,9,51,0.301620542330968
142,10,20,0.05
1043,13,37,0.05046438886434468
2490,14,34,0.1843811548466126
2645,15,6,0.09860311322673088
2511,6,63,0.3358268480856364
1104,4,40,0.20678095996640505
120,6,29,0.05
506,10,27,0.05
1114,7,44,0.11264792674375353
4531,6,22,0.652136098424385
1938,11,63,0.2703168730557302
3288,1,24,0.95
814,5,22,0.08156422831876402
4246,8,12,0.4760109314341093
3954,15,43,0.1856534925916455
4519,8,57,0.402834199729877
4984,12,40,0.3552450508637669
240,10,17,0.08612964001695488
4665,9,63,0.39185735790898774
4982,4,34,0.95
1063,10,28,0.12322574048235328
472,6,2,0.11669127299074403
3735,7,45,0.5159542338877591
2641,5,17,0.4053041133393706
3710,15,6,0.19985352491675135
1792,11,47,0.05
205,8,19,0.05
1781,3,42,0.4422905306533881
4197,8,35,0.4442130099630383
4116,15,45,0.27295350765663146
2736,14,26,0.19736924546070697
2237,5,43,0.3148503359645176
3516,1,35,0.95
4545,13,16,0.31440184317676234
3630,6,5,0.5104174376824009
1386,2,52,0.5423246860595329
3279,15,55,0.2008982181817667
3754,7,5,0.48521183203436724
2459,15,26,0.1271323142945224
544,15,42,0.05
135,9,14,0.05
1575,3,43,0.394377653972415
4057,14,47,0.307605397869607
1898,10,26,0.05
1945,14,4,0.09953022563561119
1508,4,36,0.26965312201147895
1808,4,53,0.4122808965736318
3038,4,49,0.7045795064866318
1400,3,10,0.3561762384989173
1343,5,15,0.17694151752494477
4076,9,23,0.4096033932459983
3197,15,49,0.08813028869725084
4716,11,10,0.3695975659984663
109,8,25,0.05
2525,10,24,0.1994733022279248
1760,2,62,0.6913898828093294
2731,12,38,0.08409937316451015
4915,9,46,0.5037845323135761
1172,12,16,0.11285891443458106
3325,10,58,0.2741910639392961
1416,2,37,0.6014755391681496
4245,7,15,0.4978222624747111
3783,5,53,0.6796101460907726
3373,15,57,0.1774522134107937
245,13,21,0.05
3140,7,40,0.3811746418345838
1562,5,37,0.2410880066364999
4776,12,28,0.3270289116522943
1684,6,18,0.22730719975163569
582,8,27,0.05
3279,1,42,0.95
1349,13,5,0.07659339089619813
4868,11,4,0.35364711772838103
730,13,20,0.09971930341938928
761,12,42,0.05
3603,1,41,0.95
2952,5,59,0.5012261945676459
2566,15,40,0.16246540802387674
1087,1,8,0.8988790715663398
1646,3,37,0.4981466119741751
749,10,20,0.05719363269963037
1068,15,13,0.05
2737,9,21,0.2514648025759991
1200,14,39,0.10868785854678437
540,13,13,0.08323516189553223
869,7,30,0.15067748143400306
1443,12,31,0.10989252493550486
4458,6,21,0.6322965572294075
3829,8,5,0.4283441481615637
4006,8,3,0.3358734550758831
1677,6,48,0.1970303972388207
4108,4,31,0.870767409881923
3451,4,24,0.6696641815351814
4895,4,7,0.95
2449,6,19,0.3935136256849379
3702,1,54,0.95
1341,12,23,0.05
1225,2,38,0.531917732210079
2701,6,5,0.3112840278973441
1290,14,44,0.08377564873143988
4231,14,12,0.39335836242327843
4939,11,42,0.3237455258491083
4548,1,36,0.95
172,9,12,0.05
2014,12,35,0.09496127785195187
2572,6,10,0.31485680506555846
3146,7,32,0.46047333038408644
807,14,57,0.05117211126126576
1904,12,58,0.17768976249749482
3813,1,43,0.95
2664,8,33,0.1872927818940403
2575,12,44,0.14035387445717967
3710,12,36,0.21229548091173248
4355,12,50,0.17081420989321836
2923,12,12,0.22428373878346272
1835,12,18,0.1426150045196802
1685,5,52,0.3469505823421922
166,5,37,0.05137269974543096
3161,14,3,0.057774786340498985
2528,6,25,0.31601002462794414
4253,7,47,0.47482882638056756
441,7,62,0.07806812695828866
2874,5,16,0.34635915159328035
2917,1,29,0.95
2761,11,4,0.2485717738271819
1332,9,30,0.11082406374737916
3974,15,63,0.18082731352161785
2501,6,53,0.40626907123896505
1594,13,55,0.05
4311,9,59,0.4564521199053961
761,11,46,0.10308080825772403
3983,4,55,0.8578260668198588
3719,2,14,0.95
1968,13,51,0.12700043812520517
2434,13,23,0.18707584842246905
3474,3,53,0.95
1116,12,54,0.06143965840716013
4506,4,32,0.95
307,10,8,0.05
2765,12,56,0.19514214732860655
2593,8,49,0.2735037785569808
732,3,49,0.1830916502462708
2202,8,55,0.2661068966141825
3059,6,27,0.33629753040175747
3183,4,32,0.6283686663010548
4852,14,39,0.24012740418430795
2031,7,39,0.2571444656711601
3819,15,5,0.20028111715055621
2662,14,36,0.08751152361448797
1779,11,34,0.15827656100997567
336,13,4,0.05
4543,5,20,0.7589901590432888
4825,5,10,0.8431993298515559
1640,9,47,0.1779521044469955
4043,13,20,0.24751403226027338
463,3,57,0.14942227616958648
2468,10,57,0.27414416808026154
385,15,20,0.05
248,4,59,0.11398970960440014
4137,5,27,0.7842604563440522
4651,1,61,0.95
1866,7,14,0.17186989720488485
4995,8,23,0.5054472722095974
1112,15,49,0.06991908183502309
2931,6,61,0.40809109464402193
2607,9,9,0.24783237201541455
1623,3,25,0.5115826090946499
2885,2,27,0.95
2656,5,49,0.46107245522540546
3825,13,59,0.2912560785358928
4676,9,42,0.4204241836345172
1701,11,42,0.07756529691073735
2508,1,57,0.95
440,1,56,0.3145937083020118
2917,10,59,0.20775634788201824
2596,3,4,0.7501810667229877
1825,10,8,0.1653016342130305
1789,3,53,0.5325455822122883
3367,5,51,0.5853576582809891
4506,4,63,0.9284493028284562
361,6,57,0.05
1542,12,3,0.1232671624002285
505,8,34,0.05
2290,8,13,0.2315759785589309
4537,15,49,0.21631048164139058
343,11,13,0.07118075947782573
4685,4,54,0.8639916335480279
4207,1,11,0.95
660,13,62,0.05
4237,14,42,0.2965453772897914
2825,14,54,0.10702644982571363
693,7,28,0.08019755398198104
1926,6,19,0.2461088352007958
3329,5,59,0.54692414545323
3387,4,5,0.7065061656812274
4173,6,41,0.555605175346103
233,8,24,0.05
3238,6,22,0.5116729585364964
4019,3,37,0.95
172,9,31,0.05
4594,3,49,0.95
4325,4,22,0.8288506469240924
3078,13,24,0.23754635873701668
4461,5,22,0.7541205946342846
2085,11,9,0.13940160558193915
892,2,40,0.40232029786688955
4359,11,56,0.33805015283953466
194,10,58,0.05
1233,15,57,0.10347508778383449
337,11,14,0.05
3046,10,61,0.21811461094784335
2630,2,41,0.95
2060,6,23,0.20089616360111445
1148,15,8,0.14593266661136667
2629,14,25,0.2018206114867351
3064,2,62,0.95
1063,10,6,0.14927577073754625
636,1,59,0.5342499457022708
4323,8,51,0.34744339515311456
3779,10,63,0.22183908856752493
4287,14,56,0.28380237148320886
3824,10,27,0.26404064891191364
642,13,52,0.05
945,1,11,0.7927629990696919
3703,10,12,0.33387298490427986
3136,14,41,0.19730064136601388
2594,6,39,0.31495506041970556
4585,12,12,0.2809061635437915
2819,14,49,0.11476615155957642
1984,1,31,0.95
4238,8,5,0.4504513158917508
4449,14,3,0.28473803561871497
3301,5,14,0.5593668153554653
2810,3,40,0.7861992041022745
2053,5,18,0.3868378616714822
4837,15,24,0.2735979084980785
3950,13,46,0.29739674821590334
789,1,11,0.6378747056208683
2050,1,14,0.95
556,12,43,0.09865028665946182
2230,14,40,0.10925136686629469
4076,4,43,0.8436972346579358
4344,9,30,0.36085138246991366
1279,14,17,0.175493318315675
4385,9,4,0.3294843363388689
3665,1,37,0.95
982,3,61,0.17973235472221716
499,13,5,0.05
708,12,37,0.0861794533236088
1738,4,17,0.4460513040437737
2248,2,42,0.924727585179051
1482,7,7,0.14940401832286562
1503,3,43,0.42768282623731785
919,1,58,0.8483950981467887
3392,1,29,0.95
919,3,37,0.2808192676994296
519,6,24,0.05
4319,4,62,0.9452490583483932
4617,1,13,0.95
3402,7,43,0.46763615446830925
1608,2,32,0.7364453926287978
867,12,13,0.1612477055462178
2144,5,61,0.42367213052903985
2239,8,33,0.2062522734621872
3129,7,26,0.44577284702669046
1649,11,59,0.18143424217883974
1864,12,52,0.09320754670734821
2745,8,30,0.29636072513122363
3816,13,20,0.09894444954611781
4705,10,23,0.3231143079719453
4581,14,25,0.3137266594500542
2393,11,34,0.2630349271796174
4937,6,37,0.7269355520354175
2808,7,46,0.3370532499223432
1000,9,41,0.05
3184,6,55,0.4744400726283847
2109,9,47,0.0994630209714275
341,15,17,0.05
2485,13,3,0.11421297533766397
4368,12,9,0.34109886407731893
771,2,14,0.3614378696697437
263,13,31,0.05
564,2,2,0.28169109262196435
3142,14,13,0.0993153030463073
4692,2,50,0.95
4895,6,8,0.7194139358571271
2542,2,49,0.95
4898,3,15,0.95
2455,13,43,0.20147703054878296
4378,8,36,0.5020017927279365
4824,8,29,0.44383163459168096
2657,11,13,0.195689679038216
645,12,41,0.05454395497634355
4819,4,49,0.95
3935,9,58,0.4049238486485799
693,8,25,0.05152548640056355
4939,1,2,0.95
3904,8,18,0.38696920471406215
1559,1,39,0.95
3593,15,29,0.18827616832896607
2701,4,34,0.5754150476831775
2544,10,25,0.15306468139925294
2772,6,48,0.3696368394034671
4300,7,46,0.4498963197422594
116,10,63,0.05
3291,13,7,0.20208778620203693
492,4,22,0.05
524,8,46,0.10648528353898938
671,8,55,0.05
3731,14,5,0.3554297028652651
1220,14,34,0.05
341,14,56,0.05
3997,9,11,0.37811322993833596
4195,14,58,0.1289880053896527
2379,6,37,0.35243764129619
888,4,14,0.22006032073492945
814,2,37,0.3844804846520996
4954,15,49,0.28925870975931484
2949,7,10,0.35562534153451925
875,10,32,0.05
4126,3,5,0.95
2347,11,59,0.17571208338319186
178,13,21,0.05
4026,12,9,0.22793802783477993
955,3,28,0.2892720923435009
2248,3,37,0.608312810080778
1131,4,10,0.1415201853408685
3371,2,44,0.95
3676,13,25,0.1971199822248714
4282,13,38,0.3182862390010559
3556,5,42,0.584376901488726
3606,3,41,0.95
507,10,31,0.05768656762654275
2811,5,27,0.5522461468027041
3188,12,5,0.24169176476765925
1768,13,53,0.07385159668216179
247,7,2,0.05
4427,9,21,0.47641895733115625
3997,2,29,0.95
2050,9,46,0.1887320017110884
465,10,25,0.1562189447088106
1774,6,29,0.15750643894957478
4631,12,29,0.26574644452034357
4594,6,6,0.6480166794871173
2646,11,33,0.16016655979037026
662,3,55,0.17810464119347647
3662,14,53,0.2392321971402606
2589,10,31,0.24421254920980087
872,13,22,0.11129668536745896
2137,9,43,0.1187915245787119
3523,4,17,0.7972719103669565
2667,5,9,0.5118317632824484
1673,3,13,0.5070075666844999
3794,5,33,0.5757528968833058
3391,8,26,0.2940838089475274
1346,8,4,0.15503846142737457
3819,14,27,0.25951399664286345
3939,8,37,0.4690854439944338
459,6,18,0.05
2476,15,28,0.16888573548233154
3109,15,54,0.20133274284730251
3093,1,53,0.95
1062,11,23,0.05842059319382695
3732,10,55,0.23116812025560662
1927,12,46,0.08062157145931137
1713,6,59,0.20641670876728366
1740,12,39,0.14692909946533383
2316,11,36,0.2885860290308485
4412,10,47,0.3919058553042936
477,7,8,0.05
4314,14,4,0.23291697437363013
4385,9,7,0.45853067600644326
469,12,62,0.05
2296,8,14,0.3141266921895409
3847,11,47,0.3256657426694077
751,12,16,0.05
869,8,27,0.05
2521,15,49,0.19043057363054935
880,7,34,0.1369460148398804
1816,2,16,0.7802976655507329
4083,1,63,0.95
1411,15,57,0.05
3459,2,40,0.95
622,15,61,0.05
621,6,42,0.09900749728634002
4978,13,48,0.3347094374207791
2420,2,15,0.95
1035,10,20,0.0505242238630882
2330,4,29,0.6051066337795448
4140,15,25,0.174721750138091
4683,10,51,0.37241226125477866
3797,3,42,0.95
2937,6,34,0.4669076566849219
4183,12,13,0.27265176636998506
2561,12,11,0.21186270032558188
3343,13,8,0.16042556021499055
3459,14,47,0.1653638288780925
785,8,59,0.06356431069174591
2260,11,63,0.24253255363149098
4088,6,2,0.462475602522171
4166,2,16,0.95
1667,5,55,0.258055295358263
138,11,2,0.05
2644,13,46,0.19867966814141386
4975,6,21,0.6896304254479649
1356,9,56,0.08777951826439766
3090,6,3,0.3958223644487194
2296,10,4,0.1756546745020207
3568,5,37,0.5133701065727647
2808,1,17,0.95
401,10,55,0.05
746,5,30,0.10118346103863314
4858,5,45,0.7993712180773735
1859,6,58,0.2957085604588598
4451,7,37,0.591791505563279
697,13,55,0.11331708137780157
761,13,45,0.06931358756018163
4430,4,40,0.9034321644212796
1468,7,53,0.10937000331828854
2681,5,55,0.5688776051197516
3968,6,4,0.6401587416657666
3637,4,38,0.802306287062831
4965,12,45,0.3776948350600858
4408,8,13,0.4414667421057426
4658,9,60,0.4378192224020456
382,2,59,0.205198086316239
3778,12,21,0.16781671201114162
1586,11,24,0.08954315976753652
4182,4,23,0.8717791511982984
4283,11,33,0.2283134770019521
560,8,8,0.05
2425,8,23,0.21969396709969202
3854,15,45,0.21841142676402484
2568,9,3,0.3132932987027848
1824,3,15,0.48430736082562836
1476,1,56,0.95
2843,9,17,0.2268772069468346
614,1,25,0.5053784616365924
802,3,8,0.14872854664058272
1753,3,5,0.46514910702225754
2166,9,53,0.10540099551564736
122,15,61,0.1760667542630961
2560,1,38,0.95
1404,7,47,0.18509336993108053
3400,2,42,0.95
461,7,6,0.05
3827,15,3,0.20878919208267482
1384,15,6,0.12436211257622856
614,1,62,0.5370759314979228
548,13,4,0.05
1955,10,43,0.19190065210489599
3662,10,9,0.32372290038944573
2620,8,27,0.20910886087822356
3181,10,11,0.25267473062076307
1528,13,62,0.1321389896249213
4067,10,35,0.3091551683330012
1022,2,47,0.44369018906445934
3237,3,60,0.95
2259,14,37,0.09976816024330173
2647,8,54,0.32664149439250173
3079,3,13,0.8499819196862755
2381,1,21,0.95
2749,9,30,0.296859860506714
413,8,15,0.07268419246667054
2713,15,49,0.05
3183,4,6,0.5713811954427148
2356,8,59,0.2720032665191286
1137,14,49,0.0606210661245337
3589,5,28,0.5180110686034853
2734,3,62,0.726481788913032
4083,1,5,0.95
1878,13,30,0.11511553356032729
3995,10,4,0.3958292366372982
1224,5,34,0.1682524708959959
797,11,31,0.07266509244870646
2279,6,37,0.3113064450017276
1504,4,10,0.3933914124080141
1143,7,2,0.19948227490230971
2029,3,49,0.48416434324396185
1113,7,24,0.122930325869806
326,14,4,0.05
1928,1,33,0.95
2123,7,25,0.2920065501895725
2552,1,7,0.95
2185,13,14,0.17863970096719217
4383,11,50,0.21748532513226954
1180,1,16,0.95
2420,2,59,0.95
3290,2,54,0.95
2730,4,31,0.5382093510163443
2663,13,13,0.22451059017710445
3392,1,62,0.95
4721,4,41,0.95
3686,2,60,0.95
4531,4,49,0.9392286086213634
3047,4,36,0.5858264439358416
4059,9,29,0.3559459633043701
2913,9,61,0.24018389387218111
2683,1,5,0.95
261,5,8,0.05
693,7,48,0.07466711541518915
3359,4,44,0.6994001657250704
4255,12,17,0.29460918514691736
3062,5,23,0.5157366572504208
3988,2,47,0.95
3490,3,56,0.95
4601,7,46,0.5692509690652795
763,10,42,0.12420273152358371
1232,13,26,0.06219428118629387
641,15,51,0.05
3074,7,4,0.3847804328239682
967,4,53,0.2068469928984499
2166,12,23,0.1020742295221268
531,1,32,0.4049374239589421
4935,1,38,0.95
4378,4,23,0.8602439041145007
1306,4,28,0.2939985316872563
2628,6,57,0.40323708923626805
1269,7,3,0.11049787258462412
930,9,23,0.05
1751,9,58,0.17076327394306365
1236,10,54,0.10454104605259364
2910,12,18,0.3171761255296309
575,15,49,0.06532018375813001
2910,12,62,0.14571986827990277
1426,5,57,0.19008474292065367
1119,10,21,0.10901771256681766
1936,11,25,0.14392627003070754
4356,3,46,0.95
2548,3,32,0.7111217798395773
4393,15,53,0.28282316955693776
1383,6,44,0.2847870100311018
759,1,9,0.6989714913472325
2110,7,58,0.2004653128571247
498,3,54,0.11160385710818155
1833,5,6,0.18781799722779857
2225,7,3,0.2754280330402888
2271,7,58,0.2441029493692537
174,9,60,0.05
4797,1,5,0.95
3571,3,36,0.95
936,9,35,0.05
599,8,4,0.05
237,2,49,0.12719661181113265
2197,8,21,0.19515645382415892
3796,8,10,0.42799855541694287
1985,2,7,0.7925181776838067
2857,8,59,0.2976385246068787
4020,3,48,0.95
2000,7,6,0.2137027892334704
2710,13,62,0.18497190790448423
4086,9,42,0.3913190232011472
1549,4,57,0.33634969012459937
646,15,39,0.062397588669363964
4776,11,36,0.3741326296652509
2103,6,56,0.24073448426318664
2196,9,32,0.18265990773791907
803,11,14,0.08961448991855295
2503,11,27,0.22485193909115653
1725,5,23,0.2503577117838397
3431,12,33,0.28689303723578574
4833,1,61,0.95
3078,3,16,0.8716287521791962
4836,11,12,0.37612329674895595
2939,15,63,0.11762450697288943
3484,9,17,0.3088792921496965
2759,3,48,0.6641970266735575
1961,11,57,0.12887900213452178
2956,11,61,0.2856205389762642
785,10,7,0.05
4383,2,47,0.95
1719,4,12,0.3350555175473445
4743,5,59,0.6837533334595981
1531,7,53,0.08180904989356563
975,7,11,0.21908225964268307
4813,9,17,0.47499195239196
2561,13,13,0.21414545775608987
1465,8,8,0.17011838397693807
1343,13,40,0.11506823968540039
262,15,28,0.05
2074,2,25,0.9163101915896966
3391,12,51,0.3071862202442424
369,8,16,0.05
731,8,60,0.06375372177687082
1005,5,7,0.13848623097078858
3571,15,63,0.19411244125544935
3353,13,20,0.2519785430326565
2114,3,9,0.5782838029860807
1741,9,53,0.07386025443945482
304,12,48,0.06959780215845196
681,7,63,0.05
940,1,37,0.803629514893704
1819,8,51,0.21465424847694375
2743,10,14,0.20720004356322846
2397,13,55,0.10787857020856398
974,5,55,0.13842192474349446
789,6,34,0.18941286835917762
4100,9,33,0.33219324426093816
3241,10,29,0.21503030653556138
1522,15,41,0.09409209138773707
771,14,52,0.05
1271,8,50,0.11190063531321032
3826,14,11,0.18260158732775733
1043,11,34,0.07797325353459493
1549,14,2,0.08413092525587079
3837,14,22,0.2952366162976037
2639,3,6,0.6887580346044523
4059,13,2,0.2358711998008599
4360,5,54,0.7908828523909486
2461,4,56,0.4868337299014358
3752,14,22,0.18724741090129104
3770,1,26,0.95
1853,5,21,0.31675641193023296
2452,10,46,0.18887209216838224
2038,7,10,0.2463978202814
470,1,17,0.4153887641149859
4579,4,29,0.95
2031,6,41,0.31093244866088465
524,11,47,0.05
4824,12,62,0.2835119727064213
994,9,50,0.12036032266717353
697,11,62,0.05
3162,8,37,0.3145267009292329
2436,2,40,0.95
4788,11,50,0.4457382485879623
1787,3,61,0.4123772585035391
672,10,25,0.05
2190,13,17,0.13654420925257582
3769,5,15,0.6336300647110175
4372,11,49,0.32210422945638006
4724,7,60,0.5579527980323432
1733,3,35,0.49973727204034063
1617,12,25,0.1025436409956572
4393,7,48,0.4963419315185329
2757,5,12,0.43139394630420463
3748,10,46,0.3787431371387251
3688,6,37,0.6113877658162283
1637,6,57,0.21045119214251162
3237,11,2,0.2293783927375472
197,11,48,0.05
3315,14,13,0.20399581431911457
4630,12,22,0.31415925591283006
4832,4,10,0.9441656605927194
3850,12,40,0.22658954292239228
3257,8,4,0.3738643909471127
4783,9,17,0.4289242080313429
443,2,5,0.2828986716053224
4766,9,27,0.5374673080835562
710,11,56,0.05
1827,12,47,0.19296025167599484
2390,4,55,0.4912453124601328
1954,6,14,0.27864199434824266
2708,14,62,0.19633183855297076
2179,7,21,0.3095327945762831
2424,4,20,0.4689429817018852
4727,8,28,0.6018656373369236
1277,13,3,0.09583330652717872
1191,14,11,0.05
2891,10,61,0.2278262133716268
1849,8,26,0.2983784630206428
2775,1,20,0.95
881,8,16,0.2062512407401852
3148,10,40,0.2685273440696294
2205,14,48,0.13104540769296444
3967,12,50,0.22303422156458158
4642,3,25,0.95
2213,5,17,0.35247078838091006
4070,14,18,0.24127400647902386
2091,10,61,0.16366452805362555
1167,8,17,0.16367415484816508
1677,11,19,0.11680912076998858
1111,6,50,0.05
2374,4,5,0.4522310404867872
4969,15,3,0.21010787968029002
1914,4,50,0.4728714168554677
2526,12,50,0.205296672762716
4502,4,32,0.9403145601192636
4974,6,3,0.6810581061629537
2651,7,55,0.24484368367446474
3757,13,3,0.22954652387776553
107,5,62,0.06547220782467819
2655,10,16,0.26218252923868063
575,14,62,0.05565012267199167
2311,8,61,0.1711576997999844
584,7,61,0.05
4754,8,49,0.5138138192830859
2385,15,44,0.07509884218715226
4663,4,30,0.95
3625,8,35,0.31102897814040387
3439,13,41,0.1653134005081374
2922,6,33,0.33960214093820484
3024,3,22,0.8152861145218236
358,13,31,0.05
382,8,25,0.05
1998,13,45,0.08251788663615148
4235,7,15,0.46992879564578816
3076,10,29,0.2897885289211705
2367,5,15,0.3939710406627376
3300,11,57,0.28341301829738735
712,4,45,0.259313038189002
787,1,35,0.5714338410288962
3790,10,15,0.28858431865487644
712,3,56,0.14631650161568893
2407,2,26,0.95
3113,8,13,0.34310034716756976
1881,14,57,0.20046056525898942
2691,8,62,0.3125327196162055
2796,12,42,0.2184273082585083
4058,5,62,0.7283571232878182
674,14,41,0.1147139507165045
2010,5,21,0.4248423671801428
3704,15,49,0.23013060602161778
769,11,43,0.05
4464,4,8,0.9130273642005013
1383,1,16,0.95
1023,1,58,0.8908160446851747
1225,13,10,0.05
1629,6,5,0.19042187089976945
1694,15,32,0.11179190391050012
346,4,24,0.05
3811,4,7,0.8455518270229331
1660,3,29,0.4888805966812654
2500,14,13,0.1271533925339053
2343,9,48,0.21448808410266387
3964,3,52,0.95
2039,8,59,0.3426163349478639
3169,2,23,0.95
326,4,25,0.08405813140473108
3647,1,35,0.95
364,11,61,0.05
1495,5,20,0.27479646030560256
3657,2,25,0.95
745,11,21,0.05
3090,13,53,0.13997027214004626
1999,1,35,0.95
2604,1,48,0.95
2872,2,28,0.95
1254,5,59,0.15691097191017556
687,12,45,0.07011253525120201
4671,15,30,0.19171351289873245
1921,15,2,0.10415173052647937
1085,9,56,0.05
4179,6,47,0.6349691152624661
3448,12,37,0.20870495748832668
3931,4,55,0.7825780951554253
1341,15,57,0.05
289,3,44,0.16553789535702407
1080,8,40,0.17887282968307516
1798,3,46,0.5021624439215001
1815,1,47,0.95
2693,4,8,0.664823057000703
4236,11,55,0.34579325356488166
4533,13,44,0.2778147543848887
1198,5,21,0.17161412700067805
2426,5,21,0.4452231316449445
3347,5,26,0.5468048941531165
995,8,44,0.05
1774,8,22,0.19338639971176397
3009,12,10,0.22089553811332524
1030,13,28,0.06824285646137888
4484,4,29,0.95
823,15,26,0.05
3040,9,37,0.2818322327321774
1189,1,35,0.95
4678,5,3,0.7127237827501405
1035,5,58,0.20763901284372496
2395,5,10,0.4266771617901145
255,8,20,0.07602373045096288
1170,9,16,0.05787652922013678
2058,3,54,0.550534007165949
2601,9,22,0.2962881703672811
4319,13,51,0.24805085880387256
3930,11,17,0.38755026461725317
954,8,3,0.05
739,3,27,0.17701253940416875
2338,2,45,0.95
1702,15,30,0.1327423616777396
541,4,34,0.1959776609204717
4728,15,35,0.27786203640666896
1436,13,47,0.05
3800,12,28,0.25983803212767037
1048,2,8,0.44282330012723503
3473,4,50,0.7431973869630877
559,5,16,0.08923822628036789
4746,2,18,0.95
492,12,10,0.05
4038,8,14,0.3690869904862403
1887,1,33,0.95
2357,3,3,0.7848157291544844
1238,7,60,0.13838820281506492
3908,10,33,0.38310698363537216
4841,1,48,0.95
2554,13,21,0.07777415854703898
1566,11,44,0.11580948734765285
3774,15,20,0.265677591564547
1477,2,47,0.7585024847988601
2697,3,28,0.8030845664592547
241,14,37,0.05
2759,14,60,0.23723812443305786
4696,2,31,0.95
939,2,12,0.3346760657094611
3718,12,17,0.29318596304825767
4017,11,56,0.23171150070507157
695,6,27,0.06675475447167484
2004,7,31,0.312908444489439
380,6,3,0.08839450895062026
523,11,35,0.05
4465,6,42,0.6271566117443393
4349,15,23,0.23685639001793374
1850,9,60,0.21666319945273477
4857,8,32,0.5249372053052602
2067,14,56,0.13077418088643758
4188,8,54,0.4344226415270738
4278,6,62,0.5391752855834949
3046,5,22,0.5766743353390998
1549,9,37,0.1643676130091504
2431,12,41,0.1523954309576848
2320,2,24,0.95
3889,7,27,0.4578693619487285
2910,6,19,0.3630524714345422
4828,7,16,0.5463722376582855
1631,12,35,0.1624227292021726
4982,4,23,0.95
3090,9,29,0.3790333142928303
4593,7,44,0.5469760479805804
1243,2,50,0.4783427344473994
1033,13,8,0.05
1560,4,41,0.34604947203005365
2823,5,63,0.4464448414068671
2612,2,43,0.95
385,10,25,0.05
364,8,36,0.05
2467,1,14,0.95
3547,15,56,0.16605339044023965
1862,3,50,0.6151814907246284
3148,15,14,0.2163575071105234
2481,14,32,0.1732862865156778
2369,1,60,0.95
140,15,20,0.05
167,5,30,0.05
1087,8,23,0.07147943695928526
4108,7,42,0.4996478773374433
3298,9,22,0.24307644116788096
4890,2,62,0.95
2624,12,17,0.18527330341213932
1185,8,31,0.19192567306328737
2579,8,6,0.31330817558305496
1793,14,42,0.10326107011290606
2415,6,61,0.35771448296004527
878,3,42,0.22258105305301337
4689,2,7,0.95
1685,14,22,0.06149263043340714
1592,8,43,0.24911487599147308
760,6,51,0.1149594452837823
1448,4,12,0.343980648714726
1399,5,25,0.21127323323133126
4040,5,29,0.7522221846074866
2086,13,57,0.09748739120988408
2144,9,16,0.1927713177624142
3616,13,40,0.2082428311135624
1158,13,47,0.08797680859837875
1076,9,41,0.06508561394352269
4677,8,52,0.5167171640359309
827,8,48,0.0993035505843149
2627,12,20,0.17447613641470844
3236,2,51,0.95
442,14,18,0.05
1547,3,4,0.4244551584092162
2479,14,4,0.19238004420304755
3759,8,40,0.3770915802416399
626,13,29,0.05
1996,5,32,0.244123743634946
4854,7,43,0.6353145725481122
2173,14,58,0.12042067133739788
505,8,61,0.06904647982278034
1673,6,50,0.20658532689027292
4700,15,48,0.23116705369388496
3840,5,9,0.6352125519873776
4374,8,18,0.4138511215990086
4327,1,36,0.95
1946,1,37,0.95
1578,1,28,0.95
2495,3,41,0.667920333383776
871,10,46,0.06111816792364863
678,13,34,0.05
3001,12,61,0.12488947621311468
293,6,51,0.05
2107,6,12,0.29482677128899765
1285,5,22,0.1506265638087232
2494,13,7,0.19506334605970344
3098,13,49,0.24115120379830723
1892,14,22,0.07046508204256563
1210,7,62,0.09969190966031788
4105,5,52,0.7047399620741303
2361,14,59,0.22399045449654634
3836,2,56,0.95
3893,4,29,0.8578636278005113
2036,1,18,0.95
4975,7,19,0.5953195626764216
4457,4,12,0.9191500363560716
829,13,47,0.09995866602577407
4478,4,45,0.95
3551,13,26,0.2703744509961665
4557,4,31,0.8903959108188337
4636,3,53,0.95
2240,8,57,0.13597778192877452
1744,4,26,0.46609819601292907
2900,8,8,0.3196850573426507
241,9,50,0.05
1555,1,38,0.95
4896,15,55,0.36626925054335074
2196,4,47,0.41569138486716917
1425,6,28,0.16940385886089343
1313,8,57,0.07809514522396846
1259,14,27,0.10329815691329787
4750,6,14,0.65274555681748
4599,12,25,0.21146271584037252
4797,6,62,0.6831242004577431
440,10,13,0.08414391976217074
3928,4,15,0.7916985493840814
2068,9,58,0.18921104078761714
803,7,10,0.085501563012244
4513,14,32,0.3030033699329351
2529,11,5,0.10878165449215371
1900,6,55,0.23105095844870643
4748,1,20,0.95
955,2,2,0.4364512098134219
1912,12,30,0.13288974310548704
2966,6,46,0.34648659226919065
3742,11,7,0.25469478637000686
282,15,2,0.07865512596715506
3212,1,26,0.95
4592,15,28,0.30649042192881587
1617,15,23,0.13662421509838338
1456,11,18,0.1712480053313214
2274,5,60,0.43399460816296265
3729,1,30,0.95
3728,13,4,0.14921206015825783
4196,3,18,0.95
3339,12,3,0.2566293926905073
3791,12,33,0.2346613455751801
118,12,23,0.05
3503,7,40,0.41853806619314626
4779,5,34,0.915555574310422
4651,15,59,0.2844662257393039
3104,12,54,0.1912715819191079
1232,15,23,0.18688064506695953
3439,10,48,0.3188568436510014
3411,1,5,0.95
3472,1,39,0.95
1087,15,54,0.08611092808848933
3421,8,14,0.23304975901319402
4715,11,62,0.3648585819520037
273,14,60,0.05604819005144557
3841,13,24,0.3252375231687278
3152,9,14,0.40657082482676915
826,7,21,0.153564669130153
3860,13,34,0.25805806667390424
1975,3,35,0.5521317291154921
4133,12,39,0.25210879683440257
1089,6,63,0.17855963582117532
3844,3,30,0.95
2786,10,59,0.2137072335729157
519,4,62,0.11741565345537745
693,12,33,0.05
1874,4,12,0.44232826899206834
2559,3,19,0.7732344613639514
1035,10,46,0.05161806744668852
3908,6,22,0.5719933155763834
431,5,13,0.05
3549,11,53,0.25527250826502457
2802,9,40,0.3236896105313305
4106,9,21,0.3567680068898826
3968,3,8,0.95
4300,13,28,0.3101589298854688
301,9,57,0.05
2597,13,8,0.17630403853305293
1942,12,3,0.15176660591009353
1966,3,44,0.5915979255568866
2096,4,34,0.49075837967820574
1009,1,22,0.8601943834239293
4405,5,30,0.7930616342311678
4758,12,33,0.32946837865997736
3289,9,46,0.3205273463897509
870,15,13,0.05
3255,2,14,0.95
2601,4,40,0.6163513725192418
2814,10,45,0.23750516170445565
4824,2,50,0.95
3685,14,60,0.24259662668089785
1728,8,41,0.20133823921674973
486,9,4,0.09252564612226544
3521,3,40,0.95
4108,13,52,0.2326486837794874
4193,15,53,0.22624956415253725
4463,9,9,0.47204097731115324
2566,6,47,0.3925533278127154
2382,6,47,0.28845662903214875
1956,7,3,0.24823093553203956
2098,12,7,0.09695205147175046
1336,5,49,0.22764235587449164
4769,6,59,0.7133619957718844
4244,11,42,0.2915873465962848
1250,1,59,0.95
4418,3,58,0.95
1531,12,54,0.13686488020224302
1919,9,16,0.18501541401183752
2424,12,52,0.13633465014603469
1230,5,48,0.22604538706266986
2758,5,55,0.45848628148514875
3600,8,13,0.40010826873186106
474,11,42,0.05
2220,11,49,0.15197578703435488
4120,13,33,0.2709533043703603
2121,2,7,0.9181986067053923
3805,13,53,0.19512207726234349
3359,7,61,0.4056132141025207
3535,9,28,0.37692380027632866
1989,7,48,0.23987530997838838
1923,12,14,0.11767903945060111
1574,5,54,0.23543007480355915
2342,13,24,0.12406026785496999
3343,6,11,0.47552740150034
3234,4,15,0.5744780200863926
2170,14,62,0.10180322954739517
459,12,4,0.05276277080858292
2141,7,63,0.29215662562455563
1241,1,13,0.95
1735,4,26,0.3300594825157779
4100,3,2,0.95
2043,13,33,0.16202059275478675
4874,4,25,0.95
3461,1,54,0.95
3080,12,49,0.23083160095911717
106,13,43,0.05
3367,2,10,0.95
1691,12,51,0.12156531620844392
3364,11,2,0.2373354143058097
2706,13,43,0.23049069267865357
3319,9,40,0.3136794203828463
3373,15,11,0.17867648958137627
1013,7,45,0.13919307509831144
2111,13,44,0.13740360269873333
1542,6,42,0.18338890943000283
3154,2,31,0.95
3646,1,6,0.95
4321,2,60,0.95
3028,7,5,0.4531934420633824
1929,2,53,0.8090292401446227
675,3,61,0.10822479912144219
1029,8,46,0.1636576403738075
3859,7,9,0.44519835055583484
3799,12,17,0.21083538651559813
1563,11,2,0.17108603888240248
3375,11,50,0.3105445692233058
1154,14,16,0.14004771316369177
2000,11,25,0.1030709226061382
1557,9,16,0.13717043706916285
1499,12,51,0.08945644047300194
3515,4,59,0.6856503883851397
542,7,7,0.09312830092791853
3750,1,3,0.95
4752,11,6,0.33719914594529626
1278,11,52,0.10458749551991567
4558,2,40,0.95
1357,7,42,0.21574373631899782
3734,15,35,0.20782849197649883
1941,2,40,0.8103881743625944
2409,6,33,0.3803577454752736
1010,13,30,0.07092066333086046
4440,10,30,0.341550648533693
4737,12,25,0.2742726982305272
4109,9,47,0.34952273903224074
2269,11,59,0.18402387810339035
2272,5,32,0.3136823867878863
223,10,25,0.05
3258,7,56,0.3122616173590973
885,13,63,0.05
2516,1,16,0.95
896,8,13,0.07108449116326007
4272,9,21,0.40706354784615173
4254,15,5,0.23357138609467243
2036,13,59,0.20839853972718114
2256,5,14,0.3827968077823456
3907,6,62,0.4914972929415828
1401,13,42,0.1202213395785133
4263,11,45,0.27029722359213154
3240,8,11,0.38710390402437594
3336,4,42,0.7346731522890091
2452,2,54,0.95
2032,15,24,0.15063917695995985
2821,10,8,0.29375344974812845
464,8,58,0.05
2490,2,13,0.95
1046,5,49,0.18644537560278027
1477,15,16,0.05
1539,13,8,0.06984502261100882
3280,6,9,0.45844339517565263
4957,5,8,0.8258679163512818
440,6,44,0.07382297916245503
3089,6,5,0.4043512664757639
482,3,61,0.06027234112455647
1656,11,51,0.19895254921330308
399,11,52,0.05
238,3,8,0.1067919971475601
458,9,63,0.05
1622,3,60,0.4605454285973706
3556,3,60,0.95
1727,11,46,0.10801563012894891
1403,14,42,0.05
1234,2,62,0.5641669911992765
2286,7,31,0.3055758184972439
3270,10,60,0.2761058779849606
3935,10,19,0.3691625324336265
2251,4,31,0.4853662958527255
1337,1,8,0.95
3835,6,53,0.5226106803963201
2934,5,49,0.3815051901657436
4360,14,24,0.2729029891023186
1098,11,61,0.05
2667,2,38,0.95
1407,6,8,0.1808543668132972
756,1,39,0.5436062870687033
2760,3,30,0.7635151745915433
2311,4,35,0.45898493701482734
2009,13,61,0.19769644999776353
3830,3,40,0.95
2146,15,54,0.07772821119769524
3262,13,42,0.15020086293221285
1240,6,46,0.21171246106513103
366,11,62,0.05
1945,4,60,0.4425595359585596
1808,14,50,0.05188385364109442
3730,1,50,0.95
3311,5,48,0.5547432142319297
2393,5,19,0.48557818126410424
3832,9,57,0.381997679441413
3929,8,48,0.3654031183411069
1610,15,44,0.10034011844461993
575,8,26,0.089689117683968
1076,5,28,0.11135900707388711
1307,8,28,0.12339157387822114
2060,14,13,0.11358708258389554
657,10,24,0.14453381132052875
982,7,18,0.12171491469441337
2294,1,45,0.95
4861,12,8,0.30016177941680444
2767,7,62,0.35679512716827366
4777,11,25,0.2925517324671533
4890,8,8,0.5401554346180425
1710,3,30,0.4556541873144498
3588,9,61,0.3159824105645992
2554,8,54,0.30168176035368865
4594,2,29,0.95
2046,6,24,0.29941535662662033
4910,4,11,0.95
4899,3,17,0.95
2908,11,44,0.23665931159834505
3925,6,49,0.5583707493512929
3636,10,35,0.33806536018843064
3902,13,26,0.25133515415565527
4277,15,3,0.1864711768556077
4799,9,51,0.46328720023756187
2070,2,6,0.7857172140211506
3922,10,15,0.36968009432027427
2919,10,32,0.30186995689986096
1002,10,41,0.05922245268781687
464,5,7,0.05136584874724469
4358,6,29,0.5076660857376168
3219,4,10,0.6679313364750424
2658,7,7,0.3355802084456223
1963,2,54,0.8345400866902121
215,7,18,0.05
2484,2,41,0.95
4035,1,36,0.95
2590,11,13,0.1479011508790268
1042,5,46,0.12661615217594363
1824,2,19,0.6925300522184792
2434,8,56,0.22070885739646046
2867,12,44,0.14186289791945766
1237,12,35,0.05
2627,12,47,0.14633305200766125
4217,8,2,0.4798539252916415
3520,1,60,0.95
4878,4,16,0.95
4006,14,62,0.26485235343343716
3737,9,19,0.3298621016142886
3053,5,23,0.4974074372355138
2467,12,19,0.1354264265915443
4321,11,50,0.3397356369947752
376,10,2,0.17426506093373528
2099,13,47,0.06936532385593148
1327,6,21,0.23419463473478624
3852,3,57,0.95
3835,5,55,0.7118407112668275
795,14,49,0.06572132852194776
1409,12,37,0.06916813477671188
4252,13,55,0.2607712397588667
3334,13,39,0.24955028019219153
4214,13,26,0.3546169813630863
2411,1,17,0.95
2941,8,21,0.2841421533219731
4308,11,39,0.35074657208656634
3659,15,48,0.28313536168856457
3498,6,59,0.5090827244863634
641,12,34,0.05
2794,2,8,0.95
4774,4,24,0.95
1188,4,12,0.24104374938569945
3463,9,34,0.28523839596731226
124,9,41,0.05
1672,5,47,0.31726751838858847
3058,12,6,0.166209046170231
4336,3,46,0.95
1867,1,48,0.95
4843,6,42,0.7330872842199555
2335,8,9,0.22674824864905063
300,1,52,0.23964743078896303
3298,11,18,0.21532121238605473
356,1,52,0.35824975703088324
3847,15,63,0.24655777042205884
4742,11,19,0.3034950818744629
2341,7,51,0.3617343461420106
3275,7,28,0.5624086917349846
3706,2,32,0.95
3436,3,5,0.95
4997,2,3,0.95
513,6,57,0.05642303555161525
2114,13,6,0.062163281024410794
1481,13,18,0.1684505685882584
1198,8,55,0.10639008301039976
3526,8,61,0.41783428870985023
3755,15,40,0.2172240750994492
1009,1,33,0.9260411296471346
287,11,30,0.05
4144,9,17,0.27403213756942785
3856,11,2,0.2631909695514515
2115,8,62,0.20162585805753683
2192,9,13,0.12332149986680377
3744,13,20,0.26146322610103767
2230,14,10,0.1518273725042569
457,13,49,0.09596054238994645
2522,9,62,0.28525969396589546
4357,11,63,0.3051223539010857
4645,12,8,0.26470872063614437
1597,6,31,0.1360876674571544
2258,3,62,0.6173529285954696
2655,1,16,0.95
2442,11,45,0.20426006871718277
3051,8,5,0.23626428800001226
1338,10,7,0.11851930570537525
1073,3,39,0.3244354177096628
4827,13,48,0.27701171468003477
4065,7,61,0.5121184331151697
1150,13,36,0.06168856921643193
3801,10,3,0.3759992968072937
2880,6,6,0.47168994357026867
1688,3,9,0.4702629647669948
3978,6,52,0.5954805694722776
2468,12,54,0.10380498006404239
536,3,31,0.12514119447559935
2928,13,49,0.20604295003222511
1656,15,20,0.0696432955277217
3958,13,31,0.23984222543902167
1404,14,56,0.05
2484,9,32,0.3166176305171938
282,13,17,0.05
1689,1,39,0.95
1687,13,23,0.08288947725430565
759,8,34,0.11012778421402605
259,5,51,0.05
4053,15,23,0.20747100391983542
1111,4,9,0.25163052976195727
152,1,38,0.157001126043947
2407,9,13,0.2667833278885279
1328,13,51,0.08655906682892506
1135,9,6,0.15883115206773288
3802,13,26,0.25534033578210835
4145,5,55,0.6833262353415636
4549,14,30,0.313040094094846
1364,11,14,0.108701202358522
1984,9,54,0.19560336957613705
1909,15,27,0.056679237111156966
3267,10,23,0.2401268320604357
3897,14,30,0.25234467680357603
2441,9,13,0.18188066042401319
3514,7,49,0.41975810463893587
917,8,47,0.05
2537,1,44,0.95
988,4,29,0.2395490534109999
767,10,10,0.05
4828,10,56,0.47771725587417435
2724,15,11,0.10673668028167206
4332,4,49,0.8744447513042054
4623,12,52,0.3464177791243517
918,9,43,0.13156808967951342
2288,3,27,0.6069339603951075
1206,15,54,0.08993732553116043
2324,12,37,0.17821626552488767
297,10,60,0.05
2771,15,54,0.12681337008834812
3592,10,41,0.3414515138444138
2548,1,12,0.95
570,15,63,0.05
2048,11,7,0.12097537566365514
3999,5,5,0.6604123696034113
2110,7,54,0.21649117428902756
3900,12,28,0.21049385678244942
4218,4,56,0.8464783211594782
3896,9,63,0.3330044364123801
4088,6,25,0.5562049799741307
334,6,6,0.05
1028,3,51,0.3169032954494258
3707,10,55,0.3830125107950429
622,10,58,0.05522100729040018
3623,5,4,0.5516372962580586
4626,10,8,0.4242848568953991
4988,6,25,0.7060284230607918
1729,14,23,0.05304185414041392
4728,4,13,0.95
1416,13,36,0.12456925414940667
2957,3,18,0.7791222248721019
1224,5,4,0.1757834280188873
2687,7,12,0.3236686153798395
1123,11,7,0.07053760056779051
1478,6,44,0.1279035433223314
3474,2,37,0.95
1619,1,18,0.95
326,5,23,0.05
991,5,2,0.14628506898557042
4172,12,45,0.2841310651738232
2357,12,57,0.17921020951241093
2888,6,4,0.34711347097196565
496,3,17,0.20009947520832896
2178,1,36,0.95
4844,15,15,0.24627339090644906
4524,4,50,0.95
3337,4,52,0.7297960999383489
3993,10,8,0.19289652328926712
2105,2,27,0.8734862409291252
2116,14,57,0.12812016924024305
3271,8,44,0.3519406005501236
2768,6,49,0.35374290646592094
1978,12,32,0.1241881452281663
1296,3,25,0.3853733471620858
1872,15,20,0.14086301016532435
261,1,38,0.14525518721736297
4076,12,2,0.3058859772090825
1851,11,26,0.15732295494839083
875,3,57,0.28491952354738076
1039,8,11,0.06460581281756955
3320,4,19,0.7134617625364335
639,3,43,0.08373407916913495
1561,13,2,0.08132364909516454
455,11,30,0.05
3704,4,14,0.7755937826652098
3423,11,5,0.2955367132842679
334,15,58,0.05
1648,4,13,0.4033646534594587
2196,2,57,0.7975697442650727
4313,4,49,0.8141114775100997
2201,11,20,0.2137748334752106
1773,12,27,0.12832038883063598
2200,9,45,0.28903767656374557
3757,4,39,0.8210067586975268
4753,12,17,0.3306875976605457
3696,1,45,0.95
3848,1,26,0.95
3273,1,59,0.95
1915,14,57,0.0849072040515394
3941,5,11,0.6693074790779601
2105,6,38,0.2585718814835585
4593,12,29,0.3290837547003625
774,6,62,0.18447559615443576
486,6,29,0.0952248738129873
2258,9,26,0.18564604860535455
2761,1,26,0.95
2164,10,52,0.19415922083048884
3951,6,13,0.5590857557178082
3353,13,9,0.2341350822716881
4736,8,37,0.5387014542424612
4366,8,59,0.5085300593881652
839,12,40,0.05837372637053976
1501,15,59,0.05
3359,15,25,0.19085130675147513
2377,3,24,0.6523969942214556
4004,13,38,0.2842090031212108
4023,5,12,0.6099597647127442
4314,10,18,0.3845224847201327
3327,4,29,0.6995082820549866
2931,12,57,0.15483259846324426
3858,1,54,0.95
2612,9,4,0.2853136201565015
2251,5,3,0.3257106241701102
3775,2,52,0.95
2845,12,30,0.16933990571901997
3966,2,58,0.95
3864,11,35,0.30249250390889454
2322,7,15,0.2986627399144089
2892,4,59,0.600106226655638
1797,1,34,0.95
3562,5,49,0.5834580505240968
4163,2,48,0.95
1624,15,19,0.05819875535917102
4860,7,30,0.5632482645705259
132,15,3,0.12800453127293035
4125,9,61,0.4104644753396636
2666,13,12,0.12801000577569555
2903,1,32,0.95
3996,12,54,0.27298906715352944
3809,2,50,0.95
819,11,14,0.10735212577880779
4679,6,45,0.5222179818606856
1072,8,27,0.096064399144024
3818,7,57,0.36452266023510715
4502,9,35,0.43924678915982884
4652,14,55,0.23900502235641874
2307,2,54,0.95
4526,12,51,0.20611288241984188
4420,9,11,0.4657393945360545
3130,4,13,0.6696388750969906
3675,11,50,0.2766709480044735
3216,15,23,0.13654799453163363
3385,3,47,0.924791134810106
743,7,55,0.12430881050968434
4811,5,32,0.7600564457734429
294,13,20,0.05
4096,5,46,0.667634088906422
588,12,25,0.05
2304,13,26,0.07798795053846523
2757,2,36,0.95
3376,6,58,0.5157168323375025
1202,6,9,0.07830901104956428
1341,12,6,0.05
615,4,23,0.1984185080837354
492,5,61,0.08532029235730956
730,7,29,0.05
3816,14,13,0.20242005994599677
1947,8,34,0.18832212741701607
2755,6,54,0.41459209855482915
1079,5,59,0.22708203614819494
4629,12,17,0.32772894266649727
3502,3,27,0.95
3971,7,13,0.4490133356967795
377,8,24,0.10966466654497597
332,3,50,0.07110670687586801
1652,5,27,0.3011770788511743
3370,11,42,0.20162602686419523
2509,2,14,0.95
3612,10,24,0.31054110887678366
125,10,32,0.05
560,12,37,0.05
3864,4,28,0.7889047539725308
3531,12,37,0.3695956177550902
3583,4,60,0.7445876878839837
2094,12,48,0.13042304024199525
590,13,43,0.05
1172,8,24,0.18201716976991916
3273,3,39,0.9019072707747552
315,5,4,0.06491603963725387
1823,11,31,0.17394353923837141
1692,5,58,0.3472081817229351
2706,2,33,0.95
258,9,16,0.05
4881,4,39,0.95
3413,9,12,0.3486714672519683
2941,9,3,0.31069877532424234
1876,2,27,0.7914658802739946
2152,9,61,0.2482150756387295
2395,9,35,0.2601927942458842
1796,2,2,0.7172430737336513
3093,11,12,0.1593398064024309
2569,13,6,0.1427157717169473
2046,6,27,0.3110343406476426
3909,9,7,0.38663375573092884
2883,4,36,0.5104674846707076
3744,2,53,0.95
2600,7,6,0.3440498335698671
3745,15,53,0.24380382024677796
2745,9,10,0.2721400764075994
2449,6,29,0.38540986915241704
2032,11,20,0.16445478663219368
3394,11,6,0.1906800861448989
1857,14,24,0.09501066736972516
1216,4,45,0.24947258354925408
2667,1,45,0.95
3599,4,17,0.7204064552530383
592,3,8,0.15981484567508736
3406,7,15,0.36405378517393333
719,11,23,0.05
3332,13,10,0.21894123006089275
3923,11,48,0.3594535469185876
2480,10,24,0.09642271977014827
1646,5,44,0.28262910858085905
3663,12,5,0.20382397855737505
1705,3,44,0.5076102868654594
3852,14,27,0.24833053933520113
4775,2,42,0.95
1990,13,7,0.08535072790849649
1375,2,32,0.5762030524206756
2843,5,18,0.5983140135090221
2593,13,10,0.17636304500608813
456,13,28,0.06469904223058941
969,8,56,0.17109654737512542
985,8,7,0.058475520835960935
2101,14,7,0.05
1383,12,5,0.05
719,5,53,0.061842855948706206
982,13,44,0.05
896,2,4,0.39816410418445153
3742,13,25,0.28753078546205135
3525,4,57,0.6806031244815132
1396,7,19,0.2734272798398501
4814,14,33,0.35154831396711245
344,6,49,0.05
2995,10,22,0.3686413868371603
1029,7,49,0.1521783678444149
619,5,30,0.09982657987543016
3312,2,33,0.95
2509,8,26,0.20560489541249966
107,14,13,0.05323273706916377
2625,12,47,0.1871064222304201
3523,2,10,0.95
2119,12,8,0.09031685603339443
4690,8,15,0.5157548622768044
4382,15,21,0.24715908243755785
3767,7,21,0.39419629218323154
3771,3,11,0.95
2901,13,12,0.18789047381019944
185,4,40,0.07277696705483279
3215,13,20,0.2591475956710457
4332,7,20,0.5273594369421597
2568,4,54,0.49468107406120254
3719,9,44,0.3453854305937492
1736,7,62,0.22442979220371245
3683,1,7,0.95
4109,1,9,0.95
3426,15,2,0.19177891408762576
2318,4,24,0.4940082281395573
2317,14,41,0.07501690073902728
2469,14,38,0.11937639412467185
3738,13,61,0.24662430390446313
2603,9,11,0.265858651172434
1043,13,3,0.07383878805573828
2937,4,37,0.6264738844881255
2760,13,55,0.1897464060156342
3036,5,58,0.4649092125488938
4544,1,3,0.95
4047,15,16,0.20560498775549327
1776,14,21,0.0679674074485015
1296,2,43,0.4670899926174461
4205,11,22,0.292723655829236
2887,4,31,0.5667381279855987
1561,12,57,0.08957486619274857
3418,4,25,0.7280041524261011
766,11,3,0.11751022972153871
2276,10,39,0.23032056153485547
3843,6,23,0.43307607390559877
700,13,30,0.09528310769062154
2752,6,15,0.4082811299994921
4522,8,6,0.5611104497271229
3924,12,25,0.24061165480640243
4006,13,27,0.2064130289918204
1079,9,3,0.14315299397095577
2551,14,47,0.1895324894088512
728,1,46,0.5728247983646912
1729,1,35,0.95
3796,15,63,0.23482617050339868
3530,6,24,0.5077144527041924
3774,4,42,0.7844382879168613
4029,11,36,0.309844858825286
2865,4,16,0.5559591974646816
4469,1,56,0.95
4880,9,4,0.3825904584366107
215,12,13,0.05
2103,11,39,0.09082701644168678
792,3,52,0.1648252327779907
3262,15,18,0.3405714950800239
1205,5,39,0.10585087615508817
3108,10,28,0.30774597050235897
2261,1,20,0.95
253,8,50,0.05
3799,3,49,0.95
4510,14,22,0.304945470006748
3886,15,41,0.12500801534921135
1164,1,25,0.9453144232286694
4300,10,25,0.3592644765763876
2013,6,20,0.3627454081797456
1316,1,32,0.95
2501,15,41,0.11735974110414187
1872,15,21,0.09005422348812919
2060,3,16,0.600890767970905
2880,5,41,0.4193991592653925
4904,4,36,0.95
4846,7,49,0.572163759433487
2971,6,36,0.368878724654449
760,12,34,0.05
2735,3,41,0.6348692656509112
2429,11,57,0.2716055634945061
4054,8,42,0.3279598150554407
2550,8,55,0.2896012180150924
1232,14,45,0.09502311676945119
799,2,19,0.30908066549133634
2138,7,18,0.2488558610039771
4747,14,9,0.2625183991342366
4600,1,59,0.95
4657,2,21,0.95
2279,8,12,0.2229349638260171
2938,12,31,0.19988947447535468
973,1,28,0.842083363371175
183,2,40,0.10621813661650163
1522,12,15,0.09945365246474952
2775,1,43,0.95
3280,5,16,0.5748257200365148
4416,7,13,0.4827264495316755
4075,6,21,0.5076930220753066
1491,6,18,0.14000333551706
3318,6,41,0.47279219217795554
4307,8,27,0.5033603044395227
714,5,15,0.1225432443831907
3071,15,26,0.1838179802932865
3665,10,27,0.27944443326534635
3676,7,48,0.45063461187776427
4670,3,26,0.95
370,9,26,0.05840301748104032
4166,10,61,0.22762238130265244
2568,3,61,0.7347592983736175
1490,14,28,0.12022324828469458
3454,14,44,0.23594469654244626
4235,6,13,0.5821326346890606
3707,3,21,0.95
2683,1,17,0.95
4173,1,26,0.95
3175,3,28,0.9046146136028741
4006,4,53,0.8346418210632878
389,14,19,0.05273670875853498
2580,2,11,0.95
3352,9,52,0.35178404434720734
378,15,51,0.05
3024,11,31,0.1996309754368088
680,8,2,0.05
353,12,60,0.07481434634262014
4376,13,55,0.3812224779457236
4876,3,5,0.95
924,7,24,0.15505169490074103
3932,4,8,0.8656313327532181
799,5,31,0.17791253612057858
1480,4,27,0.30200978927473865
3996,9,2,0.3509289662532199
1773,11,61,0.08563600911280633
2827,7,30,0.42964496114368117
3256,13,26,0.1986921392397593
3488,4,41,0.7337898357207175
4407,13,27,0.2263389869634577
483,8,18,0.05
441,2,32,0.13452384338801388
2087,7,62,0.23048980651800116
4159,11,9,0.34695981768983714
3209,1,6,0.95
4182,8,2,0.4657164721322667
4615,13,16,0.29503923877663424
2898,14,37,0.2099398979061102
3340,12,8,0.22457290328868423
2088,14,47,0.14709026328871355
3514,13,45,0.2056219938767192
1949,15,54,0.16349052946981607
405,6,28,0.05
3713,12,36,0.31417467485147477
2849,5,61,0.4929297282792161
1235,9,28,0.19020953894453785
305,9,21,0.05
4691,3,19,0.95
3550,9,41,0.3157866353354788
3911,13,61,0.2075411358968443
3722,15,3,0.30541311364083623
3699,13,31,0.20149616126026493
2651,9,62,0.19924246902720721
4408,2,60,0.95
409,5,39,0.10648091983762133
2808,11,31,0.2032052190053534
2091,2,8,0.7786242120200263
371,1,40,0.3948678939820784
3742,7,14,0.5427746161119741
4186,4,34,0.9026028833435076
1922,5,41,0.34637122199503056
3373,4,58,0.7129302136027568
4638,6,31,0.6226840052658227
4449,11,31,0.39755323974693496
620,2,24,0.2391619172634339
1076,8,46,0.13997775400128087
3822,4,25,0.8071575298173667
3651,8,21,0.37972274413016077
4205,3,29,0.95
2873,12,57,0.13976648193499058
2652,12,20,0.20889050599415016
2932,11,62,0.2005352654476696
4007,5,50,0.6750585858109748
252,12,14,0.05
3064,3,62,0.8665904889972358
3016,12,17,0.20344821391418724
2900,15,57,0.1935294320331053
1852,13,16,0.11463107123494683
2710,7,12,0.3106060424254344
3975,15,13,0.25776963524236646
1204,3,23,0.3357792495342654
2636,15,26,0.1580576884275763
4299,12,4,0.34583155555199036
3954,8,25,0.43298252433565954
3594,9,26,0.3793723424278314
2014,13,10,0.050052452212932655
3172,12,29,0.35243409354772587
1106,2,47,0.4968604654135423
506,3,31,0.17049636260936527
266,12,8,0.05
608,13,61,0.05
1761,7,12,0.24557668526838908
3764,5,11,0.6827865964962387
3589,10,4,0.21382416126099707
4958,7,20,0.6345315659891063
780,2,3,0.40220045872471655
2624,14,18,0.23137682161450512
2220,14,30,0.15870430447285572
4777,4,3,0.95
4457,1,54,0.95
1463,15,17,0.10197099770562407
1431,5,50,0.2567308174308826
2392,8,11,0.2228234681034489
1638,1,5,0.95
3508,7,44,0.46047520411024667
660,7,27,0.062351642793386064
1199,7,59,0.09373111206210846
2003,15,50,0.05566764259803691
274,1,61,0.2192584873423534
2256,12,59,0.09551876953935046
2330,11,25,0.23044683609172756
4387,3,13,0.95
4260,11,22,0.3785885695773582
4020,2,43,0.95
1597,15,17,0.05
3954,15,37,0.30751729680100093
3271,5,36,0.5051422757120877
1667,2,10,0.6993571185068996
1251,13,7,0.05
468,14,45,0.05
142,5,2,0.05341077953463705
2007,5,15,0.32806324777230494
3590,4,25,0.8135999675510663
2635,11,11,0.11043741596537662
4273,7,19,0.5078019416416313
2973,10,46,0.2221888070253258
1924,6,10,0.2549371431867716
1393,2,28,0.5716128295529962
4869,15,56,0.30265857891251147
4896,4,20,0.95
4954,13,37,0.30880758209732545
3486,14,4,0.29459648189527876
3072,11,39,0.17172786787409688
4022,7,10,0.42451680011615384
1092,9,11,0.19397469345960672
2486,9,10,0.31563157756990745
2340,12,18,0.07282985177009502
1576,3,43,0.5449296010740594
3507,1,39,0.95
489,9,49,0.05
1099,8,50,0.11475312975299219
4720,7,44,0.5404309785681852
1955,6,21,0.27156053496865845
758,14,8,0.05
2863,15,5,0.10018401513510625
3763,10,58,0.24749209324249347
1581,7,63,0.19897324777787057
3831,11,11,0.2501997551896074
551,9,22,0.05
2575,6,15,0.3842143433310203
3322,15,26,0.2105991077336504
1637,14,18,0.12351200251265773
3193,14,62,0.1939513296471385
982,10,29,0.05
4508,3,15,0.95
4168,13,53,0.3112514146788616
2666,14,56,0.27015770126442185
3377,3,14,0.95
474,4,35,0.11467414429265627
4646,10,42,0.4754966675343598
3797,13,4,0.24709144222137253
3162,14,5,0.1923187999975473
4790,15,45,0.2637418233534666
3350,14,63,0.1742027785790978
4695,10,16,0.5025241724275897
4659,8,21,0.4437617250571354
212,10,9,0.05
3297,9,51,0.2819612111207875
2478,14,6,0.16576329368048665
2024,8,3,0.18378675209299722
239,11,29,0.05
1524,10,23,0.05
3049,2,10,0.95
3268,4,29,0.6149224157626112
616,4,58,0.17019953603916
2716,12,47,0.1185673930881383
987,2,2,0.3787578414346677
3204,13,53,0.19593042946440498
149,8,37,0.05
4051,3,50,0.95
3660,2,43,0.95
118,7,3,0.08714170932402862
4921,15,39,0.2735245919996352
1573,1,27,0.95
4161,15,32,0.2023096758814251
2706,6,52,0.36161642316671383
551,13,42,0.09976029416979623
3865,13,52,0.23633659651129624
2538,3,20,0.7253628640709873
4410,13,32,0.2675645158445343
1649,3,10,0.48512738297778685
3574,15,4,0.1669976988094667
227,5,39,0.05
4955,14,7,0.16349881692951762
2861,3,50,0.8201375546857318
4556,12,46,0.33279298617732916
4764,4,46,0.95
1515,13,8,0.10305636547759256
301,13,42,0.05
2469,15,26,0.10484109408066894
617,3,26,0.16636670038079196
1441,7,51,0.13505248224056787
4876,3,2,0.95
2088,14,55,0.11653863189628
3645,10,23,0.33665235831700807
4620,4,21,0.95
3902,2,14,0.95
3375,2,41,0.95
3754,9,22,0.2818769364844898
2534,11,24,0.19492182785422632
4973,1,42,0.95
307,1,62,0.1955077914132521
2733,10,34,0.24223357821920122
4217,1,10,0.95
253,14,30,0.1284803955993631
3466,3,62,0.95
4414,2,53,0.95
4864,3,56,0.95
1618,14,33,0.05
2700,5,12,0.5639469935238731
2295,9,53,0.18510077324485935
4598,2,37,0.95
4791,12,30,0.3066904991108661
3654,11,49,0.2268642965361043
2514,15,32,0.08634950262872054
2949,14,15,0.09878886574712156
1842,1,53,0.95
1406,11,55,0.12554121140914748
3949,6,54,0.5214461971648278
4268,3,51,0.95
4676,13,26,0.28725748222620234
4755,7,60,0.594100246877261
4940,6,55,0.7965759178085792
4295,11,27,0.37661457789917935
2655,7,23,0.32568226476832157
2405,13,10,0.1118826721629686
4608,13,34,0.3577160059845103
1188,5,24,0.20372912117770048
2742,1,36,0.95
1277,14,21,0.13505535773738456
4857,3,34,0.95
3094,3,36,0.9042957427616134
659,7,47,0.05
3064,15,31,0.1345172433481758
1371,14,47,0.10518552523930022
1913,13,56,0.11963549016061235
3015,3,31,0.8244928134999899
709,11,23,0.05
2561,5,46,0.47487149905788195
4220,4,2,0.7966373533418106
383,4,16,0.12362528180633112
3028,13,26,0.19664991830643672
4496,7,21,0.5385644054102446
1191,1,8,0.95
916,7,17,0.06581922727795839
182,15,53,0.05
2020,8,24,0.22869801213564792
3591,3,22,0.95
3244,15,2,0.17522592853910457
2193,3,48,0.6035083427139025
4813,4,21,0.95
275,15,48,0.05
2804,13,20,0.0915082076409984
469,6,7,0.05
1918,14,39,0.06222673469488127
2201,7,33,0.253923570881646
4885,1,2,0.95
3590,15,31,0.21668985238115998
1879,13,63,0.17986260363572137
1464,4,17,0.2890141921227325
4562,12,28,0.33041608833983915
3442,7,19,0.3861043642954202
4839,11,14,0.36142654676446856
3776,2,45,0.95
2526,1,51,0.95
172,1,29,0.10961995939176186
3062,10,11,0.26044738794973005
959,14,15,0.05
3956,14,53,0.2167207083037118
4238,6,30,0.5296081234423419
2524,12,58,0.19690310747346645
1164,5,12,0.18895109022953938
2317,1,51,0.95
4117,10,60,0.39503753573859146
2359,3,57,0.6531804019535488
3851,15,28,0.2802283496021791
2186,11,45,0.21787733139444843
468,7,18,0.05
2904,12,61,0.27489392429914516
250,9,57,0.05595146805362175
1234,13,4,0.14300336812583286
2884,9,63,0.17560257884134411
4264,15,32,0.27040828772909675
2446,6,22,0.3553041682587235
4997,3,34,0.95
2350,1,2,0.95
160,3,7,0.05
3110,10,52,0.261663650763469
4001,2,57,0.95
1437,11,5,0.07135520513250834
1284,5,23,0.18654143657782363
4526,8,14,0.4377877233340576
1651,5,59,0.3217169847915772
4533,1,45,0.95
1729,3,58,0.3980228194589626
1427,12,31,0.13838545006350997
1626,5,41,0.3167089543694401
1773,7,53,0.20505385065118426
1461,5,27,0.18711522247960985
1673,14,57,0.05
2786,10,40,0.2339076224723186
4470,5,54,0.770632434344475
2466,7,40,0.25292999724203447
3857,13,8,0.28734477129807523
2534,15,15,0.06919836382752699
2093,8,62,0.2215957234875913
969,14,27,0.05
1114,8,19,0.06859888472335228
2011,7,56,0.15179670085769303
702,13,52,0.07320578077545331
3921,14,57,0.25044651170932225
790,3,25,0.3418894224162924
593,11,58,0.05463726176327969
589,2,60,0.22392844535202175
2656,1,53,0.95
4585,6,59,0.6860958996801036
394,13,52,0.15740032900093887
4127,9,26,0.432579687431746
2943,3,58,0.8280859352549509
3012,5,51,0.5054888140945311
1817,9,33,0.08666041847922445
2696,14,7,0.20446490488735986
4844,14,17,0.25242497504403594
1973,9,4,0.12260585269391033
4763,7,22,0.5576641933109774
3358,14,33,0.16093058037106664
2917,4,3,0.5615155490050965
544,11,48,0.05
3741,2,21,0.95
4558,2,12,0.95
841,4,52,0.18725924062635915
2141,1,19,0.95
779,14,55,0.11372984429371866
2567,4,12,0.5061804279325405
3797,12,36,0.20978496533488322
1458,14,37,0.1276322750867757
162,11,39,0.05
2659,6,13,0.4363991616841513
3869,6,62,0.6177301226073424
4451,7,61,0.46080839073397273
234,5,32,0.15031613246302003
3744,9,54,0.2290885729548233
2235,2,37,0.8678360960371219
3378,2,62,0.95
922,4,31,0.2595136586078968
3174,15,45,0.20228690825770818
3081,4,5,0.6556928382866813
220,4,3,0.05
1737,1,45,0.95
1024,4,14,0.33524323893787694
744,12,27,0.07744525351074674
2132,5,30,0.33892608144881164
2861,9,49,0.31897122999639566
2168,3,37,0.6095070423973232
341,15,29,0.05
2768,3,9,0.7349238851001739
902,14,6,0.08080552789299388
4264,5,33,0.6966034226198908
295,10,31,0.05
2287,6,15,0.20145307520315212
3615,3,48,0.95
2430,1,63,0.95
2459,10,44,0.2567756701396535
4941,8,11,0.461732646113115
3706,12,11,0.2190995355299286
376,1,57,0.2457169644184885
160,2,7,0.10811328121450328
3490,3,17,0.95
2013,6,61,0.22475727712921428
4027,4,27,0.7926616463545632
2691,4,22,0.6002619049293451
666,15,37,0.1391462189834857
4035,9,59,0.39600460190003595
1671,6,42,0.28949443907142947
4817,12,43,0.3213140919416037
1300,2,31,0.48854766502887165
4509,7,6,0.5284121528678254
2954,15,11,0.21840513383248195
2995,13,49,0.16367534505019063
1336,3,32,0.35379001887955186
236,9,12,0.1330935384641584
1129,6,39,0.2449991813706736
2256,8,8,0.24216385616575897
2694,13,60,0.23166201684664928
761,13,13,0.05
2572,1,60,0.95
2777,2,46,0.95
2408,6,50,0.35552015869385284
186,3,42,0.05
2612,1,61,0.95
3042,6,9,0.39447986443766714
2873,5,29,0.41048558244163846
2604,13,60,0.11945149515005235
3410,9,17,0.4450395677157406
1800,6,54,0.3115791061107205
3770,5,4,0.6456548460148743
2800,1,38,0.95
3729,15,33,0.22801708226077186
4690,1,22,0.95
1747,11,58,0.148526788689825
3418,1,56,0.95
3787,7,46,0.4392957105484708
696,6,19,0.1688577133237342
4645,14,54,0.2643184498293935
584,5,49,0.05
745,4,58,0.16832494527352374
3189,11,47,0.2319649061275273
4857,14,12,0.2763394548096993
4953,13,62,0.3615058960663293
4484,13,51,0.2692698842230273
820,11,9,0.05
4833,8,13,0.483920207832811
598,11,52,0.05
4829,8,53,0.46547862245494054
1773,5,3,0.344433334016024
3167,15,42,0.12482874242169942
214,4,23,0.05051158156898079
3079,15,10,0.15444452394014693
4869,2,15,0.95
1836,7,16,0.1167380107739413
3711,5,12,0.650690846897739
2353,3,62,0.6395809270777895
2394,9,14,0.2702419079520889
3730,9,57,0.36535989374378475
246,11,29,0.05
4082,15,26,0.22714812558054892
3553,11,38,0.3811400039131116
4607,10,7,0.34376234636379566
2510,14,56,0.1640092607557062
236,11,38,0.05
3460,8,34,0.2797399659744072
3105,1,26,0.95
3652,12,51,0.17573506032669167
118,3,24,0.05
2342,2,61,0.8947013911706874
548,4,57,0.13323229331227326
2048,2,9,0.7903390140785587
1045,12,18,0.07197537439480409
4336,11,32,0.24726104077373834
2020,8,27,0.23419596847974586
3077,1,56,0.95
4288,4,58,0.8841346184181583
4115,5,12,0.6928352973248512
338,14,63,0.05
304,10,31,0.05
2707,4,12,0.5631073174857743
4440,8,4,0.4391864294194854
3488,2,41,0.95
3072,9,41,0.26403170085961086
4490,2,58,0.95
2787,2,57,0.95
4266,13,54,0.2600891072956669
1448,2,22,0.5687899926410516
4500,12,36,0.3305689782917433
916,10,29,0.08743652926456477
920,8,23,0.12238975700330887
292,3,43,0.05
1876,10,52,0.05
3745,11,47,0.28366305766574135
4724,14,19,0.3223496839133417
350,10,24,0.05
1888,15,27,0.19414222936211817
3800,14,36,0.2200174542656383
2563,8,30,0.230184867247975
1267,7,53,0.1716555194551941
3993,10,47,0.40180130430048216
1196,4,12,0.24701108717458456
2779,7,43,0.3685173661145278
1947,11,57,0.12636477573433924
4004,8,47,0.3970781681909953
604,6,2,0.1398189005638563
1721,6,17,0.15045579545389098
2572,3,26,0.6619918686784025
2646,5,63,0.47002907655610293
1487,10,39,0.106736645488742
3094,2,19,0.95
3916,12,17,0.2985916745624076
817,5,20,0.07025948702019448
3584,5,17,0.5310152272449745
4534,7,6,0.5974089329844108
758,4,28,0.13861008181582465
4108,14,45,0.2107325447271528
4624,11,7,0.3688130443024365
4334,6,58,0.6509128721574622
3864,9,35,0.396708327813857
3089,4,17,0.6666327552173087
4737,11,54,0.41674607899089494
2204,14,24,0.15667012946640077
1355,6,44,0.1604885940731004
2582,13,45,0.178620658530956
483,12,33,0.07270863943600721
2707,9,44,0.21018478749521283
293,10,24,0.05
3907,12,21,0.2811764364253973
3819,1,20,0.95
2681,8,30,0.27810801204824676
2665,1,9,0.95
2863,4,30,0.47211167553706385
2898,3,19,0.884964794949026
2439,4,6,0.5469055364433789
3506,14,13,0.24507909829318397
831,7,11,0.1310405164821945
2972,13,48,0.22704874210941756
3220,14,38,0.2612194826476251
4880,9,18,0.5077999237775409
4277,9,33,0.4174242361151021
2704,10,56,0.2656172236903878
2482,1,5,0.95
631,15,32,0.05
4416,10,27,0.34258949129888994
734,1,13,0.5906502496382385
1869,9,19,0.16455141397648573
3904,4,9,0.8014607817969148
2470,12,33,0.11378453612885397
102,13,21,0.05
305,14,50,0.055049159023177044
4235,3,41,0.95
2721,13,14,0.15819889250496108
4839,9,60,0.48577410426437423
2990,5,24,0.507803565512984
3293,12,4,0.27275215042844925
2766,6,36,0.4209243758321635
3406,1,40,0.95
997,1,51,0.8421531363396525
1185,13,22,0.10596749026976057
1379,14,8,0.05
770,7,55,0.05
1605,10,27,0.13283238773104694
3675,15,24,0.09924266635022655
4914,8,33,0.3458630720484772
2055,11,3,0.18572136915163873
349,8,40,0.05
1992,14,3,0.1034801955673325
3539,13,40,0.23891724124047792
1953,7,47,0.2304723749463064
2954,13,16,0.15100947685889546
1603,11,17,0.2194261777605443
3485,9,57,0.31875923656130245
3671,1,27,0.95
3892,2,9,0.95
3526,13,17,0.20718798942206862
143,3,22,0.05
3712,13,40,0.241673378726953
2718,12,12,0.23825238799178722
4778,13,25,0.18981863068007948
3263,5,37,0.6201886993958303
1388,4,19,0.19542697090741595
3042,4,24,0.5948846031634074
319,15,14,0.05
2025,8,50,0.23144812774980505
3072,8,45,0.3100296867092761
3613,11,51,0.24978377309627597
2548,7,43,0.3036964124064164
3571,1,40,0.95
2874,10,45,0.29367955394598866
1090,15,45,0.09514011061296336
3046,4,59,0.6569201349729739
1912,1,46,0.95
903,11,2,0.085816517852967
589,14,8,0.05
3656,5,49,0.5288993902471084
1593,3,49,0.5356686214996008
3745,3,22,0.95
2991,4,17,0.5626598287583582
1805,2,49,0.7886998380466669
3616,7,15,0.45352361586931755
3440,12,44,0.19172495268488576
153,13,52,0.07907294823239314
2675,4,44,0.5655585039034529
3691,5,3,0.5577683484384337
715,12,32,0.05
1054,14,40,0.08353667041447548
2533,2,10,0.95
1729,6,42,0.20338851765820762
2881,9,15,0.28799106876593517
749,8,59,0.05
2447,8,11,0.23140437867233354
4590,2,49,0.95
3378,15,25,0.2212916856672497
2740,4,51,0.6327575674287992
3901,8,34,0.32103415141783187
2661,11,57,0.15238417914322952
3349,1,35,0.95
470,8,21,0.05528361519345784
957,3,29,0.2760767031081047
4986,8,5,0.47188917274927344
4853,6,35,0.6521920716051763
483,7,5,0.08039959088812229
3977,2,56,0.95
2652,15,7,0.1103483884912754
4434,1,59,0.95
4390,6,23,0.6370183063520801
2825,12,5,0.28604108327986455
4134,3,51,0.95
3393,4,6,0.8023291355753825
4351,13,12,0.20684100726973992
4088,15,46,0.24770766136845632
1022,9,36,0.08116788052300562
3015,3,20,0.8362748905488983
3050,2,53,0.95
3146,2,12,0.95
1074,2,12,0.4765983273697722
1330,6,54,0.19538852986053054
2535,2,28,0.95
1914,11,3,0.19066979364548153
3034,7,55,0.3279534088234645
1463,7,48,0.13496601698193317
4040,7,55,0.40557273208011385
303,14,9,0.05
260,13,35,0.05
4587,2,41,0.95
868,7,57,0.053144927740061486
3848,10,21,0.2847238929575957
2681,8,24,0.24975300326830002
1193,8,16,0.08332404990283793
4600,14,49,0.20741845766481487
707,2,14,0.3270456321032702
1640,5,56,0.26468141053330657
2975,14,32,0.15011645415421226
3291,6,50,0.4245096920546749
1937,9,47,0.18563663829536567
789,6,62,0.07737607487151396
3859,10,15,0.31817530429566954
3049,6,2,0.4473493902778311
2203,10,57,0.20080212873665132
465,10,28,0.11063838792284483
3675,15,34,0.25308484076639026
4650,6,36,0.6623589050251473
4299,9,55,0.41714022385013994
4272,10,57,0.4540258107149655
4425,7,16,0.48687831866903675
2478,1,6,0.95
1305,1,38,0.95
3939,14,5,0.27614805115678265
2835,4,47,0.6225502190626514
3447,15,21,0.17922511354731674
1775,12,40,0.1881494632097532
398,2,23,0.16884417488573333
1056,3,25,0.3101160977108632
1214,12,48,0.05
2605,7,12,0.4227540828973908
1574,14,47,0.05
4560,7,7,0.48068518481247496
4546,14,28,0.3016596373426413
3826,12,11,0.2742621238431275
3571,3,40,0.9153002166887467
2928,13,11,0.14482339392914934
2950,2,47,0.95
2606,15,27,0.10761422436392741
3870,13,38,0.25789260592771934
3064,13,55,0.24295704448741628
4694,1,34,0.95
1049,9,52,0.05
4703,10,61,0.3886085956105092
2950,3,9,0.823673415357387
265,9,52,0.05
3586,15,63,0.20919221637599444
2609,15,50,0.14909645307091238
1019,4,52,0.2703632500656438
213,15,29,0.05
3604,10,49,0.22471351771425183
1091,6,37,0.08565178608330182
3939,13,41,0.2978787432713591
1358,7,26,0.18631665902025124
3526,10,37,0.28003182977540597
614,14,14,0.06015990710850333
4904,6,61,0.7117053007978484
3296,1,8,0.95
4534,6,2,0.6181601743774217
2684,11,10,0.24317421848009235
167,14,60,0.05
1696,6,29,0.16186930600293514
4578,5,37,0.7823981711674532
118,3,47,0.09608784244963305
2830,10,31,0.2748091062676267
3621,3,10,0.95
672,11,31,0.0597200680389729
2358,10,36,0.15425860737848351
3002,13,48,0.2020946741300547
750,7,28,0.07056221619012747
2687,8,30,0.29628454646547203
3362,14,6,0.2030555354234551
1438,3,2,0.45089580548678165
3734,3,44,0.95
2927,7,52,0.2315873382947667
2317,10,6,0.19701163209764982
3639,12,55,0.2349226608530955
1137,7,30,0.10939923758691315
4483,11,57,0.3042882577331402
4078,9,18,0.37579120172076436
3061,14,52,0.20282557086448408
3326,6,50,0.4894411538733238
1198,15,38,0.05
2424,13,25,0.15020038018107884
1039,7,53,0.05
3816,11,62,0.33360840090857874
3514,10,28,0.3239324772379321
1548,1,10,0.95
670,7,55,0.08419195203943179
3004,2,39,0.95
2605,7,60,0.3319608867550121
1017,3,54,0.3050669790979955
1974,9,14,0.2206819175438992
1778,13,27,0.1450507231645921
715,5,54,0.09224496670994342
4601,7,12,0.4962886574862934
1849,8,56,0.1577884019084477
3925,13,25,0.24532964607537974
4288,12,56,0.23458454069227563
2577,2,34,0.95
4849,11,50,0.35006206117309413
3605,1,59,0.95
3575,7,7,0.4491291270759089
4629,15,36,0.22119681217099432
1235,6,17,0.1861141240676748
4100,6,14,0.5904855449813933
474,2,45,0.11074181632149815
306,3,58,0.18878704285892467
4975,4,12,0.95
1419,3,24,0.3491261692888056
1241,2,3,0.518092681816656
4727,3,61,0.95
2790,14,31,0.07809971819643632
3355,6,20,0.49413357859089146
189,9,41,0.05
4208,4,46,0.8897264688519358
3120,6,47,0.348760615106663
1957,1,48,0.95
904,12,50,0.05142695328009837
1044,6,16,0.08233174813073416
2889,12,54,0.15512779038370234
3975,3,43,0.95
1710,9,34,0.13647954852069596
3023,4,45,0.706158986410039
3982,7,42,0.4261133122789598
3321,4,56,0.6631597745608336
4491,11,6,0.31943669661895335
4835,6,23,0.7102671490440293
2487,14,28,0.1604505790826973
4823,7,48,0.5825842257220739
1041,2,36,0.4856197634594927
2666,10,20,0.252488847197635
1075,6,40,0.08129524737790261
1054,8,8,0.15752463390664506
1362,15,40,0.05
1043,13,35,0.11611186196690834
2302,13,35,0.1695825141618841
3427,15,28,0.21880088343787948
4374,12,45,0.2817153604181495
2359,6,6,0.2735038855803059
1928,2,5,0.7957592093262359
1357,4,8,0.2973556115470795
564,1,49,0.4986798603633437
3394,15,4,0.16276893322626154
1330,7,22,0.12458985749511588
2754,8,35,0.27098105401096945
984,10,50,0.1219458804109618
3905,2,10,0.95
3956,10,62,0.3156506300486457
3235,15,21,0.1450210430264209
1024,5,41,0.19552033246285178
4689,11,62,0.4088059177139374
1646,8,13,0.08996479812046182
1194,11,40,0.1063390419898482
2511,8,47,0.30578172291712424
2717,15,29,0.10186375675756681
862,5,49,0.19208230652329014
2423,8,34,0.20267408070526097
4245,14,11,0.2823047650907044
2875,6,12,0.45792266778268487
4759,15,8,0.22647853237954185
4978,15,19,0.2633391914023915
3255,5,20,0.598177248563076
4070,13,15,0.1425953198402698
2140,14,18,0.1517306661861109
683,11,24,0.14164819467142545
4431,4,20,0.7740950976407102
2203,5,55,0.4210355988666606
2042,12,61,0.18305469177999772
4555,4,46,0.94626855730637
209,1,56,0.19465934039628624
291,3,4,0.09311643097736205
1003,8,35,0.07726742256667778
961,7,26,0.17626259677573386
1183,12,42,0.08183978630672528
749,15,32,0.06129200225058065
4234,7,40,0.4560445094924344
3711,11,15,0.16439018837955366
736,3,38,0.1455026086202139
1136,9,53,0.19664386386318727
4231,15,48,0.2672657044944194
2248,6,21,0.29062018199667344
3965,8,33,0.44163948350934
3257,8,34,0.36041350798838145
3687,3,53,0.9341215058743276
3394,4,32,0.7495774964756652
4361,14,8,0.16417808881313609
2530,6,63,0.31995137764249765
1979,2,6,0.7755768076311785
4066,12,58,0.2924146267227868
3813,12,5,0.27534079244692283
4226,11,12,0.1698926597632513
4206,12,20,0.3535879360597712
2111,7,39,0.2544319585807097
3473,2,21,0.95
2243,11,28,0.17158167623794024
2600,5,30,0.4421351012471017
4681,12,19,0.25335199381244733
1389,4,38,0.25047858923236677
1547,9,63,0.13248769535255248
3299,13,62,0.24627531954685625
2043,13,53,0.1084271250659393
3283,15,48,0.14642810155439312
3316,2,54,0.95
3236,7,61,0.40316193902495034
3418,13,26,0.2145232723327283
2882,7,21,0.29895582642382224
1090,7,7,0.12008212716367433
2253,1,37,0.95
325,8,50,0.05
876,2,16,0.2850943659462313
2937,15,19,0.09522310908680759
787,15,39,0.05
629,5,57,0.05
3542,2,26,0.95
2253,13,21,0.17677498848986561
1394,5,23,0.2814328016995277
1626,7,52,0.21207904853457044
4874,6,13,0.7177401088191702
2996,13,42,0.19303431455561074
3203,15,41,0.1253112759028806
2540,12,61,0.21068046367885293
4235,5,48,0.7301680952236262
3902,4,34,0.7859190001758677
944,8,30,0.06721255676041055
546,11,3,0.05
4015,14,27,0.29564204533725935
3209,8,63,0.31547426507218757
1334,1,58,0.95
326,10,33,0.05
4243,2,59,0.95
3059,3,4,0.8719752717836086
1930,13,31,0.1440506173897938
3879,1,20,0.95
286,11,11,0.05
2977,3,26,0.8517444810244791
2635,10,47,0.22627028020087506
2032,12,20,0.18504981861695716
3024,8,59,0.13749152255686914
948,4,61,0.1636411941485648
2132,13,44,0.12432336854788298
1352,13,22,0.08900413609065543
1981,7,7,0.17513545391132845
369,7,52,0.058747189700097235
1730,11,15,0.1751731301224123
4505,5,59,0.7161981985222254
3303,12,9,0.18076775850679924
1674,1,3,0.95
2992,10,55,0.25729582932683004
1795,4,19,0.3856331329794379
3358,7,58,0.327149573882647
3362,14,23,0.3369235057758696
1545,5,58,0.13409051615807627
319,2,31,0.17619867281726062
152,14,37,0.05
1857,8,29,0.34452673386541915
1766,2,36,0.7577968115200121
2885,11,3,0.2719024691320031
819,8,57,0.11020852909930015
505,13,37,0.05
2394,11,19,0.1869819102274693
171,2,44,0.08927921344096983
2153,11,10,0.1867790845199932
1329,5,29,0.28065326893412595
1667,4,9,0.3586507320648964
3782,1,54,0.95
3053,14,9,0.14368712209934348
4582,12,6,0.22995654111669211
798,8,14,0.05
926,10,8,0.05
448,12,22,0.05
4008,3,30,0.95
407,13,38,0.05
3516,4,46,0.7104729456391266
2434,4,53,0.4560685639763856
4961,5,62,0.95
4920,3,49,0.95
2909,9,63,0.29134824234107537
3658,4,15,0.735041827859163
4578,14,38,0.2993412172827066
3577,10,56,0.28597950176188536
4720,15,52,0.3047589317072154
2786,11,5,0.19108072023635012
3085,11,57,0.23807787797236782
375,4,23,0.05
2647,6,57,0.29890190340845063
2864,15,12,0.08139995394980164
436,8,35,0.1212369064444398
2073,13,46,0.1794869924368298
3079,7,17,0.37629096832739406
4676,4,10,0.95
4068,4,17,0.7968093894502873
1010,5,40,0.24271059464768133
2096,10,17,0.17951401373717818
3229,5,32,0.5262508268812759
4304,12,32,0.3496298172333299
3857,1,14,0.95
427,13,6,0.05
1899,8,60,0.24090227309165002
414,10,48,0.05
3645,13,40,0.24752186556480166
1234,5,19,0.18507225271866895
2846,3,60,0.7356967836462052
4976,3,21,0.95
1620,4,56,0.3065015574844683
255,12,3,0.05
1824,7,41,0.2298881818669867
3443,5,31,0.5839888527516706
986,1,11,0.8615124560132668
3173,14,43,0.18608988044487185
2905,12,12,0.2964879017083077
821,13,54,0.07148859130422738
1012,5,30,0.11931971786190285
3457,14,54,0.13885647546865826
970,5,41,0.1782952582248953
4208,6,17,0.573705265551669
597,14,49,0.05
1856,7,62,0.21307384254435677
1217,5,62,0.1752864929204787
3509,15,29,0.17275263905860208
2928,13,18,0.2555590503593091
1747,11,39,0.16824378163432124
3083,14,51,0.23589526504021407
242,2,50,0.1866824091086094
2861,14,45,0.17654844969101888
3535,2,16,0.95
4760,13,32,0.32145849006322974
2531,4,62,0.5827739186441373
4612,1,8,0.95
1948,7,61,0.20256312364041854
2796,13,47,0.12205489262057563
1817,1,31,0.95
3172,3,37,0.8836977879880381
1167,10,50,0.05
2886,7,27,0.36174883254778617
3891,11,12,0.1884154804606204
1388,12,60,0.1899087248827298
3971,12,7,0.2071870635505662
1906,6,43,0.23211205496937812
1604,15,30,0.060230118354446444
3408,15,29,0.26253055510302
3051,7,16,0.36285234241858055
171,5,30,0.05
1790,8,7,0.1828516435305441
1444,6,49,0.2027955147389488
3403,12,13,0.25566073177988397
3213,4,52,0.6146395660689971
982,14,17,0.10267796295628967
4334,11,47,0.33483414991245714
2762,1,39,0.95
1604,2,59,0.6596587093369466
2563,12,10,0.1742131497964671
2653,6,23,0.36018703290497706
832,4,34,0.2359167406529371
1848,3,27,0.5475753260584441
4024,7,55,0.44249064339255556
523,7,41,0.19603219765017332
3578,2,8,0.95
1691,8,47,0.14988910985222836
4585,15,33,0.3029128492417885
4537,15,41,0.24402799139451778
4809,11,44,0.3104103244616715
592,1,61,0.5549499010219061
291,11,25,0.12216902299174355
598,10,42,0.05
1356,7,52,0.22265151340387426
2068,10,40,0.1476220859786609
4422,12,39,0.2029847743628273
2286,1,51,0.95
916,13,38,0.05
3320,12,20,0.194046330543837
1573,15,44,0.07363762019690823
1186,14,6,0.06894981382282644
4299,3,31,0.95
1974,3,60,0.5176656211412842
970,10,26,0.15062266930404017
4863,14,31,0.2848889425920391
2142,2,57,0.8381900665016166
372,14,26,0.051856245016416086
1129,10,10,0.18409053670652464
3318,13,28,0.18966440626946973
4169,5,25,0.6426301270679056
1151,4,63,0.21096090232830272
4133,13,41,0.17811030447129217
1673,6,44,0.24765123721046725
3290,2,60,0.95
4488,14,55,0.29921970144477417
3897,4,39,0.7985564153982785
3389,12,63,0.2700373556228461
3847,7,16,0.4448337564089242
2205,1,39,0.95
407,13,27,0.05
3459,11,55,0.27599455118288
3276,3,62,0.8771749214377187
1351,1,31,0.95
2847,2,12,0.95
1617,9,30,0.20483601956671227
1478,10,16,0.11057074336645675
4991,5,45,0.7944077772076267
2061,13,10,0.13889025577215858
4405,4,43,0.95
2963,12,30,0.25963396966662955
2756,4,16,0.5340976404412151
2594,8,18,0.27003296167623725
4667,12,17,0.29081326462148227
4105,3,59,0.95
3663,15,23,0.20422242423246784
1022,12,41,0.05805226306964305
4332,12,50,0.24878240963623652
4562,4,44,0.9174875521505472
3059,2,12,0.95
283,6,39,0.05
3458,12,26,0.2393722822019417
1498,9,55,0.10377696762025075
2896,12,31,0.22451475751639674
636,4,3,0.09815723341607527
1373,11,2,0.13572284020766154
3067,6,53,0.4113478253346094
3149,4,39,0.5487526145213375
1196,14,59,0.05799244435559796
1405,2,59,0.6106697255178433
1015,13,58,0.05
3181,14,38,0.17953737549955764
4347,6,56,0.6349747639414172
1128,12,55,0.1543277293664215
2077,7,55,0.3049450674461542
3454,4,10,0.7250249901461235
2611,12,6,0.2093052346879674
370,11,51,0.05
1286,7,25,0.07798744932807933
4655,13,28,0.3617076536362262
4300,11,31,0.39155865117333577
3864,8,52,0.3186884944217334
2498,11,16,0.17011633539264023
4629,3,63,0.95
4335,15,48,0.2517930525890425
4282,2,10,0.95
1811,5,47,0.3627439535587657
2330,2,38,0.95
228,10,31,0.08377554775679368
1369,5,50,0.23243344692123757
3772,10,16,0.20659320643418144
1701,15,21,0.18484642799905257
4865,13,58,0.25648879708048367
4070,6,50,0.5434190151084001
4344,8,57,0.5125511551367082
727,6,57,0.2150088070514491
3897,4,26,0.8085822216591045
2144,3,10,0.6134398319932369
3652,14,46,0.15810020254944138
2441,14,23,0.13145720320664694
3314,2,14,0.95
349,13,38,0.05
3025,1,61,0.95
1074,2,29,0.37767562199054877
1425,2,15,0.5218449188394363
1083,15,31,0.05
988,5,40,0.13284610753796747
3037,9,58,0.3290410503664566
2217,1,6,0.95
2772,4,13,0.5186080473011386
1426,10,36,0.1387016008853178
570,7,42,0.05
2087,11,43,0.10342718958138444
190,14,62,0.06431653236904501
629,10,2,0.1171142356643654
4856,3,47,0.95
4159,8,2,0.39150851745155824
4934,3,43,0.95
2873,8,63,0.3264662584435282
1786,13,44,0.15159442433305184
291,2,61,0.1097619112253295
2086,5,21,0.40792045466402815
3723,4,35,0.673346807783092
2285,11,56,0.1444694648547025
4540,9,35,0.5311419339909875
1108,3,56,0.30706922687666943
3883,12,25,0.24576805763060935
4398,11,29,0.3568943226863087
4768,5,12,0.7468508696872592
4387,10,9,0.24901833018120623
2152,9,36,0.34938821928444463
3408,13,42,0.17552037175261131
1816,6,59,0.2633414369412409
410,2,17,0.17951990287233585
4638,1,59,0.95
1360,12,17,0.054763510240503306
4032,11,43,0.17638804074624176
3368,1,7,0.95
684,7,21,0.08295673296007941
2899,14,57,0.17768827236574883
459,12,53,0.1100251391787397
2966,2,53,0.95
2111,7,12,0.26172169209746304
4106,1,9,0.95
1725,4,21,0.3294710297255752
2864,10,33,0.3388421721257936
990,15,34,0.05
831,15,7,0.05
4061,13,29,0.3146074372503379
4801,11,9,0.45901252506384443
2604,4,63,0.5830168239022321
714,15,15,0.08034145059100388
3906,5,4,0.5883948377677354
1819,14,3,0.13401158429673427
4869,14,23,0.2744506153774478
1687,10,34,0.16422393737366847
1711,15,44,0.08109321041519545
996,15,22,0.05
377,1,7,0.2412503634847773
4747,7,41,0.5609435913537492
1736,11,8,0.1401097947259633
2258,2,7,0.8364360058204903
2532,12,51,0.14516395724268824
4004,15,45,0.2092217351914189
4956,11,9,0.4041173232695784
3362,15,25,0.15727914155141945
1549,13,28,0.13072477113581346
4600,11,54,0.3625126944058522
1332,13,52,0.12884905263470922
4217,2,29,0.95
777,8,60,0.06681852159856316
2758,15,57,0.18173703147624848
2128,9,6,0.14600694158423003
3858,6,20,0.5325014712242478
4724,11,10,0.4073847524316721
2137,1,26,0.95
2749,1,45,0.95
756,14,48,0.05
265,11,56,0.09349711316746573
4691,7,46,0.5625410871547192
689,8,57,0.09845693967671465
4624,3,14,0.95
2921,9,54,0.24456561358151038
4358,4,54,0.9192465556579302
1362,4,38,0.2553742285281586
171,3,3,0.09919902184532872
3616,8,52,0.43546179346863323
4850,9,41,0.4526736291309313
3680,1,15,0.95
368,2,62,0.16471568339595466
1876,1,32,0.95
2562,14,7,0.1146485933297241
1368,4,26,0.2304389440607128
1115,10,40,0.05581331155805831
2822,7,47,0.3052869548265459
1183,14,32,0.05
4201,7,39,0.48681128350038094
506,12,17,0.05
3176,6,28,0.46975043614326045
1085,13,31,0.07482925649175627
3703,11,5,0.3511435770285568
4585,5,40,0.7936089147839348
809,11,17,0.17838361978184047
2718,4,37,0.5087517344408097
4949,12,8,0.39355107430621844
1511,13,22,0.05
4721,14,3,0.3340075810342623
1585,8,56,0.18427830469190962
3050,7,9,0.3517884448128804
4751,11,43,0.3704414827909405
3034,11,28,0.20530222678784837
4214,10,3,0.32189200866659196
4770,1,7,0.95
1103,6,5,0.07219840862546434
2566,14,22,0.1692123114700895
2566,2,2,0.95
2038,4,39,0.4082397538880312
2039,5,61,0.31522603014558126
1735,8,13,0.19254156232492264
1798,6,28,0.30131304371853196
4627,11,15,0.4619435544618217
2191,2,16,0.95
1995,5,25,0.3740731709885342
4340,15,19,0.2017182741901264
3498,5,18,0.5531659444504853
1173,6,10,0.16269047472090067
2502,1,48,0.95
4995,8,19,0.49767897247839804
3312,3,57,0.95
4137,5,54,0.655906889206125
1251,7,19,0.08595653625051441
2545,3,6,0.7587634943360715
2056,14,49,0.1341891120523205
4658,10,10,0.37381875503214285
4007,15,55,0.15406594577267457
907,13,36,0.10737709058501768
286,15,45,0.13482595900132546
4927,6,57,0.709043540760045
4624,5,47,0.7388916154194708
1407,7,2,0.17938100672504007
2384,10,42,0.22680608055928506
4966,15,10,0.3007965723010117
857,11,33,0.05
4331,3,21,0.95
4987,13,14,0.2823322931728183
3954,14,41,0.25384795303871505
4366,2,12,0.95
2306,4,63,0.5379838712461661
3658,3,47,0.95
1680,15,49,0.12894677145204883
1061,4,44,0.20761162373651165
3947,7,52,0.3795801445856008
3675,5,62,0.6798264115085576
975,4,55,0.2093943441710858
2518,14,43,0.17053746581525225
4298,15,27,0.2796203192500998
1101,6,41,0.16580148146831464
3484,7,12,0.3219422410912516
4166,12,26,0.27171610892036324
2945,14,41,0.1512243129294951
1581,11,26,0.09735653037510485
3401,5,21,0.5565003220850225
757,12,43,0.05534489386574994
2880,7,50,0.43934753251122366
522,3,56,0.17117064397552736
3781,7,12,0.48614099784190806
4366,12,45,0.2798135895366329
2810,15,11,0.23048489889073648
552,3,53,0.16004097850585086
2497,14,50,0.14787719799042187
2075,6,4,0.19877223991770493
1757,8,40,0.2184238924054637
2641,13,28,0.2158708314196715
3175,15,36,0.22151990966184557
3264,6,50,0.3831634632041926
3066,10,56,0.3024761863239586
2153,11,41,0.1475454882955984
387,3,32,0.05
3317,12,22,0.33822863072606907
3954,5,23,0.7346417510054027
1547,9,63,0.17582817225087716
707,8,20,0.09985145685983965
4652,6,15,0.7244109089733409
1864,9,38,0.14821861268888661
1325,2,52,0.6762168749890277
1335,13,46,0.08768669024713967
1129,11,51,0.1353115551444034
2771,9,63,0.28353240779842764
4062,10,24,0.28819630527391626
4642,13,27,0.29856642930941185
3277,10,44,0.3472885277608376
3822,6,56,0.4921815325869249
1575,9,45,0.21381167955521913
2996,12,41,0.2412544499905607
908,4,13,0.1236721551911303
1078,5,2,0.1796573609836486
2563,2,51,0.95
825,3,35,0.17816638213798908
2601,1,45,0.95
3462,4,20,0.6534210450976794
1316,12,24,0.13526939154035245
4151,2,8,0.95
2297,12,8,0.1438809793943232
2906,15,2,0.16130430294359457
878,2,19,0.44164719520568296
1072,1,9,0.8300618294077602
2910,10,26,0.21735543652395783
2223,12,43,0.16208033455188492
698,2,30,0.2875972646949312
3441,4,24,0.7223609394970255
324,6,30,0.05
940,13,2,0.07424131697099073
1914,12,16,0.05
4909,7,16,0.655216127677387
1206,7,29,0.1400327738756135
224,7,37,0.16136109440530275
3346,15,43,0.16901428358281317
3031,4,41,0.6832003148375311
4225,12,33,0.2561058798499888
3071,5,47,0.5139639612387255
2117,14,14,0.0758354642471437
2515,11,22,0.17457972466617167
4690,12,50,0.28909558529268836
3196,3,40,0.9126011752006922
1709,1,39,0.95
817,14,10,0.07117173574194952
3661,8,21,0.524847293374892
1116,10,21,0.12833777514749523
3665,11,9,0.23099290278588067
4801,7,15,0.6928471162288261
4570,14,63,0.31757519187288713
2060,9,21,0.12112588818842322
1148,14,36,0.06727664863582161
1457,10,56,0.16159705872053956
3526,4,46,0.7627708394434035
215,12,22,0.05495632015774114
2195,15,42,0.17282858814537028
1901,12,54,0.10196911888567257
2246,5,42,0.3996296474116734
1720,5,55,0.2973615825455432
4880,13,23,0.30017095808626215
3050,7,44,0.40487839751069454
3892,13,7,0.2593553547437793
3041,9,56,0.33745324505732727
1077,8,45,0.12769427285468643
3166,7,28,0.36077052891714256
883,14,5,0.060576605471791584
340,1,5,0.31741994165746745
1653,12,58,0.11674174057043289
4678,10,29,0.3677124280919131
1112,13,56,0.07926063532792961
286,6,28,0.11107646728919054
1981,10,59,0.19851495831657734
4686,15,55,0.27858647937935
530,15,18,0.05
338,9,40,0.05
2445,13,39,0.10916523860349953
175,7,61,0.05
1456,1,53,0.95
2430,9,30,0.23054998982712183
4786,3,41,0.95
2002,14,8,0.05802088121904686
4113,9,9,0.37467696125824035
4770,4,42,0.95
2159,15,34,0.11859679050312556
240,9,33,0.05
1889,13,36,0.19332023837843726
3726,15,19,0.2535065244711781
116,8,52,0.05
4448,7,60,0.6341380550733435
564,4,44,0.1377959304860909
4571,9,17,0.38748151897509286
1927,4,19,0.39068501020018337
3128,1,60,0.95
619,6,39,0.05009559611183068
189,4,26,0.05
4915,10,35,0.4595842954718787
2951,3,5,0.7756166273745221
2943,12,6,0.25585006814773603
4825,5,54,0.8623958485112038
1984,3,15,0.5655495800282287
4271,11,2,0.40669766984384514
1025,9,62,0.08665380163984109
3834,12,23,0.3132604748544491
1069,6,47,0.05
1194,15,22,0.09997823924585497
3295,3,14,0.95
1504,5,55,0.2909997378942648
3464,8,49,0.3421539538243249
4390,14,63,0.18669681190182918
4082,8,37,0.4831343581665954
4423,6,30,0.5729001406323412
4113,5,60,0.6507274479745494
4656,15,39,0.24558809420658573
4813,5,10,0.8357626342154972
3192,1,34,0.95
4259,2,23,0.95
2174,15,18,0.12912963943194497
384,12,61,0.05
1287,11,24,0.12206919956493645
4069,4,37,0.8258440328443263
3065,6,7,0.46295220377927476
4419,11,49,0.30769913941340804
883,7,40,0.16323126253602616
1049,1,30,0.8278498752183457
4039,8,28,0.46750566591456844
144,12,6,0.057592632906050815
1910,1,10,0.95
4666,9,25,0.45183910160121243
2181,15,20,0.2023833224891013
3598,4,34,0.7643149305386302
929,12,60,0.07140692410377762
2009,15,31,0.09028499008250686
2681,7,59,0.34830618922181916
791,11,41,0.05
4119,14,53,0.27282019146888287
1031,6,56,0.18472246355690414
3506,15,5,0.21257500697151285
247,13,56,0.07558664065674214
1132,9,33,0.12890497635062217
1411,14,63,0.06964746432160382
487,2,50,0.11632741010417624
3221,15,2,0.15968189304001373
1973,15,35,0.10537997036952397
3688,11,22,0.31150564471116654
1015,7,32,0.05
1978,11,60,0.06443708534957406
3848,5,15,0.5501828003076535
377,13,27,0.05
2077,7,23,0.18508052602553937
1959,1,35,0.95
3136,11,34,0.22196742783533263
3471,11,58,0.18859471962095622
4813,10,14,0.45655094334227825
2282,9,33,0.2141864221789596
4775,1,56,0.95
1270,14,9,0.08140983883515056
589,5,63,0.17939787081318836
2625,14,23,0.19204901522416412
1282,8,62,0.06905271851675797
4579,1,42,0.95
4358,7,57,0.49023783740265103
2588,2,21,0.95
1976,7,22,0.2840303722815066
2562,7,35,0.3311605626165551
1730,9,50,0.236940475044628
387,6,31,0.05
4382,4,7,0.8602897716092733
2007,7,36,0.19424221145073287
1261,7,28,0.22908638862809355
229,4,21,0.12316013016598876
2463,2,63,0.95
243,13,50,0.05
115,11,39,0.05
344,9,41,0.05
1026,14,15,0.16486783144427708
3278,8,11,0.2220387962140286
2276,5,53,0.28564059096600225
986,14,43,0.06819638908413428
440,5,16,0.05
2151,1,41,0.95
3498,11,44,0.1885295064689823
4050,9,49,0.4102437958371803
405,11,59,0.05
1007,14,4,0.15474290148230535
2754,10,16,0.19197636216566283
3892,11,46,0.37886362012130814
4142,8,32,0.47374163688609205
1471,5,12,0.19976789380008692
420,10,47,0.05
4754,6,40,0.7181705993879272
4159,12,20,0.2987171973295774
1231,10,16,0.0980355852632954
2678,11,39,0.29330056025986784
4142,10,21,0.3874171753630954
3467,8,23,0.3212480293910833
917,6,8,0.10180503214663451
111,10,57,0.05
294,14,15,0.05
2637,4,55,0.5873142512821403
2942,3,5,0.8603944978609093
2329,7,10,0.3564502537547428
3109,13,40,0.18008856380276655
4851,2,26,0.95
2177,7,48,0.30673019477896657
3967,1,36,0.95
4973,13,38,0.31188151303236894
543,10,50,0.06530925279365826
397,5,28,0.05
944,15,29,0.05
1115,9,25,0.16975129219307175
1484,13,34,0.07525414412248964
1497,15,34,0.05
653,13,63,0.05
2450,1,17,0.95
4616,8,24,0.49766072748029627
1369,9,47,0.08502726525023699
1360,9,12,0.05792967207486514
284,8,47,0.05
4663,4,41,0.95
2510,14,20,0.2812350217110588
4531,14,35,0.2961462972576938
2309,7,24,0.28846675662518106
3772,1,11,0.95
4783,7,38,0.5012181213797505
1981,6,48,0.2475159954250769
4396,5,2,0.6279607638225578
621,1,3,0.5408708157979133
1987,8,52,0.20478659159298476
2652,10,23,0.18160472492255725
3909,1,63,0.95
4983,1,18,0.95
4255,14,48,0.25169506645568834
4773,15,25,0.22532974318060678
4516,3,51,0.95
3579,13,22,0.23468041911925144
1509,8,41,0.13158850074950548
1794,8,30,0.13800508775696807
4764,14,54,0.29569485057705797
626,15,62,0.05
2760,7,15,0.274652167858365
2272,5,9,0.2805185165508193
379,15,31,0.05
3064,8,23,0.24758025808165357
4077,2,24,0.95
2769,8,41,0.260865273116977
2993,12,52,0.23052306675138665
1851,11,14,0.11213148099798739
4081,2,29,0.95
4869,10,31,0.3606020629181973
2461,5,6,0.42662661067641244
4527,11,11,0.32675386805045326
4231,13,40,0.2857968070325991
1808,4,10,0.4416399017635412
2786,15,15,0.1453611127584195
2995,13,39,0.18434145602237806
4635,1,11,0.95
2876,5,34,0.5055240446841236
1219,7,12,0.05
3088,1,41,0.95
4359,2,7,0.95
4343,12,18,0.38369012063862173
294,15,37,0.05
762,14,7,0.05
579,9,62,0.06580555355832879
4318,12,48,0.25130684323075597
1523,5,11,0.2809151694611528
2808,14,50,0.203010473614458
3275,13,43,0.2319030318487329
3914,7,6,0.47600842064694027
2114,2,20,0.8300020895320421
3889,7,8,0.4481964087550715
4905,7,62,0.647416814996457
2543,7,25,0.3209115335513903
1011,5,52,0.051510927103996185
3313,9,43,0.3477433451447677
2464,2,20,0.95
3729,4,63,0.7597137986240361
3572,2,12,0.95
780,8,4,0.05057965311305451
4751,12,31,0.33359763992622415
709,11,44,0.05394367647471576
2256,1,39,0.95
3966,9,7,0.38037995749040426
471,12,48,0.05
715,13,36,0.09597134986219713
2353,14,23,0.18178030640155032
4238,5,58,0.6389080399514645
964,11,12,0.0916580119818414
1368,12,9,0.08109956100149263
884,3,28,0.19706948126968532
4671,12,62,0.3409177635849459
4278,11,30,0.3443529924510389
2337,4,56,0.6249029143136657
4154,1,56,0.95
4995,3,9,0.95
1035,11,24,0.20392328659199627
4080,8,30,0.3873588269873704
2438,12,17,0.18750885230854863
425,2,36,0.18725796848146764
1634,2,9,0.6851290660820539
3580,9,9,0.3032569251662042
3961,5,46,0.6359097793790187
2085,5,34,0.3633984785818929
4703,1,43,0.95
2878,13,6,0.19976373696746202
1370,6,63,0.2141979518755873
740,8,38,0.12629956486395463
4803,6,18,0.7202771881736602
4178,14,23,0.25726888726517977
4761,15,15,0.20860420529807144
1467,7,39,0.23832600157921868
4142,14,33,0.26400651046746104
2675,4,15,0.599675243964769
3703,2,45,0.95
1681,1,21,0.95
2086,12,23,0.1293772066883549
2340,6,31,0.406289306291732
4066,9,55,0.3827664277231826
2205,10,34,0.18317325529838815
228,5,6,0.05
4901,12,19,0.32838064619265994
4096,2,47,0.95
951,1,8,0.7975517680325529
4203,3,30,0.95
2176,4,58,0.4728121998645007
3094,7,48,0.3760837481223866
3844,9,10,0.336029225555607
2856,8,63,0.30286816475677997
1744,9,48,0.12139829551616894
4471,7,60,0.5661972899860004
3244,10,49,0.27016331049470893
342,8,42,0.05
4185,8,60,0.4253315251611348
270,1,8,0.2617129615712194
752,12,8,0.05
3612,14,50,0.26837557529461564
1599,15,44,0.06954819774765925
2199,12,60,0.18637689433702917
2258,15,7,0.10414684935072954
2072,9,47,0.16490490004383535
4025,2,48,0.95
2358,12,54,0.1989880197305476
4139,11,41,0.3198539718094644
2135,14,57,0.055064565121657444
3371,7,28,0.42321520893017284
957,13,5,0.1131150390626261
3923,10,2,0.3370731566008225
1149,10,7,0.09751326931739109
4090,13,59,0.2724015634836993
398,5,32,0.08874372943795092
1023,4,2,0.18472735985244373
4332,1,54,0.95
4406,1,6,0.95
2899,3,20,0.8533757991418406
4975,14,6,0.1896137132521119
4162,15,55,0.2806856591758441
4145,1,6,0.95
1902,8,50,0.16577754766132485
2813,3,32,0.7815177955014934
4606,11,61,0.38536192121424945
2953,10,45,0.3015978683349854
2757,2,8,0.95
4622,6,16,0.6724180100115501
3446,4,52,0.6756421286660762
1571,13,56,0.05
3049,13,54,0.2739941384471217
1041,14,14,0.13822044313805157
2007,11,13,0.13678951867877479
4937,14,20,0.22361042249510255
1343,13,14,0.05
4523,11,28,0.39827436318464254
1566,13,39,0.12134800567748402
4057,4,34,0.7919407155620365
2066,2,7,0.8699435248391504
475,2,14,0.1592452043139267
362,11,14,0.05
4462,6,14,0.567093163331586
3488,5,21,0.6352714592332411
3495,9,37,0.23984115785152044
2044,4,38,0.419068333754781
1993,5,46,0.27712232036328605
3734,15,10,0.26670699000739745
1752,1,18,0.95
4241,12,36,0.3457401741817926
3992,12,60,0.24098059915541675
699,2,53,0.30184054974712693
4915,3,19,0.95
2012,5,26,0.267386973253027
1392,12,60,0.05424548444405209
700,5,16,0.09534366524583554
480,4,24,0.05
4313,14,2,0.29636040843371897
3737,10,42,0.26888483160498716
2263,3,39,0.6807422084860902
4455,9,19,0.3744940643270508
1198,1,2,0.95
465,6,55,0.05
2670,7,40,0.3170890927277686
3519,10,11,0.25296635069891316
2576,4,32,0.4918597723397624
890,10,39,0.14854731439188532
3669,3,8,0.95
846,8,39,0.18644958860497268
412,9,9,0.05
4733,13,35,0.20938137654640987
1020,1,10,0.8464826919065734
1177,15,26,0.05
2929,15,28,0.13931281096674247
2481,15,42,0.1357565318910847
3718,15,8,0.29254428190714454
897,11,33,0.07297337055068366
4543,12,10,0.41873613227141315
372,10,18,0.05
3110,9,36,0.361989201223976
4915,7,49,0.5935348294540223
1873,1,17,0.95
2647,7,3,0.3240265802153251
3264,5,44,0.5791611181316371
4880,10,32,0.3257462992972354
4817,13,17,0.29488018192108856
1046,13,48,0.05
2765,7,34,0.37756572300554386
606,12,22,0.05
343,9,18,0.05
605,8,36,0.05
4617,6,55,0.5936247328455527
3258,2,55,0.95
3690,8,52,0.3246845702744187
1972,12,53,0.07454014359722533
3893,14,8,0.3064125141838837
1292,4,55,0.33884916081556815
4525,8,30,0.5287290241852324
4845,15,12,0.2728299100354278
1564,7,63,0.1649117052941391
490,4,31,0.12809438225693015
4576,8,19,0.5502683197264837
3477,11,58,0.2747252425609607
4937,11,47,0.35435656557125694
772,12,17,0.08307112563019091
2660,11,7,0.36918647932958626
1311,2,3,0.5067237052581187
1029,9,56,0.05
1639,6,44,0.2888762213878755
1012,7,44,0.17230821605060143
743,10,59,0.05
4622,1,11,0.95
601,3,5,0.14986939632418414
829,14,50,0.05
1383,10,11,0.05564627889164228
2218,5,10,0.34099472120888535
4652,15,63,0.26640277110527094
4486,12,46,0.3467399472501882
3936,7,44,0.4487260686935761
1019,1,43,0.8356877380633878
4150,9,25,0.41321217930622706
2439,5,6,0.3912476062008628
855,13,36,0.05
1969,12,5,0.1951337726303937
4572,3,36,0.95
607,7,43,0.05
1536,10,57,0.09789482196441393
2675,8,14,0.27018348765039524
3526,10,38,0.3574214591254301
658,10,33,0.07650894367183297
3202,3,46,0.8831970137244286
4616,7,60,0.544090227737334
3722,7,57,0.48168408111868616
4499,4,2,0.9316281197449946
4157,10,58,0.3400185437130447
3815,9,12,0.3698941659813791
1401,1,27,0.95
2255,1,4,0.95
792,5,50,0.22643343344124334
4450,13,52,0.28959325512893563
1578,3,14,0.432394289083517
356,10,33,0.05
2530,13,49,0.1660255400034227
541,9,51,0.05
1981,5,24,0.32258029855514875
2746,7,59,0.36409868882499025
3920,1,53,0.95
4777,2,24,0.95
1835,15,52,0.1250574054600535
3835,11,31,0.24658305336740446
2745,12,7,0.2642566472399904
118,4,56,0.07266325841883099
1224,15,8,0.05
4085,9,48,0.32850189302337846
2754,5,31,0.46880169374965275
2180,5,38,0.42866958848669723
1647,9,49,0.1312428374391715
961,8,33,0.1078665637902426
254,2,7,0.13568124024116093
3594,7,36,0.35557416546106735
1004,1,33,0.8058360006376658
1369,10,13,0.1953055639233739
504,11,5,0.05
943,11,33,0.13166830210377198
1882,15,60,0.16418864657732316
1664,9,55,0.17540753134724782
1284,3,36,0.36392129006124807
846,13,49,0.05
1825,2,17,0.7848410922329536
3288,4,56,0.6634874131668211
370,4,52,0.13768208682833225
4965,3,16,0.95
4056,2,42,0.95
271,5,53,0.05
373,4,3,0.05
2406,5,7,0.3343730326051805
1258,13,15,0.12378268196653694
1806,12,42,0.1132215423137464
1871,12,30,0.09374829102985649
521,8,43,0.052869824211691216
1309,11,27,0.08005913213939946
4775,15,19,0.27311798332025855
990,2,48,0.5188333435524489
4917,9,5,0.45436544285614106
3367,10,38,0.3365942016844345
1573,1,58,0.95
3343,8,56,0.3293615929094307
4578,12,54,0.2554334790148478
2281,5,39,0.39211443683510727
1549,2,26,0.6839614517714232
3196,8,48,0.3767428179627477
3356,5,53,0.5526788732448751
3256,10,63,0.3320142056275574
1690,15,30,0.10981595712215027
4339,14,35,0.28685568703617054
4081,10,17,0.3164068614544452
1535,13,38,0.07183078586157882
323,14,31,0.05
319,3,24,0.15295577357490153
4374,7,61,0.497063564367624
1754,4,37,0.28874711653809526
4628,11,29,0.34041330075813103
364,11,2,0.05
1053,10,9,0.14004509490790912
4624,12,54,0.3290788074120179
3833,15,43,0.23597363874848784
2874,6,16,0.4533963155464877
3224,10,35,0.28426498217406554
579,8,20,0.05
3614,1,45,0.95
1453,2,31,0.6659167506020699
3422,14,11,0.20374676094838784
3978,13,45,0.2590115182563883
989,8,59,0.07737503948162858
3954,15,54,0.230001420506669
1024,7,28,0.14505269128852827
2270,10,21,0.24758497886034758
2002,9,26,0.2728936433787735
4973,2,10,0.95
2495,8,41,0.33570069862589647
128,6,35,0.05
134,15,22,0.05
3689,1,63,0.95
2770,4,25,0.5727864851718343
3465,14,57,0.1505770002804162
688,15,8,0.14907930105681735
3318,2,5,0.95
3238,7,52,0.32766678906128643
1003,9,9,0.08565429479078919
4186,6,57,0.6046565794500796
2269,4,14,0.43589518707576963
439,5,59,0.05
4370,11,22,0.37224043370160415
1814,1,36,0.95
4792,13,6,0.28136421844097814
4646,4,53,0.9408696813713231
656,13,9,0.05
3187,10,3,0.24815004793668116
3366,3,60,0.9250924739938186
3667,9,25,0.1879750998878968
2156,6,43,0.3132891056372636
3999,15,55,0.2633453057202414
1116,4,17,0.30595687915890435
2162,3,5,0.5980142497323031
938,12,60,0.05
1737,15,31,0.13835437768261927
4421,13,47,0.28701434712656093
3596,4,31,0.78682795007301
1913,8,36,0.20473427588005524
3579,12,43,0.2762124912618958
1551,5,14,0.21317142895207825
2413,13,38,0.09710133269328376
1614,15,55,0.08325937875239776
1331,11,50,0.09901055373330646
1745,1,50,0.95
3099,5,12,0.47708019584220196
3540,8,59,0.32750735075325665
4156,11,20,0.3731179665832341
405,15,19,0.05
3636,12,61,0.27814904067818114
1823,4,18,0.3401890631888743
1789,14,12,0.12928403803007413
1617,2,16,0.7419616082925258
4017,13,9,0.3130363517386752
519,15,45,0.05
3036,3,30,0.8569381315285974
3962,14,18,0.2137099922014502
4329,11,27,0.3750076574963822
1550,9,63,0.13973025581171913
3196,14,57,0.25832914545303715
3361,7,6,0.35229644285190087
1264,3,62,0.3111814480578686
1969,5,5,0.35999279795446115
1919,3,57,0.5548579819469568
2805,10,25,0.32502606855219707
3615,4,12,0.7402894687387297
1442,12,31,0.07246215805953121
2326,8,41,0.21357255767904493
1179,14,49,0.055863347831087116
4306,3,49,0.95
4663,3,36,0.95
2879,11,45,0.1564507544090638
2628,11,57,0.21040143179870086
913,8,46,0.1136675769474382
2131,10,34,0.16142473548835426
422,13,62,0.05
3069,10,37,0.17973312988999818
1003,7,22,0.08218319975226285
1641,7,39,0.15703720564460183
3603,10,6,0.2563645662906175
2753,2,6,0.95
2576,12,22,0.2264251232580619
3440,7,26,0.29712126077646506
4343,10,11,0.2630762710351713
1241,11,59,0.10038193156632899
949,10,20,0.05
466,3,33,0.12271244043432425
2997,14,19,0.19448198967495473
1189,7,59,0.23032575404052058
4141,13,35,0.2617414049153887
2138,4,49,0.48827230585337444
2960,13,16,0.16805571529798485
4370,8,25,0.4780603817223394
1954,8,6,0.23893919787784826
4783,6,54,0.638515677174331
594,13,55,0.05
3282,12,33,0.20403716669326105
1884,3,10,0.566812553293439
3610,6,56,0.5377036852366429
3886,6,6,0.4150975022116765
4230,3,6,0.95
1098,11,59,0.10470631597992655
4569,4,42,0.95
1551,15,42,0.08116945860397481
1851,2,35,0.7899762161944771
2380,15,8,0.13732849263913824
4900,1,27,0.95
4758,2,2,0.95
3034,7,53,0.2985767179675277
3834,10,35,0.3588612856186731
3446,5,27,0.5803543539889445
1973,9,58,0.1458176092113671
4634,3,33,0.95
3903,2,13,0.95
2079,15,7,0.06575739594013581
798,4,21,0.200053601250972
1412,2,20,0.5817866806194942
3062,11,17,0.2298416430636288
3038,7,5,0.44919183781113126
4887,10,33,0.302332844048934
2400,6,19,0.2894075567764721
3297,8,6,0.42338705776683483
226,13,58,0.06122834897387776
1291,5,55,0.2031044886089561
2739,2,51,0.95
4489,13,7,0.3379438071028111
4016,4,58,0.8105214610460452
1466,1,15,0.95
1119,2,53,0.5362128288645087
4179,4,50,0.8299570197448856
4614,6,19,0.6533224069820384
4639,4,54,0.95
784,4,11,0.17235866152436297
3729,14,24,0.22247895693555933
2987,11,57,0.14278055654504862
1562,10,52,0.18002948895439536
4186,10,58,0.25799219141771357
2361,2,19,0.95
4280,9,5,0.31212506579590593
2941,12,53,0.16280613148190531
1867,10,33,0.21400117146690756
4280,8,48,0.5182000931643758
3660,8,7,0.3859770384038363
2212,5,27,0.3506027350857165
4858,3,7,0.95
726,6,36,0.05
4259,14,42,0.30810926125725924
3514,9,44,0.2943524090603006
1475,8,6,0.14093856917972786
1281,7,15,0.15675234119512485
590,14,3,0.05
3829,11,55,0.3123998753763309
3634,15,52,0.2631624338269976
3396,8,41,0.4172709941210753
2040,4,14,0.42348605628321034
4508,6,52,0.6628606909326777
1982,15,6,0.15361733226033536
3087,15,48,0.084598228425005
3259,14,37,0.17209538395467977
4875,5,37,0.767182663481801
4630,12,51,0.32284025097479496
781,2,57,0.3881981953062414
1173,8,20,0.16113362685283927
2487,3,21,0.7318294927160772
2494,14,23,0.12871606979059397
2793,5,32,0.4459254198168029
1470,8,42,0.12295807494916522
4844,11,48,0.3221712342887061
4440,15,63,0.2754831078107244
2256,9,45,0.18144567582571397
2680,13,5,0.10676919934339406
4491,15,4,0.26387589487452096
2259,9,38,0.21253605777126464
3348,14,26,0.21414178486324076
3831,5,50,0.7108379968453548
3929,2,38,0.95
1727,7,60,0.17347739162566866
3572,11,5,0.23812965516623488
127,11,54,0.05
2085,7,40,0.20993344343141912
4253,15,8,0.17375961630286674
1621,12,8,0.11850359170118606
396,13,50,0.05
2281,8,26,0.2440229204594728
3502,8,16,0.3466347663735755
2396,5,8,0.3940403869782146
2697,15,48,0.23749320703123142
1001,1,53,0.8913846920825538
1198,13,5,0.05
1777,11,35,0.10414082090428084
2981,13,55,0.09618943536448908
4966,4,46,0.95
1478,4,45,0.3245323851039296
1348,15,43,0.12854260007699292
3835,11,20,0.34168827205563096
4341,3,48,0.95
1364,8,50,0.0954467368477924
2007,3,54,0.5997277836586916
1158,13,39,0.07667331922972376
2849,5,28,0.4843205864693367
2148,2,6,0.95
4348,6,54,0.5566813541148697
2576,15,61,0.24682223115608573
4116,6,59,0.6615837237451058
4703,8,14,0.4932957696599671
3297,8,63,0.3531081144097124
4686,1,60,0.95
3653,5,47,0.6183427560119251
4540,2,62,0.95
1861,10,57,0.12065069648210679
320,12,15,0.05
4918,5,31,0.8077188414223587
4723,10,48,0.3931228093421025
2988,12,49,0.12187128726217465
1764,9,11,0.21969274074763318
4086,4,33,0.8263734661531394
4676,8,2,0.4720567297528004
3077,1,25,0.95
1971,8,30,0.19195062280216865
1562,6,44,0.27391257742242214
444,8,8,0.05
144,6,32,0.05
2168,11,18,0.19524080246826742
1614,3,31,0.4863384525856063
2698,15,26,0.2750497060902959
1101,12,29,0.05
1133,15,37,0.06676422986508605
2140,11,62,0.19616539136509833
373,8,8,0.05
2747,5,36,0.5281355865313362
1879,12,57,0.09625909862707499
4576,10,21,0.3872539934923455
578,5,15,0.15070975548209245
615,15,51,0.05
4386,12,51,0.2979318773082165
1291,7,57,0.19207978838995807
2768,6,31,0.3919873360087121
1511,9,57,0.17333607509578816
3380,7,2,0.4423548180310758
371,3,39,0.07661020738624891
242,11,42,0.099270009485603
3432,11,26,0.2179762719471874
887,12,35,0.12944640141380398
1781,5,9,0.3144106168165111
722,9,57,0.05
3941,11,21,0.25543543709856187
3776,13,31,0.2560975438121409
2672,15,5,0.13744969255700262
3360,10,22,0.3044180516572794
4812,14,28,0.2751008662391343
166,2,11,0.07291167734975497
4386,1,24,0.95
4716,11,34,0.35413387132047525
1240,8,12,0.11633067442318952
2414,8,42,0.26926264817607554
2632,2,20,0.95
3680,14,12,0.25262778020974086
1287,13,5,0.10523586941480916
4571,8,24,0.5110822000278482
4848,5,6,0.842638227794439
3439,2,54,0.95
648,7,50,0.05
4187,7,51,0.4903810553345068
172,3,6,0.05965953141313843
298,14,19,0.05
3301,1,18,0.95
1881,11,59,0.20451661168245572
671,4,4,0.099722582423249
890,2,44,0.33667651151141137
1738,4,50,0.33970912576967804
1931,8,59,0.1864505324122688
1955,2,9,0.7854168955544848
1274,1,57,0.95
3840,11,41,0.2961297508436859
3377,14,24,0.15289417731873847
278,15,24,0.05
2344,15,3,0.166202505706169
4186,3,58,0.95
834,10,40,0.11961956830358181
898,7,22,0.1389171524024643
887,13,53,0.05
2895,12,25,0.2228164442898555
4404,6,54,0.6488888001077399
4688,6,39,0.6109543287295602
3184,7,21,0.3024170503507093
3018,8,51,0.26685200010880816
831,3,61,0.2594836334857218
1229,3,40,0.42758515904803684
3546,10,61,0.29372781978317747
1705,13,51,0.17296412944628398
3878,8,28,0.4496152432465322
2845,12,45,0.16260576469633403
3270,13,40,0.20630855393013436
4789,14,8,0.3171111862064482
3033,13,34,0.13571429881811953
1315,7,30,0.19897252482024777
424,10,11,0.08889327135994604
1950,5,11,0.36558251523279167
1590,4,13,0.32527932756122835
993,6,4,0.16213365612820854
1490,9,4,0.18711170590841017
3489,6,14,0.4109937727082335
4339,8,46,0.3321083579741051
4579,1,32,0.95
2363,12,28,0.1342607387987114
3532,14,7,0.21924204894894414
2471,6,28,0.35326258375437825
3186,14,36,0.25086681377481707
4412,14,61,0.27115166578828276
1615,2,48,0.6995130618701829
3017,3,10,0.8612949467851325
2452,6,54,0.380187467948192
1267,2,7,0.49959305951838906
210,4,7,0.058933321873244085
4427,6,41,0.4982450766431873
3755,5,27,0.5942336393158003
3893,6,44,0.5917969908803546
1855,15,20,0.05
1677,6,17,0.17207373613804994
1396,8,42,0.17794623754677008
3874,9,24,0.3280413075939066
2320,5,12,0.4493923107499085
1072,6,17,0.15263610351827206
1130,6,30,0.23300573535416058
2693,6,39,0.4591046292496617
4092,2,60,0.95
4713,4,50,0.95
1013,1,49,0.7881812519631881
2281,14,21,0.1993432989750329
3297,12,22,0.2282027035097612
1562,1,29,0.95
2478,1,51,0.95
3554,7,34,0.3670083500623723
3653,1,51,0.95
1407,6,41,0.17074940502419395
1289,2,27,0.5767137648220897
787,6,55,0.12862075585786253
4761,6,11,0.7053322082112005
1307,12,35,0.06950189708782505
1994,11,10,0.11557612181933363
1911,3,57,0.5309082830699742
3283,15,37,0.15334283201642598
3897,8,12,0.3744760139310964
1744,11,11,0.09704530638877013
4068,4,47,0.8791632903549844
2816,13,8,0.27817402028780447
290,7,52,0.07416477461611132
1435,4,39,0.33400485091794707
4903,1,17,0.95
3206,6,52,0.39962068170605136
478,5,27,0.11430613266563265
4582,9,33,0.3341243253188415
3929,15,62,0.23695049297919688
715,14,32,0.07923571758415901
2430,14,52,0.18531123161450574
1854,15,33,0.1355660032528623
563,9,46,0.05
1066,12,13,0.05
4367,11,28,0.3896222396182616
3258,13,58,0.22731154297599776
3724,8,23,0.40370004643388685
789,15,16,0.05
2722,7,9,0.26892773973393136
2312,14,5,0.10107664341376793
482,2,53,0.13134455243828064
2356,14,9,0.16776394560161512
3910,8,24,0.26068263755926896
3603,3,54,0.95
1512,6,17,0.30866362518834667
1683,10,49,0.12953536511495906
471,7,35,0.05
710,12,23,0.16102544362305413
215,6,50,0.05
546,5,24,0.19040982735228512
1491,4,58,0.29671654072079773
3424,2,6,0.95
1440,9,38,0.24796585788684414
4610,14,45,0.28187219268556774
3039,7,8,0.34466364679118194
3799,7,38,0.4880150465572431
1173,4,27,0.19492568021556433
4913,14,61,0.35551406534445723
3669,5,29,0.5794243592682072
3250,6,5,0.3742895783611817
1705,12,50,0.11351223112310421
4757,11,33,0.33858161710569784
2394,12,39,0.05
3762,2,47,0.95
4582,4,10,0.9002048615183083
4897,15,37,0.24966698516562263
1083,13,27,0.05
451,4,12,0.12713332703302485
1824,12,21,0.12605672492779899
2051,13,54,0.05880126314231432
1379,4,49,0.3580265464632792
2007,7,49,0.2546499486272655
4948,13,49,0.2925716798695243
1124,7,39,0.09602547313603998
645,7,16,0.07388552478305002
4274,7,36,0.44568834372850225
2481,2,10,0.95
988,5,34,0.22161110315128646
1205,10,12,0.0842655818527747
2649,2,23,0.95
2090,5,7,0.3041977665491555
4098,12,57,0.2981698008353463
3875,6,38,0.5521867624929901
2912,3,58,0.8447327804136724
1020,6,58,0.1562072734176885
4745,15,61,0.21914499779836158
2161,5,51,0.3240179751359663
4587,4,22,0.95
3739,10,13,0.2769843308208433
3265,9,8,0.37135274224874804
4535,11,3,0.3427499913197638
2744,14,40,0.09138687275013554
4952,8,42,0.5112966226350482
1145,12,25,0.06975981957670585
3656,7,27,0.5030302332030682
2781,11,26,0.2129394851362825
3299,15,63,0.21313186859367983
1038,1,21,0.857606493472134
541,9,41,0.10136359720598485
2650,9,42,0.31148796782275
4325,6,43,0.555180164687386
696,7,45,0.05353478864472476
1605,13,3,0.09233286430592791
961,3,43,0.31303976155998736
2740,5,36,0.4245102879566466
3831,7,34,0.34495118909110534
1651,1,18,0.95
3336,12,59,0.19301051445172096
1836,1,23,0.95
1549,5,2,0.23879406146167093
364,9,38,0.05
2759,7,31,0.2695786866848733
2821,1,47,0.95
1562,13,7,0.09829911836964074
4352,13,42,0.3267919613336244
1545,15,55,0.16670799542025855
2398,12,15,0.08489131739005029
3025,5,37,0.4876028285941998
1732,15,34,0.09069719519041636
2474,8,39,0.33336958792643856
612,8,40,0.05
315,12,54,0.05
3431,2,7,0.95
2272,7,27,0.314992331240118
3253,10,25,0.2966506528110091
1806,5,34,0.26515406052286117
2206,9,9,0.2586460448257544
1667,3,45,0.38274374719342996
2308,1,62,0.95
2431,13,44,0.06922715396133965
2253,4,35,0.5587141929830468
1228,7,35,0.08879963533858008
3610,1,25,0.95
4423,2,3,0.95
3753,14,9,0.24582933868011855
2465,5,54,0.3745141315490454
4997,9,26,0.46869489324480923
3021,14,58,0.19443115563672825
4667,1,31,0.95
1179,12,33,0.07135725223371726
3611,4,57,0.7361840926271507
2841,12,31,0.23166740140260106
3120,14,58,0.17306049013962527
328,3,8,0.05
270,14,49,0.05
394,5,25,0.06467224531239542
4384,5,55,0.7479562595454322
525,10,10,0.05354433250491427
1018,2,17,0.35816204205288865
3353,5,3,0.5837563145187517
598,9,36,0.05
2909,5,35,0.456730844060108
925,15,23,0.09816983314734734
3879,11,20,0.25770869458357953
1958,10,60,0.25241629643338537
2218,2,50,0.95
245,7,53,0.07957773163936015
4665,15,22,0.22553069700093684
3677,6,13,0.5393651424481496
292,7,12,0.05
3988,8,53,0.3793418827425383
151,10,55,0.06604870660171461
2510,5,20,0.4183182649882526
1920,2,59,0.6774110281379497
3064,7,7,0.4386679899545862
2621,7,43,0.3874981842326439
1969,8,15,0.2019035841907909
2668,7,34,0.34863937554756697
1967,10,48,0.18116138834115963
2838,7,39,0.31407997576604413
3369,14,14,0.3340041556253198
3299,13,57,0.18061077818808938
2679,9,27,0.25062023984474446
4105,8,15,0.37168834747665896
340,15,46,0.061712306338719033
3540,2,25,0.95
4731,2,49,0.95
1507,7,2,0.11839275617964976
3602,10,47,0.31396729951862784
4138,15,46,0.24957938740899746
182,11,56,0.05
3868,13,31,0.26746487509838673
1050,15,11,0.05
710,10,11,0.05
4769,3,29,0.95
3705,1,5,0.95
4654,9,15,0.39377240973343974
3383,14,13,0.14464670073983457
2273,15,55,0.1180652456957716
3584,14,39,0.22454499187248264
1622,14,48,0.09726396198335675
2701,3,38,0.7439675256511679
2757,1,11,0.95
2259,6,42,0.3855608654594757
2549,4,28,0.5404939202265171
3930,14,43,0.2440582166078149
221,1,57,0.17313528375185994
4468,4,13,0.9095343275937053
1417,8,23,0.2417243387458145
4593,11,5,0.3761147759945429
2618,7,30,0.35052489569071676
1330,15,37,0.05
1233,12,46,0.135069763307776
1401,1,58,0.95
4134,10,15,0.36117892993520095
2010,12,13,0.145093583445316
1605,9,46,0.21472490417170664
3285,6,21,0.43139695088145413
2016,2,46,0.8679540994821011
3648,3,24,0.95
2857,7,63,0.3017233889829634
2056,3,23,0.5979534905708845
278,13,35,0.05
996,3,22,0.27456779435915946
1651,5,52,0.2567438076030812
591,3,10,0.16718070397027854
160,3,11,0.05
1177,11,50,0.11565232989872166
2995,5,11,0.51523140326028
4260,14,53,0.297573453763851
3783,5,46,0.6717920819567471
685,12,53,0.12259036736848761
4060,9,58,0.4102219172103748
3870,1,31,0.95
634,14,34,0.09437267995231308
3562,1,3,0.95
4111,11,50,0.3259303233532059
3498,14,33,0.08215004366504552
2255,9,46,0.16379154672483917
1104,5,18,0.21897884738673615
2599,4,29,0.6085281473640853
426,2,63,0.20442473820703524
4803,12,46,0.36395980707825215
2806,9,18,0.29345290863917844
101,6,52,0.05
1133,15,60,0.05
2581,9,15,0.2709933718451312
224,5,53,0.05
1204,4,11,0.2754277930923974
2799,7,35,0.40420743378143764
1961,5,15,0.3412431307710051
3020,8,18,0.34085357476943234
228,8,38,0.07818122693276616
537,13,23,0.05
4946,2,19,0.95
2648,13,36,0.22092770708729925
3229,15,49,0.1862190444411872
1321,5,59,0.1103253954012881
1001,10,52,0.07831821950438429
3268,8,19,0.3347568624773049
4586,3,53,0.95
4018,7,31,0.5513200959094986
1167,3,38,0.37517769914827614
126,15,41,0.05
647,6,7,0.0771556846619072
2768,2,16,0.95
666,6,58,0.1308761849858155
803,6,36,0.12976933236816587
4380,8,27,0.5073935572246459
3240,5,42,0.5588994238245175
1690,14,28,0.07259980024133217
4794,1,31,0.95
905,15,12,0.06773224586525242
3891,8,53,0.4559279755400576
1457,12,25,0.08859217655671925
3325,9,59,0.27810092630708727
3718,1,56,0.95
2226,5,15,0.369998434935193
2560,12,24,0.15243470764539738
645,6,10,0.06348682430954443
2828,4,43,0.6535988818056591
3834,14,63,0.22688765524160573
2662,11,48,0.26091422021601934
2179,2,19,0.95
2741,5,54,0.4492696511014785
3214,14,52,0.15963402506877503
2026,14,40,0.07359669196319038
716,4,20,0.20726284618808552
3744,13,6,0.23743672552462797
1303,7,54,0.16451654543476016
1859,6,19,0.24485122413031077
2665,3,60,0.7397054720550701
3274,9,34,0.43882010887303063
3181,14,45,0.16234740032037417
2730,4,39,0.47159218239519585
3261,15,14,0.1824589824446476
4421,11,50,0.31268748141062763
769,5,10,0.16698855342522673
3268,14,27,0.19886668150953551
2221,3,54,0.6783843600066733
4178,8,2,0.33770002711436553
4251,11,13,0.3549046208915581
819,7,25,0.17035979418800426
2700,11,2,0.1890083236500664
3698,11,5,0.2638738800130968
4769,15,8,0.24689631561721503
766,7,53,0.0680662644436427
383,8,29,0.09898480059458381
4003,7,38,0.4342230624642071
3665,3,56,0.95
2334,3,53,0.576051713167657
4693,2,6,0.95
1565,13,40,0.10932595829412148
229,1,33,0.14050703809808032
4834,5,50,0.753213735255903
2160,12,32,0.2126871711778578
3772,4,45,0.812739956714379
2594,15,16,0.1489452113358577
1092,13,4,0.10446601553134205
2221,11,50,0.10065934807925118
2684,2,47,0.95
4296,1,48,0.95
2323,14,48,0.06733836814846932
4622,14,16,0.20592463811874828
3288,3,52,0.8984190821916664
3337,13,44,0.22476625663500463
4236,6,19,0.5787316022078015
4624,13,22,0.2524142885051434
443,2,11,0.14302969087724873
4561,10,22,0.3693091567531886
4804,15,27,0.305632180725594
4923,13,42,0.3928284838493712
2376,7,57,0.2876512088794733
3301,11,4,0.15475119079895305
988,7,2,0.16267164605174778
2143,11,22,0.19661008016388792
1441,3,12,0.3736504332098644
3820,14,17,0.21797129639946866
2983,1,36,0.95
4312,9,22,0.47953088029381796
2515,11,42,0.15171104731954965
1217,5,12,0.3146675967227778
4363,2,63,0.95
3101,15,32,0.29920994643734306
1838,8,50,0.12531117102174744
1464,12,2,0.07623224027943329
2808,10,42,0.126656505173343
4890,10,33,0.3985524510898855
1024,4,4,0.25554747748360884
251,11,61,0.11180587909014117
685,10,33,0.05
1012,12,43,0.08864008444388338
2421,7,6,0.2737269120455037
595,14,58,0.07166252495945306
3895,13,44,0.24359129318385456
2248,5,38,0.3616061569683546
656,13,13,0.05
1652,3,15,0.47372614626414306
2220,10,45,0.25879555718182384
3185,8,52,0.26894654112579025
3604,2,10,0.95
256,1,61,0.21791726106563097
834,5,8,0.05
4754,11,17,0.34342803963566415
3376,4,29,0.6900187675754698
254,11,61,0.05
1096,10,8,0.1192188659377593
2394,15,15,0.1399827531991423
4726,7,33,0.5974761712401812
3005,15,9,0.12191448613189401
4924,13,28,0.3065965901801733
1277,9,54,0.11093894024904996
253,6,51,0.09364360913668385
4287,11,60,0.23287625068483372
1816,1,58,0.95
3302,15,4,0.25867342558879447
2957,8,28,0.314395002561609
886,2,31,0.5351109385219209
4468,4,35,0.9065223861669328
4372,3,27,0.95
3867,6,59,0.5093270296799168
2978,2,38,0.95
742,5,41,0.1549649105721328
4762,11,52,0.3424740436413497
765,9,23,0.05
3526,15,33,0.11632036349365898
3883,3,42,0.95
3801,2,3,0.95
1169,2,48,0.4719100486761856
2449,15,9,0.24725641967882592
4603,9,43,0.4586648847350109
1312,6,8,0.155377609769662
1252,2,20,0.5572353948260462
2611,3,34,0.766389501473863
243,15,55,0.05
2589,14,3,0.13354818078675143
3328,1,4,0.95
4682,2,29,0.95
3305,15,15,0.17556659289960327
4343,2,16,0.95
3242,11,22,0.3013132996803876
3404,2,15,0.95
1457,7,60,0.2964670878837111
2813,3,41,0.7550929288161043
4285,13,19,0.25613246802312417
1457,15,55,0.05
4394,14,50,0.22002877342782415
4733,11,40,0.3788465840686893
3292,4,21,0.721269372219646
400,2,2,0.14758305991359605
823,5,10,0.13925136207203956
3110,14,10,0.19568227389499915
167,9,44,0.08013385491596758
3936,12,52,0.24306036733114622
4093,9,39,0.38785668173292465
2606,7,40,0.3318456552672182
1637,12,30,0.1341702102154071
497,8,16,0.055518622082415
4815,13,21,0.3598005460057445
3457,14,39,0.1710431775083923
1263,5,42,0.20188102771395344
4925,5,31,0.7913015567264086
655,12,48,0.05
3761,3,27,0.95
1851,6,55,0.3067274428090015
3041,1,56,0.95
2757,3,7,0.8118282124795636
2895,11,40,0.2027110456586379
2429,2,18,0.95
2059,7,7,0.21199737744754174
1701,9,29,0.2053818840973183
2893,4,10,0.5507982785205026
1580,7,28,0.2884007127345958
1202,8,36,0.1321595251171562
3376,10,47,0.19644345056132573
1399,2,7,0.5310723499136223
3979,7,5,0.514877990218606
1635,13,17,0.05
177,12,24,0.05
2931,3,49,0.75566892060867
3510,8,24,0.38395223227716485
2821,6,30,0.4576634127779766
3727,3,42,0.95
1632,8,5,0.21260996090486176
337,11,63,0.06186922574430043
2096,13,41,0.07731658284955295
3527,3,57,0.9192042133874667
377,9,41,0.05
3189,11,63,0.2570637734932932
623,3,25,0.16804558921432936
4375,1,7,0.95
4318,13,41,0.29349802001380515
3222,2,7,0.95
4675,4,59,0.95
1897,13,15,0.19022391132842187
2231,11,15,0.14971046653346026
915,2,51,0.39000586009232235
2794,4,46,0.5980546418894747
542,4,48,0.15522372529277764
3240,4,36,0.5983785254108492
242,1,7,0.27684198268289295
4387,9,24,0.41794684409124194
1510,10,63,0.19113926051346647
4573,11,21,0.3992041045104494
634,7,18,0.05
1816,2,21,0.7733488174757183
3464,3,49,0.95
1132,13,7,0.0617121994511865
3442,8,41,0.3590100284804877
1510,7,62,0.1357860020255331
4600,4,29,0.95
1272,4,14,0.24849648216351797
988,9,30,0.06565575576507637
3438,15,63,0.17269265301973227
4617,5,46,0.6514672507122452
1741,14,21,0.07769200586882921
571,13,59,0.05
3040,11,18,0.18866012128515874
646,5,54,0.05
4826,15,56,0.2564974674528548
3697,7,55,0.395771683231365
2925,1,36,0.95
3823,3,46,0.95
463,2,40,0.27428784066695233
2266,11,53,0.17827085947402854
3409,10,38,0.3376813545612891
645,6,44,0.08476300100990103
3340,11,24,0.3768351641806786
4829,12,19,0.27925291021975235
2036,6,37,0.18312043433578018
1062,10,21,0.1332520659808028
3105,1,55,0.95
3906,14,61,0.14208733758171382
982,14,60,0.05101675346767384
3940,6,8,0.6369943078338258
970,10,37,0.1254608746709854
4711,2,43,0.95
3085,11,2,0.13229979971455597
965,4,50,0.2819434529176525
4409,6,38,0.5699108055711216
3303,3,50,0.95
2997,3,36,0.8680426907344723
2344,12,42,0.1615609757972118
118,3,4,0.05
741,4,36,0.2288865306048217
3183,9,30,0.18254303265088234
429,4,10,0.14418122731984373
965,13,38,0.05
873,4,61,0.14376174385635396
4587,4,57,0.9495566429356121
4832,7,43,0.6316146457475796
2454,5,48,0.3466113092056936
3438,12,26,0.2553262647288364
3618,2,13,0.95
3042,7,39,0.35212383645369666
2667,3,8,0.6855683633535274
1774,11,8,0.09323870786615535
2783,1,56,0.95
3480,9,5,0.36940140710593894
839,5,62,0.16978978992459975
1645,10,46,0.2435689371471571
4664,1,48,0.95
2359,11,32,0.1778799340942822
1235,1,51,0.95
973,1,51,0.8726653131819107
4655,12,40,0.24149102849267412
2400,9,11,0.22637020491330107
851,13,49,0.05444867618215354
953,8,24,0.14046326205556736
3832,11,27,0.26859317201185917
2383,13,24,0.21345793766500068
1429,15,30,0.09960814012916405
577,13,9,0.05
2826,6,20,0.4213609997464896
3191,10,30,0.2599417802773078
4330,15,44,0.2650265513774918
4605,15,54,0.19656914554238852
1369,6,7,0.17661713775226348
4281,6,30,0.6455223039935788
2703,4,25,0.6334001187014846
1569,5,57,0.2835223856319479
477,10,11,0.05
1780,3,52,0.46701460484147483
341,3,61,0.059701113826767564
1019,10,15,0.05
169,7,53,0.05
4024,5,7,0.6664338038656688
2186,8,5,0.19843047272191627
2107,5,59,0.3787961940788793
900,12,53,0.08052417623111459
2879,4,16,0.654667597761199
855,14,38,0.07919573425140779
2095,3,49,0.623852178145757
1421,12,59,0.05777525201366252
2430,2,40,0.95
209,3,29,0.07051715289484863
1116,7,3,0.05
3965,8,14,0.41023048546446245
124,15,3,0.05
2938,5,61,0.4135831151981255
837,11,59,0.05
279,1,63,0.20081165190584244
331,3,42,0.05427827839961439
2017,4,33,0.3482732923115437
442,10,53,0.12573480412694366
4672,13,6,0.23719062020729662
2723,13,4,0.15770990048481667
554,12,3,0.07258658403320241
4484,4,15,0.95
4725,12,59,0.273039139308705
2376,1,41,0.95
695,10,53,0.08559425055659023
3974,9,63,0.3828620118619502
4630,12,45,0.34056952741213853
4597,10,50,0.3234064353766341
2769,15,30,0.11255083867872637
2235,15,49,0.11658882212479599
4064,4,39,0.8310567181265406
1665,2,7,0.7019699489776616
408,13,51,0.05
442,9,35,0.08975216727819571
535,14,9,0.05
276,4,60,0.06902739529888585
238,4,56,0.05
293,11,47,0.05
3357,6,3,0.3925871360760212
3335,8,27,0.3389953073416909
1042,5,18,0.20693479618991442
4720,12,60,0.39106978434665496
3979,8,25,0.40958466860427417
3213,1,32,0.95
3062,13,17,0.2370515408622385
4936,4,59,0.95
1053,1,51,0.8690488854031869
1402,3,22,0.362403109980899
3481,11,39,0.2576607812259235
2980,7,27,0.35621049636384505
2287,1,18,0.95
4987,5,51,0.7887747425838144
645,1,47,0.5036751778748905
2027,6,43,0.2697837988581875
4252,9,5,0.3258113666238361
104,3,51,0.06327556020986264
3581,11,44,0.3008475322906574
3353,11,55,0.26891070229239344
1462,14,49,0.20803659816765213
1920,12,63,0.16733749910200124
2763,15,5,0.220757149325041
3038,6,60,0.424996662401188
1373,4,20,0.25861947759367054
3426,6,39,0.4038952276829841
3759,2,26,0.95
3045,4,9,0.6614258224771051
3118,13,19,0.24635346104444508
1231,13,52,0.0537692523050735
4863,7,19,0.6122686550145813
2736,11,49,0.1423773281355818
3129,6,59,0.439091488431764
3119,9,8,0.3163394868919467
4477,11,58,0.3713992025027384
3259,7,18,0.42897585360238655
353,1,60,0.32094747845787214
428,6,4,0.06501127262080356
2691,11,23,0.2658911317245384
2930,3,16,0.8112753027899906
3144,8,32,0.3269847100527434
1520,13,37,0.17642434920396544
3501,1,27,0.95
2992,10,49,0.27810895319995055
754,2,15,0.3446211392463157
859,3,59,0.21757292034495837
1898,14,18,0.1139125488867395
3071,3,10,0.8523872520152357
4611,7,8,0.5382560180217583
3526,13,47,0.2228639597966737
354,8,28,0.05591698885706662
3923,15,29,0.18831322561134425
1976,9,56,0.1827360029052442
2857,7,13,0.272657353469835
2724,8,18,0.2530146071615974
4221,11,10,0.2654639664837778
3104,15,45,0.18020311410846473
4616,6,45,0.5891332161449345
3834,2,9,0.95
1344,1,28,0.95
1108,3,61,0.2561648230391389
4414,9,43,0.46027957034754374
1610,13,13,0.18001085146072282
2059,7,38,0.228205462121565
2608,2,21,0.95
4858,14,2,0.2741331596439842
2782,1,10,0.95
1089,2,48,0.46521246384584397
4384,15,25,0.17050737743037428
354,3,62,0.18952315979451473
4263,14,35,0.23583051607808553
4811,6,37,0.6414974003938376
4552,12,5,0.374699713203652
355,9,30,0.05
1107,8,24,0.17976536937832766
1855,10,36,0.1477214239077986
2671,9,17,0.24357710539470798
4008,11,9,0.2798310639384088
3097,11,28,0.24231347315910667
2903,8,40,0.3004405177651087
3865,7,59,0.424914053125487
4479,6,13,0.537538505469392
3483,8,45,0.38658461524562115
198,6,5,0.05
296,2,48,0.11014280141360606
2629,13,26,0.21583991238039005
977,9,7,0.09793124865269455
1968,9,4,0.20404465111737433
2765,3,40,0.7678168247377402
1488,9,55,0.05843057267918572
2515,2,25,0.95
669,12,22,0.0654134880212841
2737,14,7,0.09659035816133461
1165,3,34,0.30097151266078864
521,14,9,0.05969674969963225
2983,6,34,0.4898693585419391
1304,14,49,0.09198544578090112
644,4,4,0.17107643875844597
4266,8,61,0.526776813873782
3739,1,3,0.95
1323,13,39,0.09799569665764166
3272,6,41,0.4873934674693686
867,2,57,0.3123136749190816
3757,6,40,0.519228760262859
754,14,40,0.06520242785371293
2546,1,25,0.95
320,15,22,0.05
3766,2,52,0.95
4377,9,19,0.31686163758170616
4502,6,36,0.7007833733316887
2669,8,12,0.2751541736239665
1113,7,12,0.18561919869027282
2151,9,4,0.15519347523910382
4085,9,61,0.353088108856975
4999,11,24,0.40809228397604125
4410,4,2,0.95
3119,7,24,0.38060344726105794
3781,5,23,0.5888240883956246
1543,7,60,0.22737962528893021
4296,4,43,0.8414426617744852
3110,12,31,0.2810693858204226
672,10,3,0.10908604158402223
1432,11,59,0.07057481621169759
4853,11,18,0.36141685848293137
4102,1,42,0.95
3234,4,51,0.6927630984682135
4186,15,21,0.25602435355411823
325,13,10,0.05
4300,10,58,0.3842646567194767
2097,15,61,0.11160360473912953
871,3,12,0.18102102426689975
4624,9,18,0.45864332739304614
533,5,15,0.16804199544000314
3199,4,19,0.6719767162202476
2829,8,19,0.3645537291614609
3507,15,45,0.23588058029376002
3240,5,51,0.5816165800593056
965,3,9,0.2913068101649931
2893,2,30,0.95
3011,15,9,0.13017944651101976
2515,8,27,0.41573348150074446
350,12,29,0.05
3857,2,9,0.95
4756,14,61,0.3374134288862661
1018,8,21,0.05
1273,5,48,0.24095358956673232
3303,8,9,0.4114531802710058
532,5,15,0.1547718207018164
935,1,14,0.8078264880515198
2346,12,56,0.11260886965626007
2362,13,41,0.19635404723110095
997,11,18,0.05
3732,14,52,0.29750481585284416
4667,11,27,0.3926259734544352
3915,2,7,0.95
346,14,18,0.07456710544310735
2529,6,5,0.34353300399291736
1090,3,26,0.30777194652116796
3410,8,8,0.39127337277021845
1026,5,18,0.16838946598337928
3538,3,62,0.95
2707,12,61,0.15672713133739483
1174,10,23,0.14505376205776438
4122,7,55,0.4928833002073514
3899,14,29,0.2845808600173968
4884,8,51,0.48012942228571825
3251,4,7,0.6285917671924043
3538,13,31,0.28186593381801206
4673,13,11,0.245947217010245
3591,11,51,0.24442929350454784
806,9,57,0.10413822523968969
3164,6,40,0.5296795139389842
853,14,15,0.06918339117654788
687,1,55,0.5195960878111943
1434,5,47,0.19374735473032695
1947,5,43,0.32435001073044545
4034,7,23,0.512311977118574
4026,7,58,0.43198170092286203
3417,6,42,0.42984400526721767
4120,15,27,0.22591613120712903
3255,15,11,0.21632582230923736
4402,8,3,0.39401446725546546
2298,2,4,0.8393032306442116
264,14,49,0.05
2098,13,43,0.27047972731391917
3157,13,56,0.1792020357067818
2184,7,12,0.31898775147579495
4528,10,11,0.3261722524800667
502,15,13,0.05
513,7,62,0.11569239839066044
144,4,15,0.05
4257,12,31,0.23585346577600969
2567,10,42,0.2169938009132022
967,2,61,0.4439256846334587
118,4,14,0.12329698046900389
464,4,31,0.05
3932,12,39,0.2903637617728784
679,12,12,0.05
645,6,2,0.09770032985038558
4250,14,28,0.2100645269223037
4973,7,48,0.5585841019027287
3139,3,40,0.95
4237,15,44,0.23870443887238163
4144,10,50,0.2808348571750563
4426,1,38,0.95
552,3,10,0.18633692462439622
4061,9,59,0.3866035424966848
1481,1,49,0.95
1567,13,44,0.1957652009757765
2838,8,27,0.3442938323915767
1316,2,26,0.618193713001103
980,6,18,0.1554831878500888
3914,3,7,0.95
3249,7,16,0.35232640717277147
184,2,62,0.11395989878405081
4244,4,4,0.95
1268,10,32,0.1166536933790219
4264,9,29,0.37394029717281174
3229,6,10,0.5152205773184507
3745,4,63,0.7406803918456386
2626,2,45,0.95
2967,10,52,0.2640141665087338
3616,14,19,0.13538759652455873
3467,9,49,0.34356356965463936
2294,15,41,0.19810971264601768
3655,4,33,0.8177494324467295
545,9,20,0.05231179761104206
3726,14,6,0.22935557791485786
4116,2,45,0.95
3975,7,7,0.3758633846333608
3437,11,13,0.23268413996265466
361,11,59,0.05
1948,5,48,0.3669333895458665
4125,8,63,0.3858886242170683
2366,11,43,0.14401262387607497
191,14,18,0.05
4322,8,40,0.4089828648529875
4275,14,60,0.3079355436343456
3409,14,8,0.17961357053299268
1082,4,54,0.25282290924477435
3543,13,58,0.20103756873709955
2633,4,12,0.5481066362535406
793,15,35,0.05
4220,8,54,0.3459503252450217
255,3,3,0.05
3688,7,15,0.3770071078608759
1912,8,19,0.253773351758467
4214,8,49,0.5033614284955354
1507,11,61,0.0895353326618448
1316,10,44,0.13206350595652888
1510,4,10,0.27973108433514543
3597,9,40,0.3473118507903854
4472,15,5,0.23072339301225311
4940,10,49,0.38593782687520817
651,4,15,0.1657041792987457
3494,8,12,0.3800347641081322
1276,6,31,0.13974098901456244
4834,5,41,0.891432616978118
4432,15,44,0.3384663611850686
1097,4,28,0.23447673139384614
4176,5,30,0.7263352636800069
2831,15,53,0.2738954761991725
4037,13,33,0.2889405016668706
4152,15,50,0.1627984358067748
472,11,61,0.05
2348,1,31,0.95
948,7,27,0.09072022009573676
2656,8,31,0.29883784922773216
2422,12,52,0.14413523451238291
603,9,11,0.09756820686351753
3289,13,13,0.1795601725214393
802,3,34,0.16786203941471214
3725,15,35,0.27035057582851896
414,9,19,0.05
2476,10,40,0.2461988966190907
1140,5,17,0.14292269610993072
4478,10,46,0.3640204053478718
3090,6,5,0.46175426319685875
357,1,11,0.2587642648693566
674,9,29,0.0854121640654991
4769,9,42,0.5013189129287444
1652,6,19,0.24726868536764057
4618,8,10,0.4541315303569417
857,4,23,0.14756535684658387
2910,5,11,0.44711933652117536
1204,5,41,0.1567082406792554
4624,7,24,0.5919178613728763
3559,7,44,0.37709462618965345
4092,7,14,0.4724627661622032
303,5,25,0.05934696350619676
2875,4,14,0.5803474190633959
2432,8,49,0.21905298762560302
2092,1,46,0.95
2343,1,26,0.95
406,6,45,0.06526664705990941
1787,2,48,0.7186536905428578
4209,12,30,0.26350741094657515
1960,3,17,0.47796015948676035
2061,4,41,0.4301577336339557
822,14,7,0.05
879,2,57,0.3807061394597357
628,10,9,0.05
4993,7,35,0.5465414284547132
443,15,19,0.05
3886,10,44,0.20877433213854063
3782,1,33,0.95
308,3,50,0.0828683654210558
4836,2,11,0.95
3506,13,35,0.24956051026469653
1411,9,24,0.2097082701006287
2399,8,60,0.20200417006848548
3436,3,20,0.9234020375060366
2047,5,21,0.36753540167967835
1019,3,53,0.31982351993898694
2144,14,53,0.13067785030380907
518,11,35,0.05
1849,13,60,0.05
2942,12,39,0.2003911085730704
1199,11,18,0.14507882733567457
3492,12,45,0.31431340064755997
2872,11,63,0.13217899065051905
2580,6,6,0.3816049619096882
1645,5,3,0.29634942648497364
1170,11,42,0.062076052699311005
1950,2,35,0.8195374280221545
4298,14,55,0.24368454856946709
3039,10,21,0.19595140519579618
2003,8,47,0.1774717656537056
778,6,55,0.20892658193382307
1088,14,48,0.07922674717076601
2575,15,3,0.08247483282363971
1707,3,29,0.4179306598600401
2969,13,19,0.2681841438598028
1602,15,45,0.06453177460642114
1889,13,40,0.10240339162318837
1525,1,49,0.95
2540,5,52,0.40632331036212593
2142,12,36,0.1221574002952405
1378,11,16,0.11549624073202452
2694,2,48,0.95
4789,13,40,0.28357265786719055
2536,2,41,0.95
3903,9,40,0.3202303493107927
2305,11,4,0.16216963427755077
1127,13,20,0.17908115106695371
3639,15,24,0.05
3583,10,20,0.3935452899379599
2341,7,62,0.305020161614623
2865,6,19,0.42123809902695164
1273,15,31,0.09327294852887875
3330,13,40,0.1919195790738163
3450,1,20,0.95
503,15,6,0.05
2825,14,56,0.1625154647353141
3482,10,14,0.3014974510008184
4263,2,35,0.95
187,11,25,0.05620455827424987
1258,7,19,0.19061416867404146
4373,15,5,0.1705546434557857
2957,3,37,0.7366353095541823
1481,2,9,0.5781769003680576
4781,6,44,0.5974241410281259
2164,8,2,0.2786732969497794
2474,15,61,0.10511598216462323
417,8,42,0.069457334962907
1602,11,39,0.11456042714584208
2142,2,37,0.9379123643518125
4698,6,39,0.6307057193110973
2122,12,14,0.06897713485599907
218,5,62,0.05
809,7,23,0.05
3657,4,30,0.6864317536099115
4240,12,63,0.3114401505677526
4509,13,10,0.2987451632039404
3350,2,28,0.95
517,10,47,0.05
2703,3,45,0.6711720530305945
3954,9,5,0.3999000508225484
1201,10,41,0.08982913244869942
4521,8,18,0.49730886948582126
3528,13,55,0.24962208467545569
2361,9,38,0.23278102383833754
4269,5,4,0.664116356638843
3734,13,5,0.25325026056600963
608,5,41,0.12321462321664801
2479,7,17,0.2614865413947404
3264,7,12,0.4044807717644777
787,1,28,0.5832633114405497
4852,12,27,0.36439554286390935
1392,15,60,0.09268690365193165
4005,14,63,0.31293866070777615
3175,5,32,0.625321591243193
3309,8,35,0.33200196560786815
424,7,9,0.07601010361307654
2093,11,40,0.17584782378237124
4076,2,2,0.95
4912,14,62,0.20360855401180877
2870,8,3,0.24217770141220288
4472,2,56,0.95
2683,10,28,0.23705431897037513
3657,1,46,0.95
3687,11,44,0.27420339127451576
251,11,4,0.07103138016209927
1054,14,35,0.13517947215567183
4454,11,17,0.30878644016682716
2471,3,2,0.6162154210496092
1291,3,8,0.3604817537884093
787,6,36,0.05
409,12,23,0.11927162814948283
1602,3,49,0.5033031565142401
3227,7,33,0.454617473577286
4668,8,27,0.3997554182393265
3467,3,57,0.9448799791838768
3495,9,7,0.3262758279094302
913,1,47,0.7809206824191403
945,15,56,0.05
1264,3,12,0.22126197733304503
4862,12,32,0.3607600148046226
1867,3,55,0.6069552239868345
454,7,56,0.15454568713019215
1972,11,22,0.13611291530302938
2124,11,58,0.1648356897766012
2917,5,52,0.4358593357499096
3932,4,23,0.823140217567323
4375,2,58,0.95
165,7,2,0.05
4366,3,22,0.95
4190,7,46,0.575857263157091
2621,10,21,0.2062460644956965
2681,12,10,0.1622610749392091
1490,7,28,0.1885998166377903
1230,11,30,0.06424194841975799
2586,2,44,0.95
934,7,34,0.17646596777700002
326,6,46,0.05
3615,10,53,0.3406182207780767
4637,4,2,0.95
2543,11,4,0.24008867270641587
827,5,33,0.17293367550443484
3786,12,21,0.152020304330461
3722,8,18,0.4101236253229845
1136,5,38,0.14467838124888222
1932,3,39,0.49178814028937295
2840,2,50,0.95
592,6,11,0.1726426944530124
1648,6,44,0.22207240639105202
1243,7,46,0.12716559158459165
4057,8,30,0.38432704945020885
3507,4,43,0.8479862522190539
739,12,47,0.10198421772810012
272,8,61,0.05
4454,12,33,0.37751049229671385
4059,1,14,0.95
616,6,32,0.1184294826469727
622,6,61,0.06422089510035103
2017,3,5,0.47351996343705
2986,9,53,0.2507209604400517
2264,12,63,0.16928080779838536
2029,12,50,0.15377219633640504
4045,5,19,0.6566526974751774
2309,15,12,0.13094339673220476
3883,1,43,0.95
2690,7,54,0.3658665984845009
4176,10,19,0.41353368037831856
1193,15,52,0.0663712330939238
3980,14,42,0.17072477981268647
2594,3,38,0.7525663568993253
2679,10,34,0.2573979120902731
2588,10,38,0.2602496319399776
2885,11,4,0.17060073789749183
2858,4,2,0.6357445535805764
1674,6,20,0.24831840998960536
2473,8,60,0.28659052015733866
4090,13,7,0.2239175723895935
4945,4,11,0.9364284309388279
1193,15,38,0.05
1289,12,13,0.133675291362534
2789,9,45,0.3438194527221913
4195,8,18,0.475994138558247
1975,10,28,0.10331138516604949
3506,10,3,0.2899767875850646
1887,6,54,0.2766826546410802
4032,7,26,0.48222266379987855
1707,8,60,0.18575275506984262
3848,2,47,0.95
148,5,45,0.05
3961,13,29,0.2048204295088658
2280,7,46,0.20919976647573166
3146,8,38,0.3334159518044943
2933,5,38,0.5004039749817403
1497,3,18,0.3470203406551354
3926,15,6,0.2139047101873791
4674,6,57,0.7414398717095088
931,5,58,0.16228085260319544
2797,8,59,0.26981295514159087
4877,9,20,0.49495595693540373
2835,9,5,0.3813568515541817
181,12,40,0.05
186,12,56,0.05
2163,6,50,0.3062874545554093
921,15,44,0.12032897922923684
262,4,39,0.05086681362402649
3839,4,46,0.8014666333802702
2497,9,45,0.3020991148814746
2032,4,31,0.42898740617854375
2828,8,33,0.3805959364920217
3635,9,58,0.2667121253229411
3546,5,38,0.6138888419296812
2890,13,57,0.28400348153180205
2807,6,28,0.51283832470238
4033,3,33,0.95
3485,12,43,0.2287532205732848
1022,5,12,0.26745884727775304
2275,5,42,0.36194633700510137
1682,15,59,0.06764073902180084
664,14,59,0.05
3358,2,14,0.95
2697,10,36,0.17138937457345554
2600,6,18,0.35171333993203935
4666,9,31,0.3506362047771102
1087,11,63,0.052243075804215694
3736,15,19,0.2863270157870596
323,7,38,0.08295797816859743
450,14,49,0.05
2028,8,31,0.2244138385585655
448,2,27,0.18213483741533723
4377,11,56,0.2941003656730212
4832,13,17,0.19473459496538992
1117,14,12,0.05
2326,9,55,0.20034985422938767
4967,3,5,0.95
4224,10,42,0.38344401457534344
2519,5,16,0.4150557094993297
1993,14,13,0.14413251290583362
3140,7,28,0.3866022595093097
2168,4,49,0.4169850903132276
1225,7,5,0.1431169811386242
3217,8,36,0.31766251899543535
4261,15,60,0.16113459188085105
4142,13,22,0.2376574836098561
4533,10,37,0.3730666863127721
2270,14,3,0.15763141191215363
546,10,52,0.05
2758,4,40,0.623100016661153
3462,15,29,0.18246524563472397
2818,5,35,0.5347441998298933
3583,11,34,0.2817393905471087
3044,3,51,0.8692046598783839
4476,5,61,0.7606009812739198
695,8,9,0.05
2086,3,9,0.612353774014047
2850,15,61,0.12929557784231105
1174,14,43,0.05
4069,13,51,0.274659259053116
4405,5,23,0.7311184479425284
4321,10,28,0.32148346001931866
4687,1,29,0.95
3680,2,12,0.95
3107,3,28,0.8536189267722628
1069,1,56,0.95
680,13,2,0.10148386869896114
2924,11,40,0.2006867953586293
4101,12,29,0.22785077654759045
1311,11,28,0.09350214038100826
329,9,9,0.05337197702316175
4384,9,58,0.3217743105965873
3285,5,47,0.4625050920900885
601,14,25,0.05
2232,4,52,0.522418118670086
148,5,41,0.0957501152728724
3666,4,52,0.7110771662830292
3155,12,55,0.14941282859168287
788,5,37,0.14293837102011278
486,7,56,0.06480071467611147
1069,11,25,0.05
3560,8,43,0.3205507882412257
1105,2,23,0.42755082345412565
3152,4,11,0.6351480654514751
3517,8,5,0.3816190147776797
2402,7,9,0.16881486055784609
2383,9,40,0.3159609624899136
1707,5,59,0.3031769755115849
4466,6,16,0.6246142126366956
222,15,9,0.05
1380,11,30,0.062395229222830494
3827,8,43,0.35905901609145074
358,15,40,0.05
1047,12,63,0.09315625273351655
624,14,52,0.09406533041672144
987,15,36,0.05
307,11,42,0.05
3482,15,49,0.20041606864181247
2894,5,15,0.49284844850302567
248,14,33,0.05
537,9,8,0.05
2302,4,45,0.4679019175165631
3849,8,34,0.3414796478049296
3261,12,49,0.18004949726390643
4001,14,36,0.14398771035611727
4553,3,28,0.95
3345,5,2,0.5859342827047725
4651,15,7,0.1905603774393704
2923,8,62,0.24825192920308198
4824,15,3,0.20002769048094746
3370,10,8,0.23363527217113375
585,12,9,0.05279479595984263
299,7,46,0.1792117244071239
4566,1,30,0.95
2082,12,17,0.16825702094523054
1571,4,30,0.3213122093983531
4443,2,32,0.95
4983,2,23,0.95
2411,13,54,0.21224716529310414
3473,15,11,0.22271824210581553
2178,7,5,0.25900986154327443
1621,12,26,0.14486428415559532
704,12,57,0.09638243601988036
3948,3,54,0.95
3442,3,14,0.95
1517,15,18,0.12774460913081298
4697,6,41,0.6756496478369411
3975,6,9,0.5873711012118266
3033,1,24,0.95
648,15,8,0.06344036493070898
938,15,33,0.1283929354672611
3915,15,25,0.16699212361028098
947,1,2,0.7890226177651637
4809,11,48,0.3257492428281233
4607,6,48,0.609765138326934
4873,7,61,0.6049751072723974
4354,9,52,0.3189484753089636
4568,4,37,0.895655009466544
2372,14,28,0.20169350394126423
3420,10,7,0.21871108567112182
2658,6,43,0.4412598400607758
4798,12,32,0.33258729186083885
4411,3,13,0.95
2096,13,27,0.1002576561185291
3773,13,26,0.22557744592698964
1664,11,5,0.13744162052201433
4118,4,7,0.8468891221601164
1940,9,58,0.13549993736427798
3391,14,47,0.23274484954820315
2987,14,63,0.23979740356367868
826,1,14,0.6080349314634093
1344,5,26,0.3335560802588553
3560,15,32,0.21229051222259396
3818,15,23,0.23632687312357498
1165,11,54,0.1634934565345591
4871,7,36,0.47417324976332853
382,3,22,0.05
1181,15,16,0.05
3985,2,4,0.95
2981,13,38,0.22029643381744038
2684,11,46,0.14196756445399666
3070,2,27,0.95
1252,1,59,0.95
3597,5,48,0.5918760341400255
1047,13,18,0.05701015781434866
4860,3,39,0.95
1817,11,56,0.08483364246963672
166,12,51,0.05
736,7,36,0.08764968042189004
413,1,59,0.41397771382525433
3497,9,42,0.273666271486625
664,14,9,0.05
1701,2,53,0.6063679399946407
925,8,12,0.15084318223400794
3770,10,61,0.3066544063275645
1125,4,25,0.2732541082422601
2351,6,44,0.38665256887096894
4857,9,9,0.4718195336796872
904,7,63,0.11342131945842515
2551,15,55,0.05
4731,8,31,0.48388337380836066
1491,15,2,0.05
1335,7,35,0.10298934273462815
4132,2,21,0.95
3380,9,37,0.3014974304499201
4823,15,35,0.2236404994509855
4944,1,58,0.95
3649,14,35,0.1655103469643831
4300,2,14,0.95
4241,3,62,0.95
1454,3,55,0.3826145462861789
1936,14,54,0.10482667331240234
2992,10,53,0.2368911776008263
2596,4,7,0.6272640401542015
2683,5,37,0.3453325336853804
2658,6,26,0.380403521745887
3718,1,28,0.95
1659,14,59,0.11137109619127283
1607,13,48,0.21020980918535048
4171,8,56,0.5003268890382443
2163,6,32,0.26502711341776836
3742,10,4,0.30111245115186946
2100,9,29,0.23256152266557048
1394,5,59,0.22591896811363021
4165,7,5,0.4903631357815506
2852,11,18,0.31685715830899885
1853,4,39,0.43600960942669587
4310,6,35,0.7017989898926043
1703,6,21,0.23174747775104257
1422,13,14,0.09829270125764476
2541,4,48,0.5460605379694392
1198,6,6,0.20079972414472072
1605,8,61,0.15127771493968745
1226,11,25,0.05
396,5,52,0.05
3149,2,39,0.95
2325,9,18,0.1332737712047149
4454,11,58,0.35589426029888094
3887,4,32,0.6957679738498497
2196,4,29,0.3795272246949601
3709,11,2,0.34133277926083444
2308,7,3,0.27853996323461827
275,10,34,0.05
2602,14,41,0.17063006899100058
4099,10,30,0.4382050024900882
1767,6,5,0.3057795400021651
4471,14,19,0.35051299064189945
2645,4,56,0.5240380810309728
775,6,25,0.10157438428636069
1923,3,33,0.4620503244335
1456,7,10,0.22047733896497423
3172,6,48,0.4768914528983075
3359,3,17,0.89729978449011
646,1,22,0.5100330865074288
2183,12,31,0.17367444944624447
2140,10,4,0.16722177832418242
4634,5,34,0.7374988496096345
1852,10,32,0.13466690825717445
1715,2,57,0.6942961793365651
1949,7,46,0.2519429393460371
2742,13,15,0.16442085117469388
1700,7,7,0.058506408084510686
3496,4,6,0.7237924534256114
4502,6,30,0.5901818538409213
3705,1,56,0.95
3899,2,38,0.95
718,15,60,0.05
1232,6,37,0.13821671291069287
2215,2,22,0.9315058052163024
2439,12,13,0.16741131871795312
2839,12,47,0.1805295738513008
4376,11,60,0.3255465548080225
1587,4,24,0.35121554763184004
1657,4,15,0.2624298199814134
2213,10,44,0.2552156800052036
1144,9,55,0.08334643174808513
2531,15,43,0.19807969007244214
1682,10,11,0.24385040827840304
1408,7,62,0.19569017965440635
701,14,61,0.05
1720,7,63,0.14655677849596077
4980,12,28,0.3668061270976557
4866,11,42,0.33511628944071054
200,1,59,0.24051117304996456
4371,11,3,0.2940570397295792
337,5,15,0.0840404316591157
4125,3,8,0.95
3018,3,18,0.8401470774022745
2642,6,57,0.39883038224355155
2103,4,21,0.28188326752113524
1637,8,9,0.16885359952692608
854,14,57,0.09593493702334077
3468,4,21,0.6637306235921536
2358,8,37,0.2782998374592965
3765,14,6,0.21264110755230392
4335,12,14,0.2683259841245158
640,15,40,0.05
369,12,39,0.09521659313187426
3560,4,18,0.7501916456785164
3508,3,7,0.9117141823730897
605,5,20,0.11547396492240236
1229,12,26,0.08769392641919908
2179,13,4,0.19622042889356367
3245,5,42,0.5372558765736656
3342,10,54,0.331531927449907
461,10,29,0.05
3820,1,27,0.95
1556,15,48,0.05
4167,8,9,0.46248514799555646
4295,8,58,0.54845793380076
1781,8,58,0.2716088588271958
1152,14,56,0.05
2609,10,59,0.1320390349124232
4827,4,16,0.95
781,13,2,0.05
4032,14,41,0.19752328414766077
2229,9,24,0.312112726847799
4949,10,37,0.5668190246810347
4116,3,55,0.95
3402,7,43,0.365850871453718
819,6,17,0.05
174,9,51,0.05
1393,12,5,0.1528732156482846
2022,14,9,0.1331778906702986
4257,13,37,0.31449403729916436
419,4,11,0.15324281343382434
2249,4,53,0.4854334937131263
1552,6,31,0.16835077826492958
1655,8,37,0.1982600655892753
4307,3,17,0.95
3132,11,31,0.22889860464666212
560,8,45,0.05
986,14,11,0.10673052976089395
3633,8,58,0.4035617071424237
4036,14,12,0.28237081439516776
1215,14,35,0.05
1175,7,17,0.1925962796602928
3976,7,56,0.49080703350151267
4715,5,20,0.833445415888858
2024,2,45,0.8040990361197722
1026,12,5,0.07927082084322128
4752,14,50,0.34057463147454026
2381,15,45,0.16177614276735605
1155,2,32,0.4755814835991773
4774,13,49,0.33331062540140866
641,12,36,0.05
2261,10,35,0.22263536886078916
2351,12,27,0.20886397123345046
1152,8,40,0.1426002144347393
4669,11,7,0.3498388630162616
2844,6,34,0.41261814630399796
3969,8,48,0.4113986742433357
4581,3,28,0.95
4257,1,13,0.95
4710,13,46,0.38101910080117013
4625,6,9,0.6518195772092881
4775,2,10,0.95
1660,12,2,0.06774121683052846
3862,15,6,0.1818145911956662
1264,9,8,0.2262508748000575
2822,5,19,0.55176755569558
2458,5,55,0.45762554585701487
570,13,41,0.10037917859330328
1516,10,25,0.0996990382803532
1568,8,27,0.21561797702843594
908,6,11,0.18266427628925613
271,3,62,0.07092541603620238
4226,9,41,0.3320838042965123
4242,10,45,0.28118053927174946
4325,4,49,0.9214394102570093
2499,10,13,0.18400719612263544
1745,4,55,0.3800844796835343
157,12,23,0.05
1229,13,28,0.05
1453,2,4,0.6939036862429531
867,3,19,0.18805873718998878
3995,4,6,0.7991036946550923
782,7,15,0.09273493736976829
3554,13,26,0.2349643404512209
2108,3,53,0.5070615380121575
3242,8,32,0.37875512081387186
1890,8,22,0.2301256953664007
1577,10,49,0.24097639254437664
985,11,55,0.08914281666441398
4006,2,60,0.95
4592,4,39,0.910490453900485
1638,8,49,0.10698564004264378
2173,1,21,0.95
412,1,15,0.2775320802975651
910,14,21,0.0952752743806993
2335,14,57,0.11759045516570679
2957,4,38,0.6774898824928279
2863,11,47,0.23147177977753794
2132,2,31,0.9048558863938558
1607,1,44,0.95
4645,8,54,0.516216839932473
2670,2,42,0.95
1994,4,21,0.3188248496631553
2805,3,8,0.843118877671217
696,15,6,0.0824048444577686
2247,2,32,0.8966013888637195
715,8,30,0.12132674667279662
1047,3,16,0.2698859534820124
4751,15,26,0.23160841881724198
4473,9,14,0.4317309707012526
3864,10,45,0.37135878933102634
2113,5,25,0.42851642546649527
3797,9,16,0.439420531798115
590,3,25,0.08436649568438744
4450,12,59,0.22147890604159992
2528,5,27,0.3998534746284356
641,14,20,0.05
1387,10,58,0.23907264074368323
1733,6,25,0.2547094708349021
3026,9,20,0.2696688168982592
1452,8,43,0.12414360666419527
4476,2,18,0.95
1398,2,49,0.47659637205225364
4968,13,6,0.3635575905323736
4067,5,62,0.7478735711389279
4523,5,5,0.6681146825641908
2358,5,57,0.4221310057280116
4747,4,23,0.95
2173,8,11,0.2529460790347468
801,11,22,0.08672420936921832
2019,5,26,0.2833871521173945
2560,1,7,0.95
4362,10,31,0.40703237505673984
4364,14,30,0.1753127497898932
4424,5,12,0.7429602743701118
466,1,12,0.4168759208174615
627,4,60,0.11264408703760667
4986,1,49,0.95
3818,6,47,0.5322742490842592
3709,6,28,0.5042805036804308
4035,1,20,0.95
4719,12,23,0.3914548139288417
2253,8,29,0.22880495191650596
2008,14,60,0.0767317360637863
3112,4,61,0.5850670329302363
4328,2,5,0.95
3122,13,38,0.12758643783960005
3583,14,55,0.19045709029799257
2820,1,58,0.95
1870,11,20,0.12618995709535855
4213,3,18,0.95
1877,7,51,0.19620950610899693
4312,10,41,0.39286919375731477
897,11,37,0.11933463107312099
3315,10,24,0.3611853234103325
3888,8,51,0.40698994216360745
3076,5,29,0.5786457686009074
3837,7,12,0.4641568858752262
1811,2,59,0.8264778403181855
852,12,15,0.08858005115048807
2569,12,14,0.18060284200248833
4069,15,25,0.12654326684107997
1492,4,59,0.3033927979487062
2705,6,17,0.33515756687641207
777,12,29,0.05
205,12,31,0.07694990451843771
3387,12,45,0.25644698076060213
4853,12,42,0.3872285522743335
2046,14,40,0.15038857774122183
1195,12,43,0.05
1882,12,62,0.22718060680712732
4641,5,28,0.764888837496975
3357,6,18,0.5182162965925231
2097,12,51,0.2271371819413898
4969,2,58,0.95
1661,7,27,0.19313229657243566
4106,8,8,0.46260668731614213
1775,13,60,0.09978056097032179
1222,14,36,0.2095973819338003
4081,11,16,0.32252699422620884
1401,9,17,0.16069433340126657
1043,6,22,0.23662539891860962
4650,7,18,0.4845476608812922
1045,13,46,0.05
700,12,27,0.05
2800,13,36,0.2011038899849758
4920,1,60,0.95
1517,9,21,0.08815699773528612
1624,6,21,0.15500731969008058
3866,12,24,0.27744305501134287
350,4,6,0.14089135177610332
1644,10,10,0.0975637423310873
178,9,24,0.05
3223,12,19,0.30295922009049286
997,1,30,0.8211631338279889
4976,2,12,0.95
325,3,44,0.15933533801976363
1309,1,49,0.95
4998,2,9,0.95
4937,2,28,0.95
2278,7,3,0.244610910283036
2779,10,24,0.24907999714067033
2985,13,22,0.25352438641584796
2906,6,11,0.37965304119005805
803,12,39,0.05
2644,9,60,0.26903320285525717
2470,14,5,0.10884921147172708
3381,5,22,0.5855134653001208
4810,9,61,0.40256358788962965
428,14,38,0.05
4328,13,56,0.26144259819649657
220,12,44,0.05
1064,10,13,0.1289683387981586
4324,14,49,0.25262783568522706
3775,14,53,0.2449161490041703
2176,9,54,0.16688150455935966
432,2,47,0.15261648492256827
3468,15,15,0.13784603609174362
1416,12,53,0.09521015694989389
1296,9,21,0.134632043969989
3270,3,48,0.9276425005712988
1529,11,9,0.2006773866259956
455,3,28,0.15018689543484556
4334,12,38,0.27934868634492793
1626,11,62,0.23951439295573382
3997,14,42,0.19860528334314856
128,15,22,0.05
1113,9,49,0.15861347854537888
2802,15,57,0.18355806098020797
927,7,36,0.05
4546,15,45,0.2864336110272701
2124,14,40,0.09897336753956927
398,11,50,0.05
1965,15,16,0.05
4116,8,48,0.4364899691320875
2211,7,13,0.24058306586532624
854,9,54,0.09615511488442577
869,8,35,0.05
3835,14,9,0.4069888525862738
1338,4,61,0.25836953348050856
2313,2,55,0.95
2006,14,38,0.17646487131358735
1664,13,31,0.15538182463460065
1318,11,4,0.05696860983402882
4701,5,31,0.8794954162728603
1457,2,30,0.6211137142005083
3939,4,2,0.8405227395165411
1560,14,63,0.08889183407393765
4085,12,17,0.2840155166092965
1516,2,43,0.6341190524508478
2953,5,32,0.41530104194911094
4956,6,59,0.7012206097610281
1528,11,11,0.15572858565379574
4478,1,31,0.95
4574,15,44,0.24891500835772498
4393,12,27,0.2199656723305756
3162,8,13,0.38484592560847103
3171,2,41,0.95
655,14,60,0.05
455,5,6,0.09347755909184655
1663,11,10,0.1406968538041795
3600,8,12,0.41243379088309395
1140,5,48,0.2025555135030855
2786,3,24,0.8250586220872892
4574,6,18,0.669634594290012
4875,1,44,0.95
2653,1,14,0.95
1879,8,18,0.23158119859204818
175,7,24,0.05
4426,10,60,0.27317825022002806
3419,10,40,0.2809052312479724
2449,11,10,0.2785159213986563
2873,11,19,0.25079882978894197
2362,3,56,0.6929422574692863
3329,8,19,0.29639720055248314
2216,11,31,0.19029563845926525
492,15,43,0.05
1208,8,45,0.12502405893438803
4462,14,27,0.25248634437556483
710,14,19,0.06551725869269823
2875,1,22,0.95
4098,10,42,0.3861960787061011
772,7,42,0.14338144370632774
3777,2,43,0.95
130,12,34,0.1601054261878119
1500,2,44,0.5871593159779575
4171,2,15,0.95
716,13,56,0.05
4734,5,59,0.692106247299352
2886,7,63,0.35771178615957216
970,4,11,0.1972527559371281
4296,11,29,0.38315225461259106
3704,12,15,0.30291283495236976
1512,4,20,0.33733864124241253
2839,9,27,0.2764277679628635
1040,14,11,0.05
440,10,18,0.05
3008,9,35,0.2976256012101949
4233,7,55,0.5026028623342799
759,14,15,0.05
2133,15,27,0.1255894064708267
1660,10,51,0.1488753975189681
3557,15,35,0.24265389769263712
1756,4,53,0.23501686706494587
3075,8,20,0.3343205507379773
1149,10,25,0.10886433316383717
553,3,32,0.19606686383380062
1804,3,41,0.49602559588301365
2884,12,7,0.09550950573572908
918,7,21,0.05
4968,13,40,0.21445233359619298
112,11,58,0.05921365523047448
4079,12,46,0.2113850904145318
1020,9,35,0.16043449117846934
2518,13,23,0.14285374423341624
1414,11,8,0.09642948138260378
3777,4,34,0.8740439909730868
2117,4,7,0.4551341716202349
1328,1,17,0.95
4892,1,9,0.95
2534,13,46,0.21042742652567706
2968,14,24,0.15001556819530923
2615,3,19,0.8175423678810245
1538,12,15,0.05
4264,13,51,0.16792969912188155
3643,7,62,0.5208417918994387
3275,13,37,0.16744944301967457
1881,15,16,0.0557848085600361
2363,9,6,0.19370897541630028
2069,4,54,0.3823780295858313
311,2,47,0.17454658617733582
607,6,49,0.06106245646586097
431,6,16,0.05
650,9,12,0.05
1041,15,3,0.05
827,4,24,0.1703104107297914
2962,8,25,0.2608225875177045
3343,13,63,0.2045588019100246
748,14,19,0.05
2837,13,5,0.27510850155281125
2847,3,16,0.8497333501800903
1109,2,13,0.4707193478783505
1650,9,60,0.13750494332365773
903,15,60,0.05
4180,6,4,0.5869734225396018
4409,11,33,0.29204194636427444
4364,8,37,0.43579719698714625
3501,11,22,0.25272220166508363
4341,10,49,0.3607088587936707
4711,9,7,0.4441305640854581
3261,1,3,0.95
4648,13,59,0.344085534659596
4255,1,55,0.95
627,11,10,0.13471532661578806
3398,5,13,0.5992170972083515
1123,9,45,0.1012194841297571
3834,7,60,0.45230566439091113
532,7,25,0.10886172373110807
1276,2,15,0.5193947586905479
500,3,50,0.15922999810778346
2204,4,42,0.48444917775570584
3150,2,13,0.95
2333,10,28,0.11977874369789641
2545,9,11,0.27929240641409236
4800,5,44,0.8223033482214424
2935,13,3,0.0501572050144993
2613,7,32,0.17554743677078063
1873,11,29,0.21452133554651842
1196,9,17,0.1431847256147394
1028,5,60,0.24029505616229974
2051,15,2,0.06560135176970781
2073,6,23,0.2572824175560376
1654,4,62,0.4355806841265064
2878,14,2,0.19192315524938444
4521,8,32,0.47515128858510086
1094,1,23,0.9036643742153739
712,1,35,0.5069341173331599
2693,5,13,0.5053572679733824
695,10,60,0.05
941,9,56,0.11996037718760935
4539,2,24,0.95
958,11,29,0.08738249499739684
544,15,53,0.05
1888,3,51,0.5974311075780548
4417,8,13,0.4311839566510841
3554,5,28,0.5911871006682393
4052,3,24,0.95
4787,6,2,0.64827857906892
1130,6,61,0.17727403600649444
1395,14,60,0.11912476826604879
2163,5,44,0.35500017477462514
1547,5,3,0.2892519768864492
2145,6,45,0.33002707285730926
4719,2,32,0.95
2950,6,3,0.48509417878953526
3924,2,50,0.95
2168,3,26,0.5823091338447852
3861,2,39,0.95
2375,1,49,0.95
1908,12,20,0.12929033195459838
1411,1,29,0.95
4155,9,7,0.3261241455997578
2551,13,40,0.14990576410137182
1189,4,20,0.25185410052712787
1772,5,53,0.24963329380509647
3775,10,59,0.2319602923175157
4632,14,18,0.33951145914073333
4454,15,7,0.17029811913974674
2103,7,16,0.32844116852618926
4298,15,23,0.29527056687719405
4964,2,42,0.95
1224,12,35,0.1075678459877492
1321,11,6,0.1374217680121698
2960,10,54,0.22584370595966788
2373,9,24,0.20113589835559312
3090,12,6,0.20491251302287425
2610,4,45,0.5610172994596435
336,10,63,0.05
1244,10,11,0.07828622529297516
3353,13,5,0.3150591738508421
3882,13,13,0.26437625672002574
866,1,48,0.663550029278357
2781,8,11,0.33253340052464836
2765,4,61,0.5619088206312808
1859,7,31,0.19113501432722757
3591,3,51,0.95
2915,11,25,0.2245625696885585
3613,12,6,0.2107720267944145
595,9,14,0.05
3280,15,37,0.18964951392206042
4030,13,10,0.26542134282905727
2172,5,19,0.38534567286219235
437,5,36,0.05
4049,3,32,0.95
3208,11,25,0.23365366606649102
1917,9,44,0.150877363401149
236,3,5,0.05
2655,2,42,0.95
4515,11,27,0.36487030338408627
1015,13,62,0.15107658888114903
3638,9,45,0.3720841016334086
2200,12,59,0.1768151000292629
3007,12,43,0.20013908448448545
3014,9,11,0.4148042350665556
2082,10,42,0.15676201887603938
3970,12,43,0.25853856893683813
4628,13,10,0.3450980556588974
3667,4,2,0.6838838769314299
1098,4,55,0.22477498023723028
2247,13,17,0.14913773622754575
4794,11,59,0.3429866362659902
495,10,47,0.09370697693383168
3698,15,14,0.2301005811971263
4610,13,39,0.3103010947166541
1038,13,15,0.06989656749670718
1736,6,41,0.2231976757135702
2824,9,24,0.15763241420522994
2610,8,56,0.29899283207148286
4736,10,19,0.44262001505312065
1749,3,62,0.48548502507453595
3790,6,29,0.4516341020828479
3535,15,60,0.17165945351703074
3301,13,21,0.18780121398854838
4279,7,2,0.48645506035235236
4466,15,13,0.27314073096488406
2391,15,28,0.06737547159067031
4583,6,44,0.6268476244306864
313,3,14,0.07897520832457687
3337,14,56,0.27422882846940455
3962,14,5,0.2556461192890387
158,14,26,0.05
3030,13,7,0.2636935026592919
3071,13,55,0.13653922121116135
1627,9,58,0.11706146766380321
222,4,46,0.05
3819,2,57,0.95
1536,9,23,0.15293056645050046
1262,3,46,0.34002177806292194
3400,6,39,0.534183870527654
3445,5,55,0.5451734072487023
2586,14,37,0.1315811722938792
661,13,54,0.09703861083858584
4081,15,4,0.19787436535295932
1837,2,58,0.7411135583717955
1004,1,63,0.8400160541989333
3654,9,16,0.35536693440205425
4590,3,12,0.95
1826,7,35,0.20673394034046758
3023,9,28,0.19614822279977162
3631,9,24,0.353892636819018
4006,12,18,0.28837403325660493
1034,10,59,0.09498316214927059
174,6,61,0.05
394,8,24,0.05
120,9,35,0.05
3342,3,22,0.8809525693790372
1138,6,34,0.18590642087142611
4755,5,6,0.8299254684941479
1209,7,60,0.06692810408765999
3871,7,53,0.4257600032841841
471,9,18,0.12884573428626936
1274,1,61,0.95
1264,6,63,0.18541343778016453
1192,5,2,0.24260808514358384
1383,4,8,0.29926920503867727
2111,10,62,0.23039377356764726
945,12,4,0.11242170479351665
2091,11,27,0.22493886193715612
620,14,17,0.05
4566,1,17,0.95
4296,4,45,0.8291738966792708
4856,10,42,0.4256636230023636
342,11,58,0.08819458095370962
2900,7,15,0.30821083883854494
4707,4,45,0.9491585488617318
2996,1,27,0.95
2702,10,28,0.18004813915003323
2373,1,58,0.95
1641,1,49,0.95
2865,11,18,0.1575136241854453
2214,10,45,0.14304865263790012
4591,5,5,0.8372455554470047
4807,7,18,0.5778997091391914
3183,9,34,0.36720705029882195
1957,8,31,0.17680213481650248
869,2,58,0.28967593189428126
1522,9,22,0.12726314337153477
506,4,18,0.18763027043049438
3072,12,12,0.09711544740619792
1972,10,52,0.07720022658548814
2794,15,56,0.1403880672375637
2369,11,31,0.23228446019340315
4849,5,19,0.7560863438750287
1281,12,21,0.09752378828737489
1539,11,35,0.11368545761688628
3153,5,42,0.5852506600930731
3433,4,29,0.8309299185225858
2997,13,10,0.15275539114524334
3003,6,45,0.3992722573194983
328,1,63,0.26997254922320035
4059,2,32,0.95
1993,4,46,0.5037947626477193
1413,4,17,0.2385948068125945
1170,8,32,0.1847046826544787
1074,9,30,0.07804011893740154
1838,12,14,0.12455644332063091
3385,4,24,0.7112929327753148
857,6,15,0.09495410320211049
3195,4,40,0.7045619666596263
420,4,3,0.10890263213030255
2421,12,13,0.24470586370844127
655,11,59,0.08153236026937705
1486,12,29,0.05
4863,9,33,0.4426492796422016
3147,14,57,0.26638015241891305
2527,4,50,0.49798164306302395
2104,13,25,0.2091620267142354
2030,6,38,0.3180362984568899
4941,14,30,0.3342842625352168
4870,13,53,0.20526798477733085
2263,9,43,0.23056970023472118
3967,3,19,0.95
2526,7,4,0.2571708096622055
3893,7,14,0.5430018022537142
2613,1,14,0.95
3903,11,43,0.2554569283852672
2427,2,30,0.95
717,5,3,0.05
2265,8,60,0.23792015133651123
3408,6,29,0.4939358259743841
1092,14,49,0.18324264197548457
1477,14,5,0.10722481644620357
4481,13,52,0.3587884228959795
3274,13,6,0.1599255208191478
4882,7,40,0.5720931264520988
1405,15,42,0.09396907829265347
4933,15,6,0.23098576300061233
3178,3,9,0.8719012552464206
2786,6,35,0.4355438740880645
3083,9,55,0.4070749147613067
2623,3,57,0.7696618216047016
3682,14,26,0.18378548658782842
1585,13,28,0.09977883517549894
2200,13,53,0.08862092463932925
4681,13,53,0.31293638723870204
3815,6,8,0.6042660598056028
2101,7,62,0.2651968869792492
1487,5,37,0.24735696185478456
3283,10,33,0.27019469738431573
1130,13,22,0.08211498278392186
1865,8,48,0.2776055726695721
4863,8,19,0.5450781192186225
1320,6,3,0.1317315936901893
3906,7,60,0.4353442219573632
2514,3,47,0.7594834184880813
4445,13,43,0.3053259690438348
1718,7,6,0.1130044287260552
1363,7,45,0.21504094870667223
971,4,43,0.18114828406325742
934,10,59,0.05
2922,14,62,0.2261021858287029
1018,13,51,0.11432516728341302
1824,4,61,0.37458004135999307
2513,14,39,0.17145900209334175
1413,3,29,0.3621581496696886
4598,10,32,0.34614448704350076
2205,7,55,0.24467632348669055
2668,5,45,0.42721323116555443
1238,3,25,0.31400665289749563
309,6,61,0.08696388977155896
1164,12,34,0.0860253522934615
2320,6,40,0.27418483904244556
333,6,13,0.05
892,2,40,0.3106397449500954
3210,13,10,0.20197560891153876
2266,11,53,0.24402573628453395
434,10,16,0.050961809723655487
1459,12,24,0.10646460883760638
1314,7,45,0.08254200217288822
4519,13,46,0.35811696699640955
383,7,23,0.05
312,10,37,0.05
1758,12,11,0.06466558890601565
4178,4,29,0.864384943943903
4947,11,57,0.32901577669114346
1517,6,36,0.1768136504916726
2486,4,57,0.4328079996074931
1894,4,30,0.29736480576965146
204,6,6,0.1362707829250769
4965,9,5,0.4697256076053806
3993,12,52,0.3345521291855804
3945,13,16,0.2384939911985269
3790,15,31,0.20169321418313857
3392,7,61,0.35089754578055415
478,2,27,0.22962704690553043
3393,14,24,0.23929340359590384
3429,6,62,0.502432528464058
4908,14,40,0.2922715382420615
3538,5,30,0.6045925195190172
324,6,23,0.05
837,13,36,0.10558915808252538
335,8,58,0.05
4378,8,63,0.41619469649349095
811,15,60,0.05
1988,3,49,0.48913247585927705
4818,9,48,0.36940380261439876
1359,6,19,0.17775419627344943
848,7,36,0.07914118686493782
4086,9,47,0.3703474209099654
3651,15,34,0.20348446280593957
609,14,8,0.06654292780532427
1923,13,35,0.12824156862081657
4980,7,11,0.6800168967205316
3041,10,25,0.2631736885296663
4332,9,26,0.478444201831072
2234,1,49,0.95
1877,13,45,0.177579726716577
1322,1,28,0.95
3767,3,63,0.95
1877,13,51,0.1392120256920328
1404,9,7,0.1154567003983138
4959,1,60,0.95
801,1,50,0.6167157151288448
3089,5,9,0.586673405256648
251,8,22,0.05
1425,2,42,0.6141177904492866
1401,4,20,0.2522256819257238
3822,15,35,0.2909012321117198
1811,6,40,0.2928629936391052
906,15,44,0.10259166222297471
4430,1,24,0.95
2822,15,14,0.14618797246730234
4756,4,43,0.95
1425,4,48,0.3230002855223299
4233,9,54,0.36405868052952084
1259,9,40,0.13583093053133793
2969,6,29,0.3726834196711385
4616,8,7,0.4795608277468918
1342,12,58,0.05
447,10,13,0.05
1931,4,4,0.3107453625705205
1669,10,49,0.2148705264640647
4035,8,21,0.4535626008779842
2018,15,42,0.08869222661976077
3332,3,43,0.8879286391025525
3858,2,63,0.95
2455,6,46,0.4299092387745807
1497,5,9,0.28890329469041365
2880,8,27,0.3664194949372864
1924,15,39,0.106421401487422
2591,1,29,0.95
4160,11,36,0.30989421046139415
504,12,45,0.05
1821,10,42,0.20491661259231975
2925,3,42,0.7933237939771097
3945,7,44,0.41196989361738
4310,13,39,0.18705010725758472
3292,10,3,0.307333775381184
164,14,8,0.05
1399,12,42,0.05
1515,4,26,0.3467092816779259
3693,10,52,0.3474920626702749
1068,5,51,0.1679530414770456
468,8,33,0.09904592156380534
332,1,13,0.3092342992923655
2342,1,54,0.95
3183,12,12,0.21024918428489026
1020,7,11,0.10466345838069986
788,15,62,0.05
4372,13,56,0.3551537873576063
1569,12,36,0.16830550177598952
4825,9,45,0.4725836870668241
4359,4,5,0.95
3722,8,43,0.44482275120055553
2200,10,3,0.17568365751784262
2365,15,45,0.15998722303553387
3889,7,29,0.5310197832078888
923,14,44,0.05937385543397028
3531,2,47,0.95
4251,14,48,0.3441974360294519
4313,5,15,0.7462356618609203
897,9,59,0.13534699708695244
879,13,62,0.05
2950,13,45,0.23459206916009429
2992,9,30,0.26757368521255304
1993,3,3,0.5517313256420304
3406,11,56,0.20985290147083857
3002,12,35,0.19723359268413485
4903,3,34,0.95
3818,2,21,0.95
121,7,48,0.05
1600,6,31,0.23939734452568323
942,15,55,0.05
1860,5,43,0.3344368015749568
3741,7,27,0.3189282843329343
291,4,21,0.05
495,5,2,0.15025313948530578
4762,9,2,0.40791722664209507
4426,15,26,0.23551923320389848
973,11,34,0.05
2721,9,24,0.3196158086312406
4435,4,12,0.9111217292897306
189,6,61,0.09225280193948658
2379,2,61,0.95
556,3,45,0.08039820988560169
2380,9,16,0.2910080438814572
4549,6,15,0.6515238633493322
1104,8,56,0.12022907690755116
4634,15,2,0.22733419192270535
444,11,34,0.09335734237539098
2811,5,7,0.3763730105845191
4852,2,57,0.95
2562,7,24,0.24525242096499067
1216,6,55,0.19185817089669832
725,11,27,0.15454056444197578
4479,15,4,0.2468283707073866
2079,2,47,0.861932296299994
4094,6,61,0.5428401701529437
1778,13,60,0.10610854198665604
322,8,56,0.05
843,13,7,0.055139683979166604
562,1,41,0.45402814260840973
1668,4,53,0.3390491514147707
3447,1,26,0.95
1836,2,48,0.7587052234932002
4139,1,18,0.95
4051,6,29,0.6457567188343806
764,11,33,0.1374924335558441
1456,6,30,0.21856346615973624
1114,1,24,0.9061148183049
2232,4,42,0.48237564836228997
2768,14,17,0.12386806206618736
1154,14,33,0.05
1864,14,27,0.11374345407505206
4558,4,63,0.9164064360064075
2969,8,34,0.27707818413890234
1512,6,59,0.18672204800728534
767,2,49,0.4338771870666848
3470,5,20,0.5869873652193317
1494,4,56,0.2247616778356999
198,10,42,0.05
4170,4,63,0.8916057161473784
521,12,18,0.05
3750,8,39,0.4211029820897632
4257,5,60,0.6810076986938973
1232,3,15,0.3349662180822843
1802,10,19,0.14577686747799565
3720,12,22,0.22393193781555723
3290,15,47,0.13530311164033293
697,4,56,0.14907582908677405
491,1,63,0.4206398127610949
1175,6,40,0.05
2750,11,43,0.18256917670118908
2484,13,49,0.14503557587261898
909,15,40,0.05958778651937082
3409,10,29,0.32512410219137033
3838,4,21,0.7839785692786073
1259,6,61,0.20391645592952234
1631,2,7,0.6107393045182034
2782,5,60,0.530715588596911
353,11,27,0.05
3648,9,7,0.2624883606754363
3285,8,40,0.37197798627030854
1331,3,58,0.35646493355149217
2523,1,55,0.95
3675,10,61,0.3860739935064616
4361,3,27,0.95
1673,8,18,0.05
3008,11,41,0.21652819154124633
4812,3,3,0.95
1725,5,52,0.3295326639664375
4098,2,61,0.95
3983,15,22,0.21605666069589
3615,1,55,0.95
3503,11,8,0.18568559298276832
4698,10,45,0.31613528109230626
4780,15,21,0.38739965019436073
2058,14,4,0.10711197896913627
4109,5,58,0.5893443089687869
2835,5,37,0.43786908815357933
4591,6,58,0.6538935393037832
3274,2,58,0.95
501,9,44,0.05
1074,2,45,0.38765603261885206
323,2,63,0.1781382867035305
4713,12,52,0.280055300490636
335,15,20,0.05
3598,5,62,0.633238091017669
4311,9,31,0.37487291571427334
3334,4,12,0.7949018582751901
325,6,14,0.05
2377,2,57,0.95
4377,14,34,0.24076813861200694
1441,13,39,0.060534798775915305
4136,4,55,0.9159080529721899
309,15,58,0.05
3827,12,49,0.4085088546010056
4028,9,3,0.3780356561538188
2903,15,47,0.17224548801663017
1209,2,57,0.42544446797561086
2126,1,24,0.95
493,4,51,0.13691415759518216
943,15,50,0.07964820070208643
1624,4,21,0.28525349148452406
703,1,51,0.5627856009010658
681,4,52,0.05
2039,15,31,0.07373694769351893
232,3,16,0.1508415994420915
2938,13,3,0.1999969833854159
3485,2,31,0.95
3870,13,26,0.16386505646938404
2368,10,5,0.2021245846337894
1075,15,2,0.05387001173746725
1913,4,9,0.36743294302031315
3363,8,53,0.3387807110823692
1643,7,15,0.16923823944310162
2935,9,59,0.21346352268191893
2838,8,12,0.3023514673897204
1457,1,60,0.95
4234,12,25,0.25493672505934684
1416,2,25,0.5532094261187277
261,12,33,0.05843007291853794
2009,2,26,0.8395235190839504
1227,12,47,0.06776938888523039
3970,8,29,0.41847012758368907
1758,12,17,0.2251629744396486
3225,4,43,0.7293608523571944
2063,9,40,0.2772111616213774
2389,2,17,0.95
1066,14,37,0.05
989,4,13,0.18394304154072624
3161,13,13,0.16481829226411915
3729,13,63,0.27017435160275693
3289,15,35,0.1675306264331754
2848,15,39,0.11653950364494167
1766,1,21,0.95
3166,3,48,0.8094720380830176
1541,6,16,0.26446543535354705
1167,9,23,0.05973587407384068
4323,11,17,0.37312419379847883
3023,1,25,0.95
4353,15,4,0.27063417783324273
3956,5,2,0.6020566881889823
926,12,54,0.06762407154888316
4707,2,45,0.95
4085,7,48,0.39870303769053345
2192,4,52,0.5284696190157714
3279,5,39,0.541737365812017
4638,8,52,0.46059691981880047
4001,2,18,0.95
2462,3,42,0.732240912060693
2324,11,22,0.34124180666869197
1826,5,46,0.25675235180180317
2106,10,48,0.14702264634381124
366,4,49,0.1732428491763786
937,5,14,0.11335834364133328
4684,3,3,0.95
4897,13,3,0.3098499128716585
786,12,44,0.13700512260320308
3461,9,63,0.2939448245959313
456,8,26,0.16138198008751833
3915,14,29,0.23237253203465766
971,6,49,0.2019307709706611
2073,15,50,0.09811865939142143
4747,14,27,0.23380770453321972
1910,1,36,0.95
4518,4,29,0.8685843643956159
2741,7,62,0.24421723899129383
2328,10,62,0.22933957701969182
3491,5,59,0.5532047295552676
4278,4,60,0.822349429996918
2450,9,56,0.19685188068982556
4457,8,63,0.49235704209482006
4979,15,34,0.2295798591404602
2839,3,19,0.6491306645644401
2830,14,15,0.1604300875536742
1418,6,55,0.2148741650402039
1635,12,42,0.1541168019882588
4884,14,61,0.3418330985855076
2543,14,10,0.14342998605338347
1872,12,45,0.2250169059454981
3309,4,57,0.6832196832078795
977,7,31,0.10498207694965578
2970,1,4,0.95
3300,1,35,0.95
4244,14,34,0.27804984580424386
3847,15,28,0.28351538814750704
2936,12,60,0.1768337511105184
392,12,10,0.05
1751,6,14,0.2502464935423155
4731,10,31,0.37235126018820786
4506,11,54,0.2853301188216937
636,13,61,0.10097460372555388
2786,13,17,0.23721457643550464
333,14,52,0.05
2752,7,43,0.32080285867698777
2474,13,27,0.18744071404599105
2372,9,60,0.3157265066402735
1066,15,6,0.05611572405819396
989,7,47,0.1608942482483934
3963,9,28,0.348496111876496
3500,10,16,0.31436033547083264
134,14,29,0.053053049640446666
4642,9,4,0.4472586665612079
3623,14,42,0.21698684446622885
1863,14,62,0.1592746276551966
3391,8,2,0.4215930568879484
2588,7,2,0.31563074973071026
2800,12,52,0.24608076311481283
1658,3,7,0.43249793484106214
4790,11,12,0.34296602858509867
2376,14,63,0.2198413221159608
4106,3,51,0.95
4539,11,47,0.3319460104099515
1203,5,17,0.21133234730468273
1519,7,34,0.12266981343225167
1578,13,25,0.15496924813206428
4014,12,60,0.27634716420429434
3842,10,33,0.3558314989699055
3056,7,11,0.43928384321885994
1482,1,26,0.95
2674,8,11,0.26116763500650625
3484,1,14,0.95
1669,13,61,0.08679299341870592
1994,14,2,0.12652532133008415
2343,11,36,0.08858226060440333
1966,4,15,0.48896610240821925
128,2,22,0.05940034470338247
805,5,49,0.12247843797416072
1120,6,56,0.05893385580074101
2163,4,59,0.45128044757296293
1546,14,53,0.09681434960975618
3764,12,39,0.21944412469119373
3087,13,2,0.2127665950258159
3702,4,21,0.7647853449005325
3785,7,57,0.3703342855268553
3468,11,6,0.2969012301509464
3681,4,41,0.8904120593665876
2862,2,45,0.95
4137,4,33,0.8864583552955511
672,7,2,0.09386009167449469
4188,1,46,0.95
714,15,59,0.05224669209602965
4150,4,42,0.8499045778688427
425,6,53,0.05
3840,8,58,0.38116883929840856
458,8,57,0.05
3877,13,41,0.1712681368029666
2471,9,46,0.22372227273539197
1821,5,61,0.2296077734278052
1449,14,3,0.10649136081274878
3796,2,32,0.95
3996,3,48,0.95
4360,2,47,0.95
1696,9,52,0.13361396493663652
1727,6,27,0.2280600480295886
2602,14,10,0.05
3908,11,52,0.3153519481665656
292,12,31,0.09621855349213093
2774,1,47,0.95
3945,3,9,0.95
2677,7,6,0.21801001343628595
191,7,63,0.05
4334,5,40,0.7475122297392115
580,3,5,0.18415038104353573
3016,13,41,0.2513970030737397
4535,15,37,0.2388204836801801
1175,7,22,0.07887875734631859
2613,5,63,0.46201633978157647
898,6,34,0.10089898369162885
4670,3,27,0.95
4049,6,41,0.5959698747158189
704,7,40,0.06534471932726431
3079,14,12,0.19169220389110075
697,8,22,0.12841574067505113
1632,2,49,0.7065126241639551
613,2,23,0.26232266477217825
1977,14,50,0.13027744590624135
4072,6,57,0.5503075199093965
3943,8,58,0.4313475801311991
1799,5,60,0.30096542065165416
1129,14,38,0.05
4695,1,59,0.95
816,11,8,0.08937601747527144
4186,1,43,0.95
765,10,14,0.05
2308,9,21,0.22708080302514982
1179,4,16,0.2262314944195965
327,12,39,0.051303098644674985
248,10,35,0.05
1169,1,37,0.95
4827,11,54,0.31199459171908495
1463,8,47,0.12714007129765453
4608,2,58,0.95
1855,12,62,0.13347544763584343
619,2,26,0.3124558857747825
3644,1,57,0.95
2422,1,30,0.95
1202,9,48,0.15151485623102204
697,13,29,0.05
3373,1,15,0.95
4149,6,5,0.5124332181075915
2705,12,39,0.16259008396379707
2288,7,8,0.3006187179484894
4925,4,14,0.95
688,5,18,0.1123262312147622
4572,4,30,0.95
1507,4,18,0.19820630688840718
4946,10,37,0.39796855908014267
4822,15,20,0.26318619587759196
3490,15,27,0.2163316680598127
3540,1,53,0.95
1729,6,46,0.21509733298342487
1094,14,62,0.15953404416142514
4898,10,10,0.33924901378337036
2159,14,3,0.196837261312805
4672,10,63,0.42051112093430404
3086,7,21,0.36107600881406504
500,7,24,0.16964577020655178
2955,8,19,0.3045889694169057
2324,7,57,0.23382128939015995
3512,6,27,0.49847938688080734
156,12,53,0.05462075945183061
1975,15,26,0.13735406920595106
4643,8,63,0.4566351561564378
4398,3,18,0.95
3868,9,40,0.27224650122664684
4933,3,50,0.95
4397,4,60,0.95
1453,13,11,0.05
2510,10,60,0.1725824268871023
4411,14,26,0.3248736459746909
2702,6,47,0.36376704828607803
3034,12,29,0.2089222155980113
122,14,27,0.07756297783288214
2302,12,13,0.13020623952517524
1309,8,62,0.05
2396,3,59,0.7346667459285844
848,13,45,0.05
904,10,50,0.07400825215734588
233,6,20,0.05
4516,5,61,0.7284137021719185
2537,5,24,0.3796764484948522
533,5,15,0.07983367384688328
3771,9,62,0.30136175727181663
3836,13,18,0.3144479888279226
4139,7,16,0.5535262886048091
2198,12,22,0.18029936569037175
3017,9,39,0.30540828329039454
352,15,31,0.05
4934,9,20,0.5134041476226885
1229,13,33,0.056324747839491714
3364,14,30,0.2677502788027668
401,6,23,0.14056510066486008
2077,14,21,0.11154689852892502
2863,6,39,0.2855109482996396
4105,4,39,0.8667764003933903
3341,8,37,0.290164275140981
3157,14,2,0.15794025002970646
650,2,20,0.26028590317591294
1687,5,44,0.3285445677458522
1922,1,27,0.95
3317,10,8,0.35336874675459884
3596,14,35,0.17433199316660242
4509,2,37,0.95
4379,1,7,0.95
812,6,38,0.14645116072160047
2275,2,63,0.95
4172,12,23,0.33117798509938157
3949,4,54,0.7418612349494293
2533,13,10,0.1334937107164422
3401,5,44,0.6155669293437056
370,7,61,0.06823424318311591
1894,10,30,0.20980127093059356
2562,1,51,0.95
4393,12,53,0.2785198976186675
3494,11,18,0.2236677696939577
1179,5,61,0.11417950383277757
2978,15,14,0.19181431132034762
4823,4,56,0.9324615877628982
703,7,18,0.08372004670173097
1685,14,55,0.09455101044039436
3157,10,59,0.31880473538336895
4085,7,11,0.6009859852574494
4789,8,62,0.4794744050248256
1495,4,26,0.3377071077703645
3788,4,19,0.7890758440969923
699,10,50,0.05
613,5,45,0.16125011093878308
1166,5,16,0.21432785328827597
2986,11,60,0.25567858150416295
2753,3,28,0.8095988636758745
1188,5,60,0.24323801078903123
4485,5,59,0.739265598466116
4964,8,62,0.5696076967837911
2614,7,20,0.3030679716183422
4069,8,55,0.3636428422443576
3384,13,16,0.24184382129950965
4666,5,46,0.8454360871847919
2296,12,8,0.12601966681676577
4283,11,44,0.24541343418185346
889,2,41,0.37673677218351287
3575,8,53,0.3200534995637828
3253,9,17,0.2728098394104107
1764,2,25,0.7397247352634803
1409,14,24,0.05
964,1,12,0.7804806900245663
3963,12,25,0.25602128784997286
3463,6,6,0.573437567686482
3624,3,59,0.95
3886,1,40,0.95
123,13,49,0.0696611963849074
3103,6,31,0.45338400317244865
410,12,17,0.05
1331,8,21,0.15490083212160485
3888,9,30,0.36676969433596956
2811,13,18,0.1061591388735006
4901,6,20,0.698083383177349
521,12,61,0.05
1873,6,27,0.2706398612411525
3668,1,16,0.95
1046,5,26,0.16396069828811882
1286,3,16,0.3039670388747605
1934,7,60,0.20220397756894293
1664,12,21,0.15732317437806315
2047,9,31,0.2037581864821278
1408,13,22,0.0925589055068859
3086,11,48,0.1651139242982554
486,6,36,0.12739437904912143
1261,5,45,0.17958289141267123
3358,7,60,0.41778725956300156
4911,11,7,0.3670265550451858
4033,9,53,0.29400868334970065
2947,5,38,0.5096861559318943
4621,15,12,0.19681150094258004
1539,5,24,0.2733227159087157
3542,10,45,0.2689709325838464
4580,4,40,0.9445686915641301
155,5,10,0.0613112597609507
3424,7,19,0.34452608053220174
205,3,47,0.21187268366082881
3301,4,37,0.6454295040775591
769,9,41,0.1061094215128447
4571,15,49,0.29903357163455724
842,12,37,0.13484383449369042
1066,2,29,0.41074020825163726
407,8,20,0.05
2238,9,31,0.2620728626929237
3564,5,59,0.6212252965709455
4997,7,39,0.6232184295100228
209,6,52,0.09890595691186353
3732,1,16,0.95
4535,15,45,0.26098753195867647
2015,8,63,0.2763597577113671
4363,9,13,0.4127919018515336
656,10,3,0.05
204,11,10,0.05
2147,1,36,0.95
245,15,2,0.05
2863,8,47,0.3461459471940815
973,3,61,0.3901568959812164
398,12,32,0.05
3338,6,29,0.39355171959627644
745,10,46,0.05
4833,8,62,0.4927219448859374
3178,5,58,0.5291745536044599
2611,8,38,0.30270703717073844
883,7,8,0.227486276333692
470,7,47,0.08685096689940325
586,7,17,0.07407251996015941
2137,9,51,0.2479459895801421
3296,6,15,0.37860661372078386
1460,6,34,0.21526131920771557
4387,11,7,0.250986602465657
4925,9,62,0.5264044441335877
2361,15,22,0.06364752374484783
2721,6,11,0.4276550836091128
1056,7,33,0.1663289734197585
480,15,7,0.10035493566934053
3749,7,3,0.4002646168546772
4993,2,40,0.95
338,13,50,0.0708098332355371
1205,12,28,0.10104761073297856
1486,8,57,0.1793367731703498
2652,12,15,0.22105407078225595
2349,11,24,0.16134088156161044
1627,6,40,0.1778279634503654
1767,4,55,0.328590200452384
4232,11,59,0.3161416191895492
2791,13,22,0.14163032857178884
3772,7,42,0.4347650894060374
2096,8,52,0.21715186972812237
1525,1,31,0.95
2912,10,26,0.18777666075946786
3347,13,54,0.17661884661293445
2692,13,25,0.17044296621151922
1590,4,12,0.27973796640881476
1324,4,36,0.12369202471069796
2687,10,56,0.19313251021205896
3164,9,59,0.2798729006684661
932,13,5,0.06884469957748324
4792,6,38,0.6171261678473068
2540,4,37,0.6128124803248005
4895,13,14,0.352617185588892
1746,1,10,0.95
540,8,29,0.05
1629,11,56,0.08906486325918
3065,9,47,0.23017089115663042
2467,5,17,0.46854738389421063
3386,5,55,0.511000660219795
4763,10,7,0.40216136551890713
4431,8,28,0.43562304030675464
1404,8,11,0.1362802913644941
3134,5,24,0.5737910556099771
3788,4,22,0.805045821012682
4073,6,27,0.5838709198843012
1285,10,46,0.12288464643473546
3362,5,63,0.5845063914804864
2207,8,4,0.17748593035952362
1940,9,60,0.1456081918643144
4420,13,44,0.3018573436097173
2847,1,36,0.95
4777,9,8,0.4247209508046222
4364,13,28,0.2934555613275056
3233,9,63,0.35455246241000016
3520,6,43,0.5316074579757062
1565,11,34,0.19849775177073453
4209,10,5,0.3580806279871587
2311,5,27,0.39107025628489983
2904,7,63,0.31263185432539875
1643,11,9,0.15220078225938105
1789,8,21,0.24909063745347604
1671,9,18,0.1266022271202955
4641,9,6,0.4520190181087901
3379,10,50,0.337527988394973
3641,11,10,0.23411112733067202
4911,3,9,0.95
3123,13,63,0.23048619336368986
918,8,8,0.05
4621,1,38,0.95
1224,7,37,0.08994076585704586
1229,12,56,0.05975535592798485
1802,15,4,0.07927634358499518
2101,5,9,0.34829871970843207
3978,13,6,0.30033194003320957
4472,13,6,0.34765079194153947
1906,2,18,0.8029092926156629
3047,2,62,0.95
3309,8,48,0.38620351121386376
2252,5,59,0.37106058246484036
4741,14,28,0.35550147286228445
4305,12,41,0.3023063485480363
644,11,40,0.06117142708925759
2501,3,50,0.646322453629768
4938,1,13,0.95
2464,11,29,0.207760691420244
1389,7,5,0.20866586741765203
3865,11,53,0.2815429092516191
1975,12,29,0.10076173875251448
4528,3,26,0.95
4787,7,59,0.6068540891487881
882,12,51,0.05
639,2,37,0.2242316662162236
2882,4,43,0.5798047940021761
2768,2,4,0.95
4814,4,59,0.95
4037,5,32,0.622799896386401
3056,15,38,0.2631980739822458
3822,14,13,0.21966671503437635
3967,8,56,0.3520823133722883
1933,2,38,0.7347304344384159
2246,10,38,0.21586188063644826
2270,3,5,0.6473173355922999
3491,10,31,0.3200177464073093
1716,12,58,0.07609675091250451
4717,13,39,0.24299445467827394
1016,5,43,0.19627914307706942
4912,11,39,0.31983066803805305
2856,12,28,0.19008615905710494
2036,12,55,0.09712676607315773
4142,9,23,0.4659256826765762
3191,10,2,0.3120348914360113
4755,11,49,0.4919719041239821
1068,5,44,0.20993535442442104
3464,15,39,0.20810499207197328
3303,14,21,0.230594853653894
989,9,19,0.05
892,4,7,0.09669193269637735
3558,10,50,0.3320719329907553
1081,5,13,0.151120706413287
3631,15,18,0.20169606485874533
3629,9,54,0.2545759458746272
901,4,23,0.1617760639339489
142,5,19,0.05
3449,5,11,0.6210766114549792
1877,4,25,0.39769359751517425
3301,4,21,0.6187054666275971
449,11,13,0.05
1667,5,5,0.33329634588794377
1229,12,43,0.06277552676663282
3059,6,63,0.469886305157202
3887,7,6,0.4353942741789298
1880,15,27,0.12118822657269937
683,6,37,0.09779857096128303
4627,15,60,0.25164247169060544
3477,1,63,0.95
3501,15,17,0.11382701804917608
3285,2,6,0.95
2294,7,27,0.27494819228565837
1262,14,20,0.05
398,3,57,0.06682369732564877
3447,12,7,0.3063010681654963
2039,10,25,0.2194388950904149
888,11,32,0.1045797997089172
2989,13,32,0.2722131662380759
1477,2,54,0.5604833748968325
2049,6,8,0.29836514367265415
3372,11,11,0.18597165502367313
977,4,40,0.1834181377012915
3842,12,23,0.2513022537090306
1677,15,15,0.059184809094139326
3239,11,29,0.24338295645188981
2592,5,43,0.5395453183862617
2855,15,63,0.17168857867705278
2003,6,62,0.32719630097743024
1482,3,53,0.4168296566614884
4340,1,23,0.95
2422,3,58,0.6412426191634207
2656,3,33,0.7110246887866625
1961,6,12,0.2702376985731038
1966,4,15,0.4398079781700726
4147,7,32,0.5367647290543848
3275,13,45,0.22737728087615844
1198,15,5,0.11957989061383233
1834,11,46,0.10631625086874306
4763,2,23,0.95
3516,12,55,0.2691913820745074
4726,4,30,0.95
780,8,36,0.05
2170,11,14,0.25645810171362776
4924,6,21,0.6445012442874541
1829,10,20,0.12923758602104155
2291,3,16,0.6736895392072506
767,10,52,0.05
1712,12,27,0.07219816303412
780,2,61,0.3293252499989262
1072,15,21,0.05
2946,3,62,0.7784817150659775
2232,1,37,0.95
2563,1,7,0.95
2629,2,62,0.95
2603,14,16,0.1911984593433721
4492,3,5,0.95
3283,13,7,0.217465550648362
4133,9,3,0.4210241735742206
3267,8,37,0.34320331309768864
3097,12,51,0.1655087106817918
3327,15,16,0.20192328932086007
2252,11,13,0.13482369758114054
1828,11,41,0.15990226221441206
2124,15,45,0.13276955208572042
429,9,42,0.05
2586,7,8,0.4107803590852618
1255,7,23,0.21313406515122035
1990,5,9,0.3289199518246537
4577,7,53,0.5702523079004689
2285,4,43,0.49274609057009455
2417,5,12,0.37578566536512753
3721,12,3,0.2869617075719988
4591,1,31,0.95
2611,11,5,0.1276232973335027
549,4,54,0.08880462963000071
1454,3,26,0.3786197300890047
1393,2,22,0.4836795687787221
2565,2,26,0.95
3202,8,10,0.3072523419067612
1949,1,9,0.95
3275,8,6,0.45369006250900207
4381,9,47,0.3569145657739598
3299,6,29,0.4534723844313423
1333,1,3,0.95
1537,10,22,0.09607756242019827
3452,12,60,0.21365762409861128
4130,7,50,0.5476676337022425
352,15,9,0.05
118,15,35,0.05
2859,5,24,0.6115029626864368
322,15,16,0.10540189915543498
102,9,28,0.05
1359,7,3,0.18649338993909723
4423,5,29,0.8157358568137459
4694,13,12,0.2594905592405388
2668,2,47,0.95
1985,14,63,0.10250594954098174
1399,4,22,0.3391923732010247
2438,2,43,0.95
1176,9,33,0.20444338938683398
3858,2,33,0.95
3281,2,8,0.95
4910,2,23,0.95
1047,1,15,0.8829977851052843
3838,9,14,0.3446467052041085
2831,8,22,0.2911243544334986
4107,2,23,0.95
969,2,35,0.3506066122854692
193,5,11,0.05
3087,12,2,0.23794317973409235
4755,13,2,0.35685201645440723
1875,14,25,0.17180461779988365
2360,12,4,0.1659560637187539
535,14,32,0.05
4400,4,44,0.8327649918685416
3244,2,52,0.95
3687,8,42,0.45100115165938165
176,8,14,0.051089863839094876
915,13,55,0.056254055706691626
867,4,5,0.13272080952740578
3785,14,53,0.17751183582501595
205,4,24,0.05
4016,9,7,0.3947894346409119
2973,4,35,0.5158896323756522
3446,15,42,0.1252911488331117
3248,10,19,0.31763061487858335
3248,11,57,0.3324433702330894
1565,9,37,0.1361612033481066
2687,3,27,0.7791629894262998
344,2,34,0.13755199136116433
2725,15,34,0.15755989403302947
3949,11,26,0.2443759732575792
1505,8,53,0.18459262603701426
1081,12,18,0.05
3908,3,52,0.95
241,13,4,0.0530826786652267
992,2,56,0.44473135591028784
2499,13,23,0.11986331493144003
4740,11,57,0.3725958017682146
3060,8,56,0.28999507868842805
2299,15,50,0.16470098259534308
1569,8,36,0.20523944356349574
2800,5,58,0.5056838455107029
3105,9,5,0.362392889310905
4958,11,60,0.40243379995903833
3474,6,29,0.5602491161682286
4819,5,60,0.8406793251946045
755,12,62,0.05
2868,3,14,0.810290014258967
142,7,63,0.07218002406904672
2411,14,31,0.20253242477365574
1760,15,63,0.0786267927471057
4791,9,48,0.42385768502339316
2324,4,13,0.5178200721213102
2210,11,4,0.13169462510986216
1057,7,22,0.11899515658980939
660,12,41,0.05465997481257977
1430,3,2,0.3931816348618864
1412,11,19,0.15147829112655214
1921,2,14,0.8412924627161709
3102,13,8,0.21019219351806473
3503,11,14,0.21267389678114654
2751,1,18,0.95
1914,6,46,0.23107641424901937
1841,5,33,0.2823999419731115
4801,2,30,0.95
3908,13,46,0.17834872566739307
2977,13,63,0.24252654440307603
3370,3,31,0.95
4183,9,12,0.3258407659047778
845,3,15,0.14481763501984157
657,7,54,0.08657934778011545
3401,1,11,0.95
1041,7,9,0.05
4123,9,32,0.3304970002788149
2396,12,7,0.23308959806588767
1039,11,20,0.1097252513679883
1710,8,56,0.24442638153323065
1825,7,20,0.16554590489705479
1084,10,13,0.09060351867151618
1687,14,54,0.09762071945576127
4121,8,40,0.48340225470051723
1436,13,51,0.060572617564184215
3237,4,59,0.6491806888098832
761,15,53,0.06795575410133048
132,2,19,0.0944167058505414
3514,14,56,0.18658091371172
1256,14,4,0.08663297648113762
3226,11,10,0.2916539646256415
160,9,60,0.05
4028,15,7,0.2017704444860463
1643,3,2,0.47171392811044677
371,14,43,0.0547410732879509
4176,11,41,0.32053962476317455
3488,4,30,0.753576350126227
2852,7,56,0.3874797613549474
2809,2,50,0.95
1254,14,36,0.11801388015999088
4505,15,36,0.24228962185993214
3953,8,31,0.38793133332428376
1845,12,36,0.19926571100776425
3532,10,40,0.18254244637479505
437,8,23,0.0667274483717891
109,12,44,0.05
4244,5,29,0.7416222090160712
830,9,19,0.05
4990,8,33,0.5381265446878194
1748,1,6,0.95
4328,9,55,0.420853429492702
3754,13,61,0.19717158280599853
2230,14,35,0.10277177159018488
4571,14,32,0.3072455758773558
2496,5,47,0.4107506900539871
4466,9,34,0.3137778821918914
1606,9,5,0.12500510049980496
2258,10,15,0.24745231811036755
3016,10,16,0.24411056320309046
4271,3,61,0.95
3329,8,21,0.3289681294207272
3703,7,21,0.43996840587520636
1766,15,50,0.06066961641919433
4524,7,36,0.6059670572666749
4236,12,56,0.2792155031871465
3069,10,5,0.2445935465798024
2789,2,19,0.95
2426,2,25,0.9206128987912139
2910,2,28,0.95
2616,13,34,0.13814965436013363
3571,11,62,0.14853341513960713
112,2,26,0.05
3070,14,6,0.18015056756806364
3721,4,19,0.8367020021078652
3783,7,46,0.48626128999435037
3573,2,47,0.95
3222,5,21,0.5420907592256436
3564,14,36,0.23126381711713334
752,7,56,0.09444356987333112
720,9,7,0.05
3890,8,28,0.3702764390855285
1745,9,29,0.1623259198535903
2343,7,12,0.240749717350836
4612,3,10,0.95
4859,1,53,0.95
3591,10,29,0.321172862360106
3811,7,20,0.3683958940799935
3788,13,40,0.18123895619038377
1479,11,55,0.1289086559431441
4343,6,22,0.5458966463590283
2145,2,32,0.895129854936056
3148,1,43,0.95
1488,12,8,0.08025454928418509
501,10,38,0.07483629314988939
2753,4,26,0.5482743140918447
4424,14,29,0.24684624252479717
4023,4,37,0.8589321027222335
367,6,18,0.08459077716769099
4321,11,27,0.26465063269641376
1825,5,29,0.23823781758591395
1212,9,38,0.05
2775,8,18,0.3728909399468594
4884,9,61,0.4304522846906048
1380,10,62,0.08006105027037241
1332,7,50,0.17317867960254033
4476,9,18,0.3316795010590576
4638,3,34,0.95
1963,9,57,0.18211447704432654
4584,2,35,0.95
716,9,58,0.05
246,13,24,0.05
4716,6,31,0.6304655393222747
4825,4,28,0.95
3777,12,52,0.18762640198799943
388,14,10,0.05
1509,12,21,0.1677163138649945
113,13,24,0.05
356,11,48,0.05
1821,2,20,0.7505406947680526
1523,13,38,0.07363149097768319
3090,10,46,0.2493451121138823
1295,3,5,0.34190798456876764
4659,5,14,0.7557384745349721
4465,9,39,0.4660982807482452
1344,7,13,0.11233230855164254
3323,11,62,0.2199648176238798
3570,12,10,0.2935549084338258
4267,13,16,0.24401563882037544
4069,11,22,0.2858423135289345
1406,3,16,0.36038782696659094
2221,13,50,0.19478181039134723
2502,4,62,0.5656515435070608
596,14,6,0.05
3499,12,6,0.3136617440617251
3706,11,26,0.1724958673330019
1009,2,25,0.33665946468517177
472,14,38,0.05
4557,8,54,0.41955747354917866
1444,6,32,0.17895521517069957
423,3,47,0.06390306051289432
2531,13,35,0.10177035786932545
4770,5,42,0.8180965463484079
4931,5,15,0.8036151080615782
2884,12,28,0.23694632023298842
2493,1,48,0.95
4020,13,5,0.262475831858355
1315,5,24,0.2508097384415896
1795,6,59,0.23665040904581716
2007,10,39,0.10177922781992403
4914,10,47,0.33570917171179243
880,11,6,0.05
1119,11,28,0.11954135088076984
3365,11,44,0.258938882637292
1503,13,54,0.05
1526,2,15,0.6642503013317709
763,3,8,0.21139100274504105
2747,10,47,0.17979078274074528
110,5,46,0.05
1138,14,19,0.05
2925,13,33,0.24330078110546013
3103,3,58,0.8602040072884662
4780,5,3,0.7570410014215292
1175,5,42,0.3032055880134571
3188,8,44,0.37790767253471474
1889,10,21,0.2023254399090419
3136,9,30,0.3387221737996838
4938,8,59,0.5734654972879051
3753,12,44,0.2816597834854638
3275,3,27,0.910740074058385
4399,15,39,0.24972490622669605
1176,1,2,0.910970208971459
1073,14,6,0.05
1965,15,55,0.1446340469829961
3225,3,58,0.95
1399,1,15,0.95
3506,13,26,0.2941386946452739
1258,11,49,0.1720699009555547
3229,9,10,0.273178143245423
204,12,31,0.07462679000319976
3667,13,20,0.2667007046442154
4448,3,62,0.95
4490,14,53,0.2938513422815956
1281,8,41,0.14773980336401288
4744,6,9,0.5607315499877558
3238,3,17,0.95
4494,9,51,0.3624062526672706
3634,8,9,0.38833985609572175
4296,3,24,0.95
3227,7,10,0.3705596394778129
1874,5,33,0.275230250514017
3914,2,38,0.95
191,14,35,0.05
546,8,54,0.11806435833073173
208,1,47,0.1315218779945769
4512,4,19,0.9113950728222802
3339,11,46,0.24852984477548065
4153,13,45,0.20179228879305866
4637,11,16,0.3237170778670675
1345,12,54,0.06625312898466841
2820,13,16,0.1173907245890024
377,4,30,0.05
3156,13,58,0.23929182303281538
4764,10,24,0.2969453667575351
3022,14,24,0.2306114888304533
2613,5,2,0.4092779914889736
938,4,58,0.21176701918217866
2901,1,23,0.95
129,14,8,0.05
1357,7,46,0.18404710312706088
464,10,33,0.05
1900,11,29,0.07405315309468564
1004,2,51,0.4060444417988381
4893,10,33,0.39974368085524603
2278,3,34,0.6810079345654488
2950,5,44,0.4179133327008889
2936,8,14,0.33535110111757427
4546,10,53,0.35797848006361804
279,8,29,0.05
3973,14,10,0.12920801963242662
4060,2,63,0.95
1286,9,58,0.15583979360356995
4059,6,63,0.5476653711510678
873,9,49,0.061645804752944205
4705,14,44,0.37164735175779384
4560,4,4,0.9465018475517735
452,3,18,0.05
4607,14,35,0.1944006291494203
4930,14,33,0.3659435726410819
3128,5,10,0.49501597892487426
217,5,42,0.0754438012810428
581,4,49,0.10100070381143676
4387,13,61,0.30004984996398143
2737,7,2,0.3022009147252959
206,8,58,0.05
4577,15,50,0.27609839164911903
4978,5,43,0.7659028979283531
343,15,21,0.05
2732,9,6,0.261559645902912
4663,7,41,0.47709564042296376
965,13,46,0.19511866744684658
3081,13,22,0.17867698363940085
1661,7,6,0.14435872262485436
703,8,5,0.14673728025069233
3162,12,58,0.15645691451220844
4118,4,62,0.8266700350883744
2115,10,9,0.18326913289155172
1758,13,26,0.08264137359438366
3480,13,56,0.24925887159032123
3867,6,8,0.5641663936877127
3870,5,38,0.6057332718499859
1713,1,43,0.95
1979,15,33,0.09438914696650448
4208,14,18,0.2604395807479709
2446,13,29,0.13725256502606795
1199,9,7,0.08871533145435881
1174,2,43,0.485557183644083
886,6,49,0.2153680539683559
248,15,55,0.05
1854,15,43,0.050303551981365754
2269,8,37,0.2403001877161981
3856,3,3,0.95
1279,5,32,0.2617058022514623
3409,14,2,0.19730701443869184
2523,7,4,0.22923847406303544
4277,4,60,0.9113808601750112
4687,14,14,0.23749263698022263
1024,12,32,0.09127578531996375
1703,5,30,0.3316606097369121
3152,1,58,0.95
4318,4,45,0.8915041272802888
4903,14,34,0.30037565749230105
2477,14,54,0.11431641275284599
3580,7,11,0.43068104141764685
3282,12,39,0.23834129109709723
2917,10,10,0.198747183934845
3260,7,2,0.4479962123573254
4905,10,45,0.32269735827040374
4989,10,38,0.45611992644517885
811,4,33,0.23793318658335091
2686,12,34,0.22597579196832604
2748,6,3,0.3287831513912732
1817,13,47,0.15972765763450325
4452,5,3,0.8472138097033537
970,1,60,0.7993361920277156
3674,8,6,0.38267791515747857
370,12,11,0.06424720789924719
1643,7,53,0.15196449306434873
649,15,39,0.05
4763,5,38,0.814894018726255
4114,13,3,0.2655447377710355
4554,10,42,0.32768295621896265
1812,10,62,0.1702599505886097
3340,7,43,0.3801822217915101
1462,15,41,0.10000511676479205
4993,10,26,0.4255157738791682
1384,3,60,0.39115968605948076
986,8,39,0.10199338430283189
2358,5,38,0.30532658098355964
4482,2,54,0.95
1885,2,19,0.8752829939769787
4938,4,28,0.95
3643,7,21,0.41982935699458696
395,14,51,0.05
2153,10,35,0.09589543681136638
2697,4,45,0.487530270912768
780,9,9,0.05
4990,2,5,0.95
4398,6,61,0.5783274287062975
424,4,31,0.12368598995489707
2391,6,53,0.32042475308520363
4522,10,56,0.3901215324643915
1086,9,37,0.08205858110862216
3218,10,10,0.2614221991878546
860,12,42,0.05
3793,9,13,0.36415892044063003
1136,9,15,0.05
1006,9,63,0.0929407671592244
464,3,36,0.12110425879195759
3513,12,7,0.327306659156291
1169,11,48,0.09992738314291191
4469,14,24,0.3455001063594899
2355,9,52,0.17871092639554897
3786,3,5,0.95
4319,10,63,0.44383949076792606
3181,3,2,0.8717461659088456
3358,5,60,0.5192635162057483
2207,6,10,0.30759291856619586
3033,9,56,0.2903624240889976
2929,1,59,0.95
541,15,49,0.05
1659,8,56,0.20986417393793488
1841,14,10,0.19719361498391044
725,14,45,0.09903379903235246
3963,4,47,0.9160392997777979
1790,10,16,0.1497714442622697
2881,7,55,0.37318728844833476
190,6,25,0.05
3106,15,54,0.29567584017369114
4402,6,49,0.6562513852908327
1188,7,9,0.15293294808490634
4711,4,29,0.95
1280,6,43,0.07115547292010085
2001,3,47,0.44731674609296446
4590,5,18,0.7103399809583667
286,13,36,0.05
1697,13,32,0.14121923750077114
3508,14,5,0.24922975123673713
3847,15,49,0.21371441683527923
2770,13,15,0.19372997575755957
4925,2,60,0.95
339,3,26,0.14897322126006535
2680,13,57,0.13528605363182128
4336,9,47,0.3857733066485379
238,6,49,0.05
2606,3,41,0.6852786970937342
4265,2,51,0.95
4580,5,8,0.781180859204589
4825,10,32,0.514726449063901
2345,14,61,0.1452171762279666
4400,5,36,0.770701400682514
1849,1,39,0.95
667,3,21,0.20520895881689769
981,7,17,0.05
739,9,23,0.05
4061,5,37,0.7073457741396978
4520,4,20,0.9298081477802416
4637,3,3,0.95
4999,10,5,0.3956272458758068
2435,13,59,0.20223439404535526
4421,9,35,0.3780755328493766
3085,14,8,0.07022283761783654
659,7,48,0.16628656376973905
813,12,50,0.06218391575374906
4693,7,15,0.6401291218845366
4088,14,44,0.260955818673763
356,13,33,0.05
676,8,18,0.08814819752851824
137,10,38,0.05
2172,1,56,0.95
4605,11,15,0.41312500803998214
560,4,18,0.15094179708154845
1540,13,33,0.11790200965149565
4578,13,61,0.2974933424774713
1932,5,61,0.2930106720925827
4764,5,53,0.8478060361042076
3499,1,54,0.95
532,3,3,0.13563427767618572
4251,2,40,0.95
1851,12,5,0.09724441554566422
2147,7,41,0.23322762246621492
2940,13,31,0.18857983845419637
356,14,31,0.05
771,5,34,0.20128782129652956
589,3,43,0.08721726321478213
3814,11,2,0.31705750029798835
2196,8,34,0.20465929961597357
1782,1,37,0.95
4511,1,50,0.95
2560,14,32,0.11511220658186036
4629,6,38,0.6688709930530935
4012,1,15,0.95
2075,4,63,0.4084766458979369
3316,6,7,0.4453504418958734
1489,1,8,0.95
4615,13,41,0.37897195475326784
3956,9,25,0.3626378597943269
1684,15,51,0.23807719033440425
3063,4,61,0.7674054793587272
4629,9,5,0.5105625816715353
1076,9,56,0.15051272514723715
3464,13,58,0.23936762679224532
145,6,26,0.0960683529693769
1293,13,60,0.18849404122455268
3442,7,4,0.41534317734364423
4612,15,29,0.2695731119155689
346,13,24,0.06073957214794951
3319,1,37,0.95
4425,5,58,0.8113675116276194
891,3,56,0.18591582023715858
736,10,49,0.07857956858812942
3875,10,14,0.26353680427107706
2521,13,62,0.15966073193696373
4933,6,23,0.6483275578541358
1188,4,26,0.24470954106355577
4283,15,56,0.15414044665700077
3259,13,44,0.23885654976302478
812,14,25,0.05
4796,13,44,0.36055791284575817
3744,9,38,0.34393771225287767
3990,7,53,0.517050344468026
2686,15,34,0.12595630215355597
4409,14,15,0.3024785089787805
2208,15,25,0.22811320497180546
4893,4,23,0.95
3714,13,53,0.27862384721959904
1342,11,52,0.05
2159,6,38,0.29299708063428104
3586,2,53,0.95
4432,14,60,0.2970024097986229
3910,3,60,0.95
4000,15,24,0.2595853128578881
2705,11,7,0.22015483762664737
4842,7,20,0.56438894189493
3134,11,13,0.2763025960467317
4668,12,27,0.37727199228688646
4307,4,30,0.876338695724822
4151,14,60,0.30210214005866576
3463,12,61,0.22915635544558802
4121,10,15,0.2063562369414264
1945,7,18,0.24234293836180307
482,9,31,0.05
4212,14,8,0.2315533134662173
4688,13,22,0.19962234926650924
3910,5,2,0.6666190210176033
1996,14,50,0.0843316567131327
1609,1,39,0.95
4312,5,5,0.7715209453050692
1678,6,47,0.12769478084031033
979,14,9,0.07686298581155102
2262,11,19,0.19093025303312589
1672,2,53,0.7085374353399203
1748,8,61,0.2373722725018307
4839,13,46,0.3544032889485788
1459,2,9,0.6144150372632556
4531,15,32,0.21412793046410475
3069,14,32,0.1602573573618312
4060,9,29,0.37476723453622196
3911,14,57,0.11615182784331349
4342,13,49,0.25331439270309203
4317,2,38,0.95
180,3,4,0.05
2832,8,46,0.3353645514336351
2809,11,16,0.25643163666906443
2522,6,5,0.41085324772765563
3741,1,36,0.95
4699,15,60,0.24841083875356293
767,4,35,0.17524805986723627
2596,5,63,0.3928826158742931
3599,14,37,0.17917766995565382
3598,11,58,0.3226162384446058
1544,3,7,0.3941252528387668
1445,1,5,0.95
1289,3,50,0.37792319867429514
558,13,31,0.05
1312,9,40,0.13483634970030958
4659,2,19,0.95
1011,1,61,0.9144011731631742
1125,7,23,0.08692336221533467
2511,13,11,0.11218587278493339
171,7,50,0.05
2785,5,30,0.4818543274077438
1293,2,24,0.5528377020022248
1948,14,5,0.20192895908910166
2484,1,60,0.95
2122,13,20,0.05342571875609975
3841,5,27,0.6658565653963656
4848,10,8,0.41515444117040967
1398,4,14,0.2844169254813179
4202,9,4,0.4294460182813379
1004,5,41,0.08565446367418224
3126,11,12,0.1502348771495513
2128,10,17,0.07726001200150838
4811,12,21,0.2986210419819572
2720,12,52,0.24997416921260182
2746,2,24,0.95
4965,4,24,0.95
2389,13,33,0.1683878107585945
3972,12,42,0.35318699490625116
1585,9,43,0.10365692108171817
3251,8,56,0.2935415446313536
1540,3,39,0.4795297805550029
865,8,4,0.05
4579,13,53,0.35399892203915584
2538,2,9,0.95
4192,3,39,0.95
4883,14,58,0.32331424422946076
1249,5,41,0.23075130852172032
3665,11,15,0.26554750579707953
4242,12,9,0.26327997340670867
2072,14,12,0.20410859602168402
2766,10,43,0.10806543184650096
563,10,59,0.05
4318,8,56,0.4233651965441958
2281,1,43,0.95
1742,4,44,0.36279322666837066
3988,1,34,0.95
940,1,16,0.8098306281569705
2754,12,38,0.10437257997841849
4218,5,15,0.7211743169128187
665,6,56,0.07736086281239822
1064,15,27,0.09266359448956932
2382,1,58,0.95
1095,11,61,0.12104493633255364
1287,6,53,0.14821547022375345
4411,5,9,0.6983287488474386
3354,4,50,0.708472260950406
756,10,5,0.05
3082,5,37,0.6244299792716537
1213,8,19,0.20674380632880657
4506,9,28,0.3394024797332598
656,11,60,0.06110227694473616
3119,14,20,0.2447663465658912
2404,12,4,0.14731956278563882
2680,2,10,0.95
151,6,40,0.08000477339640309
1461,3,3,0.47347885660792366
1294,15,10,0.05
4119,2,57,0.95
3238,12,7,0.21882488877976541
1748,14,39,0.05
771,13,29,0.05
877,1,49,0.6847891495058769
2379,4,35,0.4964127122060921
3122,8,30,0.38978560520502514
1960,3,49,0.4053656610980386
3239,5,4,0.5457657037036758
1174,14,55,0.05
1816,10,63,0.1778952661835968
1383,5,17,0.2814077076786376
4786,5,45,0.8500687202797784
2086,11,36,0.1531517353269379
2733,9,12,0.2362653648853284
1101,15,44,0.1278115312366434
1146,8,24,0.10281762147169793
2276,8,31,0.23988579071353525
2438,13,49,0.13317326340980476
1955,13,6,0.14207854710570378
600,1,53,0.43166488766796174
2333,1,9,0.95
4674,2,44,0.95
2639,14,44,0.2087775533121483
4708,8,51,0.4818269929639013
3814,10,52,0.1951357227559143
2432,1,11,0.95
700,15,29,0.11183781307827137
4384,4,37,0.9211879132719976
1088,9,61,0.06453223720521614
1981,2,11,0.7749697136716266
4583,3,15,0.95
1854,11,39,0.10609593216538139
2564,6,38,0.357478244293409
2323,13,48,0.11059395998428123
4582,15,6,0.20994134933787
1594,11,56,0.10147758104638796
952,10,57,0.07318655723123796
551,3,7,0.15026864746121002
2424,15,31,0.12074910478258552
1858,15,20,0.15809388326043256
4408,4,53,0.8979103644810595
3453,9,63,0.3917086540281167
4236,9,50,0.3841323677953901
4795,10,15,0.3664942402976612
3438,5,12,0.5878324021765255
2688,7,47,0.35741071848520756
1882,9,6,0.13338102463600934
3620,8,46,0.3053657381652404
1879,11,32,0.19217611023745748
3232,7,45,0.4517467812850012
3673,12,59,0.2819548531741304
3318,8,33,0.3083561690887413
3857,5,25,0.6352511454029048
4116,5,52,0.6260669110661119
2937,5,11,0.5410003426655888
2481,1,14,0.95
4339,6,48,0.62509291837762
4036,5,53,0.6791495721065614
4528,8,14,0.4718530326782005
1519,8,37,0.16867487819301522
4250,2,23,0.95
1430,11,10,0.1666999346962042
3017,6,59,0.34889550652411716
1546,12,20,0.06401930979555286
1540,11,53,0.09853010453605526
3844,10,55,0.3110688905245532
2944,10,55,0.29542644621310604
4275,15,8,0.16934888693067862
964,6,16,0.16101247530060228
571,3,18,0.15165846691573168
1602,1,47,0.95
4784,7,15,0.5892313959546746
1510,10,42,0.11945982964043872
3870,5,49,0.5953042529779801
2005,12,3,0.15635968037956854
4759,12,15,0.31068766787605084
4101,10,5,0.3363843944663105
3604,5,4,0.6397982554188926
3583,11,4,0.34522279512604837
4662,8,12,0.40408768793938377
698,12,6,0.08780843843365965
1091,5,49,0.24675799633251613
2032,5,56,0.33043859375713797
2884,1,30,0.95
3141,2,29,0.95
166,5,24,0.05
3498,7,31,0.5920383662770169
2850,3,63,0.8083730066874679
569,12,24,0.05
1824,15,52,0.05
4085,1,42,0.95
1731,11,23,0.175419865943679
874,12,44,0.05
3112,2,13,0.95
2603,3,28,0.7728709020463013
1586,12,59,0.0913680710916353
4119,9,60,0.368092018108345
4327,8,41,0.4796599555053072
1029,15,47,0.05
3112,4,63,0.5685833307957351
1605,8,50,0.13418628912613056
4829,13,53,0.33300188154600446
3044,9,16,0.28519112576975825
2919,3,48,0.8857923370582159
1284,6,24,0.19892243016699646
388,8,45,0.05
1911,10,42,0.22956683310258374
627,7,45,0.1483145654065713
1016,9,20,0.05886791598326691
1808,7,45,0.24337704442011368
3674,1,12,0.95
3419,9,61,0.33356281694780093
1506,12,39,0.05
1341,5,41,0.37291667543987406
3233,6,44,0.4276412645841728
898,2,4,0.39216920511406794
1623,15,17,0.13611177574821498
4207,2,33,0.95
2988,13,39,0.25353686686944177
2790,4,10,0.5812088943360563
4191,4,42,0.8413620498786956
1341,5,39,0.15212691398252734
790,7,6,0.07517429971768522
627,13,2,0.0583428923239709
1595,11,36,0.10506933162463229
3925,12,36,0.3052999716102138
2993,15,13,0.24904842304558045
992,1,37,0.8114909321815879
486,10,22,0.09771351161749264
1349,4,49,0.28999218105715585
2628,13,44,0.1838179220293325
4603,9,9,0.4267735601481437
3628,8,62,0.39762489854380884
997,3,28,0.2360141505811585
810,6,10,0.07604746289777628
3795,11,29,0.2574727764269694
2786,9,31,0.1704835704502716
4612,8,15,0.41985934839056815
515,7,24,0.056730168075686115
1571,7,30,0.1582800878895764
4280,1,27,0.95
4362,15,23,0.2736225932714313
2531,5,16,0.4342577561685317
2615,7,52,0.30582641695676444
1195,14,10,0.05
909,13,27,0.060751471360406754
3144,2,18,0.95
1092,15,10,0.0952947214883237
1381,6,4,0.15194577657303748
4470,14,58,0.2088346811451245
1873,2,17,0.8514263712315299
3661,3,14,0.926783275762573
3916,1,27,0.95
1856,3,18,0.5208537277039229
2473,15,33,0.12056376623073006
2676,7,25,0.2969442182886654
991,5,55,0.2091670910979721
4284,4,63,0.9033718337043544
807,15,58,0.053530171070497845
2497,15,37,0.13543860346921166
4582,13,61,0.2706753128889929
2234,12,54,0.2176431368041232
2454,8,23,0.23188052461394132
4635,8,61,0.4186633981743214
1076,1,10,0.9119525892159134
834,9,23,0.05
2568,14,42,0.22655700860897782
2640,9,51,0.2650050426498848
732,2,47,0.1991732484396309
4368,2,21,0.95
4199,8,4,0.41873591335952653
3001,12,37,0.27212207332734467
1763,11,34,0.12653622162518252
2115,6,19,0.2878495287037415
3281,3,37,0.8913767388900182
4163,12,11,0.2743156042849526
2730,2,37,0.95
3972,5,22,0.633540517360735
1154,15,26,0.05
480,8,50,0.05
3182,6,41,0.49656280704963807
2491,12,52,0.2539240390938531
1692,3,10,0.4804555656221092
4361,12,49,0.27271456204317296
2847,12,28,0.1269372425273662
2489,9,57,0.20590165945739547
3653,8,57,0.3181153252874398
3127,10,58,0.24937060016147752
1307,6,16,0.17857600266100387
3953,1,53,0.95
644,2,33,0.27337794016942524
3181,4,49,0.5663863157460025
3763,2,61,0.95
2339,3,54,0.602664145043178
2467,14,45,0.1245046153504809
3873,8,56,0.40853138781168263
2727,9,51,0.2140259627777337
4031,6,40,0.7178962167829215
2574,4,17,0.597658851918491
3230,11,29,0.1928556308804793
3607,2,52,0.95
196,7,7,0.10657321798922895
3958,10,62,0.2673004033406044
2808,11,7,0.15349090126593773
3436,7,39,0.41528879840395927
556,10,59,0.09934756609512962
4468,9,48,0.4300482487524609
3087,5,3,0.4283670815073133
4188,10,42,0.3093061552063231
3984,4,41,0.8005823495393015
1131,10,8,0.13626923101077681
307,6,28,0.05
2037,12,63,0.07845123131231863
1246,2,29,0.5221410615817124
4399,2,61,0.95
2664,12,17,0.2301156671883872
542,9,48,0.05
4884,7,10,0.6354307570701596
932,7,53,0.15660423158674458
1561,13,16,0.09490158069351287
3616,5,35,0.5757224298032374
1259,7,21,0.23422406472173768
486,9,15,0.06836851327057183
2141,10,61,0.16400265390953858
2653,5,59,0.3936553271919196
1818,9,12,0.23344999821795037
4875,1,31,0.95
4150,13,4,0.2391244923939093
3509,15,3,0.15714466327747367
789,12,51,0.05
1269,3,15,0.3725103060043907
1052,7,57,0.0995834724788972
4979,4,30,0.95
4690,15,6,0.22528308882314096
3596,2,45,0.95
4017,12,47,0.2739201673285729
4942,14,7,0.2325929428922946
2584,3,9,0.7115216638306122
1954,7,40,0.24427245310677437
3539,8,40,0.34801033277457344
3331,11,45,0.14842850940373117
2697,9,30,0.3123187035122787
4083,6,40,0.5167664431417808
2291,10,45,0.22172341488144348
2735,9,28,0.23426566959093956
756,4,17,0.15271166244202783
3912,12,28,0.2617418369497719
3440,5,40,0.6234837842744264
4011,1,41,0.95
1896,14,2,0.12009618458105265
4463,9,46,0.35234029316161536
1862,9,52,0.24729612772843707
4572,9,34,0.3473351300554273
3385,3,57,0.95
1685,13,51,0.05
3663,15,40,0.29411037159765147
2540,10,55,0.2322867834391014
4684,10,28,0.3645578086676409
4917,10,18,0.34058603415528554
3200,8,61,0.3325340227009312
3344,3,16,0.95
1140,13,23,0.07594588208466099
3227,6,58,0.4278332455936699
2373,5,20,0.35914316480970276
3729,8,29,0.44750298287236356
2214,3,24,0.5990177459559017
1777,14,37,0.12428422193396425
3194,1,50,0.95
1098,12,40,0.05
2384,9,49,0.2156729182415005
1689,10,50,0.20641123398805644
1261,9,60,0.1312901190070479
2620,3,21,0.7500628645256826
3955,2,62,0.95
4748,4,48,0.95
794,14,10,0.14485999072099276
4512,8,54,0.4312058914408375
4963,6,24,0.7285834046730256
3898,10,46,0.2560181488142884
3783,15,8,0.24059005738933398
2071,15,32,0.13707590368342737
1603,1,61,0.95
3349,15,52,0.232333155617223
4318,8,62,0.3999868430465875
3342,5,12,0.6536404071755412
1968,13,41,0.13333441421731557
1771,6,18,0.23826454969493402
1182,5,37,0.1636333565565156
1828,10,27,0.18272826911635334
3951,5,37,0.6755575952765137
2242,3,19,0.6298973229614875
1248,14,55,0.05
353,4,32,0.060150026416863095
4202,5,50,0.6634464802754562
3642,11,36,0.19016689803725323
2875,11,42,0.21081414098484264
4737,2,29,0.95
3433,6,27,0.577730968719951
4284,2,7,0.95
3379,4,35,0.7216086908483453
4408,12,29,0.21459951257606558
2981,1,45,0.95
365,4,48,0.06513260201937532
2440,14,10,0.2009668672531393
3248,7,30,0.4376121137657035
3459,15,35,0.15432811269505425
1104,14,13,0.05
2194,8,17,0.20661904648906182
4817,2,8,0.95
3371,3,32,0.8571907323280955
4622,1,34,0.95
309,15,54,0.05
987,7,8,0.10117386471321456
253,4,4,0.06643450454530511
3693,11,21,0.296092160373816
514,10,6,0.10111934265910866
3524,8,4,0.4118730805422386
1384,5,48,0.28226037745355975
3248,9,39,0.2558461264980566
868,6,16,0.06450388832484594
1082,11,36,0.12953530133903624
3302,10,57,0.3605741956688385
4774,2,24,0.95
3626,1,34,0.95
2887,1,3,0.95
2310,12,37,0.3034504298145365
1138,12,22,0.1206739074586489
4032,14,15,0.23000502653027613
641,14,15,0.13734629136836893
458,9,60,0.12851459873779614
949,1,63,0.7191842884639812
4622,3,43,0.95
2644,12,12,0.17330213089768257
4681,2,5,0.95
1931,15,48,0.07829206535190504
1572,15,53,0.05
1536,15,31,0.12603596600230202
429,12,58,0.05
4454,4,37,0.9103532814569198
4338,1,21,0.95
4108,15,53,0.2278106103173243
4822,1,17,0.95
1488,4,35,0.30241316025852494
4285,13,46,0.29575488838335373
819,13,9,0.05898833797165124
3335,14,46,0.17164905227435456
4676,4,63,0.95
2231,7,21,0.3783228111039219
1200,8,22,0.16914176279243115
772,13,41,0.05
616,8,31,0.07308283081647032
2632,8,37,0.29674198524730755
3770,14,6,0.18630871281175518
881,14,22,0.05254838795364428
3623,12,39,0.19792948817193096
3658,14,24,0.1680525610709145
2486,9,20,0.27395708765485555
4882,1,63,0.95
1689,9,11,0.21405667265546074
1601,10,28,0.129838873059439
3894,8,36,0.38095684739200164
4418,1,14,0.95
3180,7,10,0.2890462286610861
1176,9,18,0.17828318100375495
1200,4,32,0.11454842218851427
602,13,43,0.08724298744653336
1439,15,45,0.05
3985,13,46,0.2550440369261523
723,9,25,0.05
1986,1,43,0.95
3450,9,52,0.19742165754601204
1150,6,54,0.09623183725908818
3872,4,20,0.852187104872875
4016,12,59,0.2176493956242233
4118,12,50,0.22260953267194095
1429,5,59,0.23276374746845144
4214,15,31,0.11769206990222487
3467,7,6,0.395198963780217
4051,10,9,0.35050700462611983
2597,13,38,0.18502359263233248
1673,4,48,0.2966712937357023
2734,8,37,0.3451873700120839
2868,3,26,0.8477291988362854
1311,2,46,0.4598686423703202
875,1,50,0.7648874539619529
1260,14,6,0.08257934221644124
2483,13,34,0.1846633666468699
2754,6,23,0.35168791155700324
3640,2,48,0.95
4797,8,43,0.49225195047646053
4735,15,26,0.2819676484385245
1195,11,44,0.11035802291384246
123,10,63,0.05
4819,13,51,0.2551391377386007
3656,4,30,0.8301960775856592
1179,9,46,0.16880378990802802
4418,4,53,0.9327486190908021
278,4,57,0.05
2947,13,31,0.20203785545509714
2060,12,49,0.1216637992848019
1573,8,52,0.14624097249305418
4988,12,31,0.3799170396159669
1312,13,56,0.0631471892495768
909,8,45,0.16539310578632094
519,5,56,0.11802584552359288
3759,3,47,0.95
3916,12,32,0.2271202337711795
1378,2,35,0.5433059130370015
2623,15,29,0.08353803541714055
1540,9,11,0.20860523151814797
1440,14,5,0.2296834682143542
2321,9,34,0.24093093645206898
2492,5,57,0.42828613456872267
1461,14,59,0.06311460426976262
691,13,59,0.12513472229782763
626,15,58,0.05
2603,8,18,0.23875815039175613
1392,7,12,0.09189467106277192
1754,3,8,0.4349841581241328
287,12,18,0.05
2858,5,29,0.3846815416157482
628,15,18,0.05
533,13,42,0.11732964681993337
3612,9,11,0.37591409767012046
1904,4,27,0.3804056207732512
402,3,7,0.1588186237667675
4282,7,18,0.47150981726707697
537,8,17,0.09491189022344665
2688,5,40,0.42985385327221914
932,13,52,0.1582087024923622
896,8,27,0.05
659,5,5,0.18634883467154317
3688,9,63,0.33508398724651534
861,7,21,0.05
3674,5,57,0.6277983254206966
3885,13,50,0.2839837797544302
2614,9,57,0.3169997819875154
784,5,42,0.16873606561233007
4333,8,12,0.4048468618964246
677,12,24,0.0989264770006495
4905,4,34,0.95
327,9,32,0.05
2428,12,8,0.1643910316289347
2831,6,23,0.33435853968109813
927,6,6,0.12176343019944447
530,14,38,0.06797207345334233
1163,3,2,0.2667286549935356
1809,13,7,0.13067334062056415
1334,3,46,0.42472095378587194
401,4,48,0.05229449208154553
1520,1,5,0.95
4728,6,31,0.7100870368321177
868,1,31,0.7790324610759185
1504,11,18,0.05601287291890605
543,4,61,0.061092890780582755
3204,15,57,0.21751520769364255
4455,13,25,0.2740233185264415
3405,7,32,0.39760072490921594
1638,12,29,0.05
4030,6,46,0.5366561382990311
1431,8,44,0.14089005751120454
169,4,5,0.07136213841976811
3535,9,62,0.3086850716660632
580,10,40,0.08463666818950738
4194,8,20,0.428259268737514
3596,14,25,0.27683767787426633
2893,15,8,0.16000297425604387
2992,5,47,0.4728859121834912
1298,14,54,0.05
2472,6,49,0.2914637722394263
1992,5,54,0.3476846717746306
1983,15,10,0.20817103904009382
897,6,23,0.16386681399123723
117,1,55,0.11813477249059016
143,4,3,0.05
254,9,28,0.05
3548,4,17,0.7866878213967172
4938,2,6,0.95
4180,6,13,0.548789715922249
1525,2,53,0.5496468902528133
4420,3,27,0.95
4412,7,16,0.48030054331576816
3739,4,4,0.752539736531917
4226,1,10,0.95
1992,9,60,0.224767160378461
997,6,29,0.10795517734378282
3524,9,40,0.3518553042745103
4640,3,37,0.95
1358,5,26,0.1972448483289357
2115,9,42,0.18657473108692457
4933,6,29,0.7731266688154513
1802,2,48,0.6993738639556273
973,15,56,0.05
665,1,22,0.4491653444884237
2118,9,30,0.1887613215257715
1985,1,26,0.95
2223,14,31,0.10792945410790064
4742,15,62,0.17302233065326905
2414,5,40,0.4386449815790098
4512,1,58,0.95
3983,5,12,0.4972375954696086
3292,5,20,0.5002777650095573
1959,7,12,0.2093761706086516
124,7,26,0.05
3603,11,2,0.3163954659510814
4355,10,33,0.3826509520330754
1237,1,22,0.95
1289,9,46,0.14005291830017566
4898,1,14,0.95
4196,5,35,0.699904339671484
3257,7,18,0.376917650434875
2467,12,63,0.18053649923277962
4577,8,52,0.535033280013508
1841,2,56,0.6495172116768307
3788,14,48,0.11076613638766644
3846,1,20,0.95
997,4,11,0.16281459059443742
4123,12,43,0.2898094236740368
816,15,60,0.05
4067,4,10,0.95
4121,10,52,0.3771881958781441
3315,12,12,0.28044152388307275
490,6,39,0.05252886164352544
3984,1,32,0.95
1799,14,3,0.06476232733291551
3137,1,25,0.95
332,3,43,0.11844628942818385
2026,5,48,0.3414701199870488
3231,12,6,0.30995409215759495
3406,6,51,0.46609583660059095
2824,5,63,0.43213276673149
4901,13,31,0.29705342863329076
333,13,40,0.07509479093112197
1491,13,36,0.05
2992,5,63,0.4962826647765354
1355,9,54,0.2059463274112927
2638,2,60,0.95
3790,12,58,0.2533424661238745
989,12,49,0.16497957631469784
4787,1,18,0.95
845,6,32,0.05
1819,9,3,0.1598170197798753
527,7,17,0.12352080883203917
831,8,22,0.09495617747045484
899,5,31,0.22746688026173761
4397,10,53,0.31273090855277097
935,4,2,0.19048255076327691
234,6,15,0.05030908856113937
2638,3,17,0.6705397135765815
3818,1,56,0.95
140,11,10,0.05
3467,4,50,0.6590742567165182
2515,9,9,0.1588039052149106
2140,4,10,0.5052221173656976
4439,1,35,0.95
3049,14,46,0.06427162280531395
4361,4,34,0.8745718793962457
3566,7,23,0.4284856336197138
3188,3,31,0.7718220340965192
4923,10,8,0.364163751820172
1215,6,19,0.15274314752230858
4678,15,22,0.24389172908253254
2690,14,6,0.10738148724161899
3673,1,8,0.95
3078,11,13,0.2129056160515493
2547,4,60,0.5209204915915941
1330,3,18,0.3849060084866229
2766,14,59,0.07162038468230139
4954,1,25,0.95
4358,3,38,0.95
2694,15,45,0.17386724843260018
3530,4,20,0.7264733353463027
3017,5,46,0.49284014420996886
3052,6,17,0.41770901415064515
2095,2,62,0.8766252443078949
3991,2,26,0.95
406,6,28,0.09417096142646798
1462,5,52,0.22956205769285765
2202,1,56,0.95
3130,3,43,0.8938691817178196
432,11,45,0.06736293902172612
2852,5,8,0.4560760175734245
342,15,47,0.08320638733737049
1984,13,43,0.16758162760774575
1532,12,61,0.0519265782484885
2650,12,9,0.14396290209900264
402,2,16,0.24349150640298112
4430,1,59,0.95
3209,9,17,0.2958420702153171
2286,15,9,0.2319980092618174
4390,5,37,0.7853906732777218
1650,2,33,0.7387825926655301
1892,10,63,0.09806337531958696
746,4,18,0.19518416101657507
4756,3,37,0.95
812,7,23,0.08117877599014783
4608,1,33,0.95
637,15,59,0.08601260945191651
334,10,12,0.05
2496,12,46,0.09757671931346439
1604,12,7,0.05
1474,4,23,0.3228615317030649
4611,7,15,0.5237343274690643
2009,11,29,0.05
1015,10,40,0.05
4058,13,13,0.2406792237049942
180,5,28,0.05
2183,4,2,0.5112921673443146
2788,4,11,0.6137444659606086
1790,11,34,0.12834823074746476
856,12,17,0.05
2770,14,40,0.2001890006465611
3851,2,61,0.95
3652,8,53,0.4670026886588369
567,12,7,0.05
1594,4,55,0.3616868395242905
1119,2,26,0.4339764609660307
1001,9,51,0.0514366498132459
772,14,21,0.08209708890733916
538,14,37,0.05
4322,13,24,0.2528198326941067
2176,12,17,0.20851417565154576
544,10,2,0.05
1065,13,54,0.05
3890,7,31,0.5627765833926865
563,15,28,0.05949294561929738
2298,3,53,0.5563722152474273
2387,15,3,0.14938900955378204
3865,7,49,0.45408533950874724
3276,1,22,0.95
4108,12,10,0.3104033300406818
3604,1,48,0.95
1012,4,25,0.22405792835272006
596,4,49,0.14007264352426418
1563,4,42,0.3456522161174315
4353,9,40,0.38425918126831243
4367,6,43,0.5345080312031225
593,3,8,0.15364654617136222
1526,6,63,0.1891188583190077
1792,2,31,0.7436523195528568
1893,2,46,0.8439101299933502
2823,7,3,0.40883554238264674
758,14,13,0.08105267797955192
4861,3,14,0.95
4562,7,4,0.5384871429580963
649,3,44,0.1609719332711028
742,12,59,0.08832290137219681
4450,12,41,0.35766569238536755
307,2,44,0.1758875026191064
2597,4,19,0.5339448908709835
4290,15,40,0.24250100090237475
1983,4,45,0.510020913347919
2986,3,7,0.7081233043266482
577,9,61,0.10245508439456885
861,6,43,0.10256089518559498
289,5,53,0.05
855,13,28,0.05
1546,12,16,0.05
1763,12,53,0.11193757052124777
1935,6,16,0.3327179677381885
4328,13,20,0.2627449156270599
4250,11,63,0.3141627946050016
4160,8,39,0.3888235240611594
4705,5,52,0.7852551329671289
4865,13,48,0.18390848838114485
3712,15,58,0.16656229063176772
1789,13,21,0.13402829240701838
1416,4,21,0.22866508041296113
4929,7,19,0.5248904646231615
3286,12,35,0.20485273290324824
4120,14,40,0.2701191165348831
4454,5,38,0.7928961453073162
1245,4,36,0.2594349478575451
4494,14,39,0.25181615615661257
660,5,39,0.13026437556412776
2012,11,2,0.14126020981617574
1964,4,52,0.44590899956259766
396,8,13,0.11550873934332953
2509,8,6,0.25346809273756754
2736,1,60,0.95
1561,14,62,0.09000624118405767
4392,12,28,0.4057282040005763
2368,3,40,0.673619404798436
1094,11,21,0.05
107,4,61,0.05
2691,2,41,0.95
2615,14,20,0.11410138416152252
4515,13,39,0.3524900112690581
1517,5,16,0.28372571927069645
2416,11,7,0.24100950873329952
4032,8,10,0.2653930431339294
1387,12,37,0.11032137871202718
2944,2,49,0.95
1218,14,24,0.05
652,9,11,0.08225925248292135
760,13,2,0.05
815,7,12,0.05
3685,6,50,0.5481230341103174
3861,8,51,0.39443862554396214
2629,14,21,0.0745884952672966
4070,2,29,0.95
3507,14,23,0.21176092084904705
1558,5,21,0.2194630181902747
3367,4,48,0.6198491107610151
954,8,39,0.05
4860,13,17,0.22983943795613612
3637,1,3,0.95
1997,12,26,0.23867169811824535
372,3,28,0.16464946872313854
4187,10,4,0.26591838888577785
1372,8,24,0.16996082132024073
4474,5,33,0.8623426264277012
4119,4,18,0.8179913452848407
915,6,41,0.1225534478700378
4471,12,21,0.40025869177224094
1022,5,31,0.18775100748064252
4837,3,60,0.95
4700,13,29,0.2670576679817027
4967,11,48,0.3031468863390153
1364,14,46,0.1052746728299629
3824,5,54,0.6125802299584661
2887,4,24,0.5686890892092662
2822,1,20,0.95
4323,1,58,0.95
2650,14,26,0.1816742623658157
3049,15,25,0.2651114180633882
1773,7,2,0.26891783665002744
4687,4,29,0.95
3192,1,30,0.95
2938,6,45,0.4610515929719878
1766,11,51,0.14127973730008225
4611,12,51,0.3823861770486215
2295,15,36,0.13652035216194455
1484,11,51,0.1458986463306406
4503,12,18,0.3880257432803089
4054,11,12,0.2292526649911466
2999,11,38,0.297663649349205
160,1,55,0.20704350851266914
4047,8,62,0.41022707002613185
2390,12,8,0.1720846158443092
572,13,27,0.05
1058,9,24,0.0703784210256509
632,11,19,0.11190866573176006
593,3,30,0.09499711121410617
181,7,40,0.05
3070,13,51,0.13299115776416837
111,15,35,0.05
4644,5,61,0.7189163648951823
861,3,39,0.2447092259692338
3285,5,55,0.574970687139343
125,10,9,0.07039735665791094
1906,7,22,0.22712827685241266
4257,7,22,0.6056857801288642
4424,9,59,0.38845974547411033
4802,8,50,0.5396621626022425
3759,4,37,0.8530879287661117
1625,15,18,0.07405805879818371
860,5,59,0.17331098951581256
694,5,17,0.05
1155,10,54,0.15381128058231966
1954,12,16,0.09536500306632373
3183,2,16,0.95
4016,12,41,0.27769374815995174
3775,7,18,0.4984674503572716
2148,7,63,0.22653497386028373
1558,9,52,0.30329276570956604
1319,13,2,0.0945573800258986
4328,9,14,0.5187148765374702
4281,4,39,0.8925993054604503
1599,5,11,0.2503234703181529
1930,7,34,0.2643077718772627
3495,10,27,0.3529379980466423
1303,15,13,0.11900598608666658
4370,7,20,0.5488668529343643
2910,11,16,0.22347574852081423
3192,10,54,0.3096029841098954
3144,11,6,0.2596504464102851
4773,8,3,0.49073346246516036
3614,8,52,0.3691801669984353
1898,2,15,0.8635926477802895
2675,12,30,0.12056397752964744
244,9,42,0.06710471792800113
4957,11,62,0.4146652555783958
4026,4,2,0.95
1477,1,14,0.95
3246,1,50,0.95
1925,5,61,0.27675143439229066
893,7,33,0.07486540972551367
1701,5,35,0.33112707552003806
4514,15,57,0.1845268328804941
1210,13,55,0.06332933122962559
4153,3,15,0.95
4893,11,53,0.35633429594455823
4037,7,56,0.5505891068008463
4063,1,39,0.95
882,11,58,0.05
1216,1,39,0.9442926023674632
1850,12,51,0.155381613276759
2676,2,52,0.95
4127,1,42,0.95
3436,9,16,0.30590214773011015
4487,4,40,0.95
1587,7,7,0.1715390540689624
3975,5,30,0.6420014170195516
3731,14,38,0.17647734911928434
4292,7,20,0.4730504800652328
4058,13,53,0.30596871079926313
3497,13,2,0.2245407426478007
173,15,22,0.05
1459,7,40,0.10748183623627497
1191,1,19,0.9407950369745249
4953,1,28,0.95
2041,11,29,0.14379068600267209
3248,3,9,0.8913486232455108
4403,10,32,0.38475106596160075
1344,2,13,0.5922459491057108
1385,14,43,0.11714069396140045
4605,7,7,0.5341095016799801
3136,3,27,0.8651991827960333
870,7,17,0.1299297261104806
1943,9,31,0.0681084465582937
173,12,20,0.05
1760,11,19,0.16893346206050724
4449,1,25,0.95
919,15,46,0.05
3918,3,21,0.95
431,13,8,0.05
1521,11,8,0.113132523671517
3755,15,17,0.22416226695693417
1791,15,63,0.05401379658752706
4650,6,59,0.5670736427067674
4508,15,58,0.2645053937292418
327,13,43,0.05
2981,9,48,0.3097452877271918
2965,5,15,0.48669168023806186
2675,3,57,0.8504291297318978
4622,8,13,0.48860253890664607
564,13,30,0.05
377,14,16,0.061927786949625294
4214,12,9,0.3464057406841889
165,5,40,0.05
4362,15,59,0.26393298257324277
502,6,54,0.08695511328199002
4083,13,10,0.31011935247335426
4604,2,47,0.95
3578,4,29,0.7814631096422383
3544,1,28,0.95
4792,15,8,0.2541440998765801
4519,14,45,0.40262171742608993
3139,13,15,0.14183405103352636
1537,4,12,0.3080853121790026
528,1,33,0.3952416161940968
2782,4,52,0.5965017888122637
2877,14,29,0.25657047474505623
3478,2,7,0.95
492,6,36,0.05
4641,6,7,0.7235442905745089
441,8,62,0.05
232,9,25,0.05
364,8,10,0.05
4288,1,3,0.95
1785,13,39,0.0975523785342082
1534,3,15,0.3893974244864339
1760,6,52,0.26049196388968976
3917,1,32,0.95
2454,8,63,0.2629175408808057
365,14,31,0.05
4841,6,56,0.7033030158327944
1236,1,28,0.95
4649,10,37,0.3938079783107627
1490,2,47,0.6128326546430198
1212,6,32,0.19998645769158427
2334,10,54,0.16016177671686088
2966,14,43,0.07390080790353312
3168,8,7,0.3605761739197842
2279,5,44,0.35890351194018905
734,1,46,0.5852257872286201
3731,14,57,0.12697536670356968
1499,10,19,0.08754175333225482
4886,2,53,0.95
2839,4,15,0.6634766340701087
3270,4,60,0.768917123359801
1965,7,21,0.2248628804895156
2055,2,55,0.8836597230247273
4777,7,53,0.5113150684105142
2318,7,12,0.28219395669759384
1489,7,54,0.15672551426336417
4979,13,38,0.240242674247044
3230,3,41,0.95
4376,6,5,0.6177262614628497
4214,12,45,0.32730026656309286
1349,6,7,0.16782119480308996
3266,4,24,0.5648731922979242
1345,1,57,0.95
153,9,58,0.05983554790657248
3010,2,59,0.95
2496,9,9,0.26159159033582385
542,8,31,0.05
4775,1,37,0.95
3711,11,53,0.2811645456604924
4477,7,43,0.4868393091128405
2507,13,12,0.1737275193333531
922,10,48,0.1539964068163171
3802,3,6,0.95
3039,10,4,0.17017257494618052
4836,13,16,0.3459944941550342
1131,10,3,0.05
2116,14,3,0.07673022214594616
662,14,58,0.05
2638,14,9,0.18858376578953162
440,9,55,0.06498537603044557
4667,5,47,0.7618004903779535
3875,11,31,0.22765523898105422
2396,3,63,0.7996860378660066
334,8,42,0.05
1216,12,6,0.12544608054374953
2008,3,31,0.5819763007158785
1517,7,45,0.25580575587865423
1391,14,11,0.05
3588,7,34,0.4453907714971525
4827,7,25,0.5586338832551991
3754,14,20,0.16922871894137279
628,12,31,0.10874418952026735
3424,1,26,0.95
2080,11,12,0.18171953765640597
3039,5,50,0.5908095408567764
1429,12,36,0.1824711870152786
1333,11,2,0.054854592538705844
1853,1,18,0.95
2900,7,32,0.37476431328091303
3033,13,7,0.1354319772140865
2859,13,14,0.09047824896571273
2875,8,53,0.2997941886787262
3587,7,27,0.4874784070122677
3950,1,37,0.95
2627,3,6,0.699433131880332
990,15,48,0.06410494157771099
2165,10,15,0.12843549120596132
1288,3,52,0.4371276982796917
4397,15,16,0.2603542740599446
840,7,13,0.12199237052046163
1469,4,51,0.31252551722431
1489,12,47,0.06162914952055164
2100,3,43,0.6288825913175334
1571,6,9,0.2696143363188622
1636,12,60,0.17769191368034942
418,10,56,0.08779861655475177
2364,6,32,0.28069064139043326
1994,10,27,0.1563931651867147
3811,5,30,0.6567754549439836
4919,12,5,0.3101649964683975
2922,15,51,0.1051889949569728
4608,6,29,0.6259588207524944
1375,3,26,0.3895937873705997
3183,14,41,0.3566169750584004
500,15,33,0.09257060748449827
823,13,37,0.05
2429,10,12,0.16592417717991456
1235,5,38,0.1523991381912488
2870,9,63,0.3034797440733744
4946,4,11,0.95
367,11,39,0.05
669,2,62,0.2548173063385627
2656,5,37,0.5573918193107468
2073,3,51,0.6409707715429946
645,12,54,0.05
2922,15,28,0.10524626383321234
4560,3,18,0.95
4742,4,8,0.9402666504600359
370,12,10,0.09143179234340876
838,4,36,0.21097011724987716
1357,5,55,0.18015129492151272
158,7,10,0.05150497571323262
4281,4,60,0.9122579369854323
4958,11,37,0.29654771567965565
489,7,55,0.05849322848377449
818,9,31,0.057973888736581505
4344,3,32,0.95
4778,5,20,0.788046975306268
220,4,42,0.06463124178918614
2752,15,56,0.12199583510344011
2403,9,24,0.2165821109997098
4961,5,21,0.7608234311747929
3011,10,7,0.2308151814845359
899,2,60,0.3535047161703871
3480,10,44,0.21810192079818674
2206,1,25,0.95
1209,7,48,0.2249270079606113
1350,11,23,0.06677274349441659
2740,1,7,0.95
1749,8,53,0.1964156815994705
1445,15,25,0.05
3056,9,63,0.40631316339298895
2546,7,43,0.2573906039608318
3464,9,57,0.32187231091212365
584,10,58,0.06785360845263551
902,6,23,0.12357837042428547
1815,15,19,0.14174207375426837
2015,15,17,0.17326349146433176
3583,7,37,0.38139583360618384
1857,3,53,0.5046998378099277
1909,14,14,0.07996634442765915
3107,14,57,0.1509650580648883
3325,9,38,0.31345211106020504
3595,3,53,0.95
2420,6,25,0.2552523106983456
1770,4,62,0.36117946607455614
4715,9,20,0.3942614641010913
1251,1,51,0.95
4847,9,21,0.4755655423103902
2323,12,28,0.21037019802973417
2767,4,18,0.5137493794926106
310,10,17,0.05
2594,5,2,0.42840919248411635
4781,11,22,0.2790975322223135
4362,13,62,0.20374631974300894
2607,1,28,0.95
3063,14,2,0.18239701536176267
3528,1,31,0.95
3475,6,21,0.4675263094670679
4055,10,25,0.3562135415595823
3805,15,47,0.2157575691623636
3505,13,57,0.17827799899724048
4138,15,3,0.20598360660212156
1152,15,16,0.06526497340406405
813,1,30,0.6155331746200856
2988,13,36,0.22032796085358342
787,2,63,0.40020796376781287
429,13,14,0.10759637127926272
1846,14,20,0.1443883109849498
1307,3,2,0.37998612477276433
2242,7,46,0.17400908314998537
884,2,48,0.3175953141948093
2796,5,17,0.39716387294516065
3920,9,63,0.33913383132190134
3818,12,44,0.3034704370975731
2793,12,4,0.2071443103068705
725,10,41,0.0790861045465627
4334,8,7,0.47507415975512934
3808,12,32,0.22708685923420582
861,8,6,0.07839145812893727
4079,11,27,0.3196337193423675
3629,2,29,0.95
1655,1,16,0.95
3733,9,10,0.3339604854237566
775,10,63,0.05
4287,12,56,0.25701721307942854
136,4,23,0.05
3936,9,38,0.3559694010278884
1887,11,22,0.06960415988268884
2827,14,43,0.09395862870190129
3980,12,58,0.2228152209612633
1994,11,30,0.13697734916101242
236,7,27,0.07680838173191926
3176,12,7,0.2335568784108386
3983,6,61,0.5051750803132075
761,10,12,0.05
1910,13,37,0.14662680227636254
514,9,21,0.0645402679496023
442,10,45,0.05
2829,4,21,0.4740878212696319
3550,14,28,0.2266216878147938
3765,1,7,0.95
3837,5,34,0.7261276649442652
3997,13,58,0.23911532579840356
4341,6,31,0.6016848632612584
4518,6,51,0.6168661877890201
2269,12,35,0.17944216524671572
1978,1,6,0.95
4070,15,17,0.17020130644261044
4796,7,13,0.5044227037323161
4670,8,13,0.5415977455714691
2717,12,12,0.1652164343368062
1615,5,53,0.29650986855182826
674,2,52,0.2636345601605633
4542,2,22,0.95
2967,11,8,0.2945887039159354
3644,5,59,0.6468230189528459
4577,7,35,0.5721134756230589
171,7,62,0.05
2668,13,30,0.20669007550859864
3537,4,7,0.7505936326514867
3080,11,37,0.1976472918285578
1217,14,35,0.05893457737262264
2486,3,50,0.6869748521881607
3608,9,9,0.304673622130494
1459,12,38,0.1170174908419702
4859,14,11,0.33237592866773313
1615,14,17,0.07309328860162997
139,7,3,0.05
1482,2,57,0.6119293986253749
2130,1,20,0.95
2721,11,8,0.21532386841968348
2000,2,3,0.8848581333173625
2317,13,46,0.1157289612245552
4896,12,24,0.33945896285508026
4706,3,32,0.95
1383,5,5,0.2656706144071873
683,14,17,0.05
558,15,11,0.05
2365,3,50,0.6159088935827756
2766,10,22,0.13394175733370686
915,9,29,0.0690876663612297
2611,10,47,0.20215211011688006
346,4,13,0.05108348393773823
4925,7,14,0.532274636770145
516,4,63,0.1356798809157806
4563,3,53,0.95
3817,10,41,0.3148715519394942
207,1,18,0.13191294924710112
2731,14,19,0.13365972084832933
938,12,54,0.06367870082349736
4613,9,11,0.4696700376537938
1521,13,59,0.05
4878,11,29,0.3417931383311994
4012,1,14,0.95
355,11,35,0.06468294416380549
2927,13,60,0.12162779519218848
937,1,50,0.743968081113463
3062,15,7,0.05388194060806273
2382,1,13,0.95
652,14,30,0.05
280,5,14,0.07147569234977788
4352,7,61,0.5895568479319125
1577,7,27,0.2579576770106936
670,10,5,0.05
1827,1,16,0.95
691,6,17,0.13671676099780322
4616,9,54,0.47544627244534987
2360,6,20,0.21745437050025912
3047,15,48,0.1396095684161464
447,4,27,0.05
265,15,33,0.05
4543,10,7,0.41897912791652625
2996,9,53,0.3751160529780028
4593,13,62,0.33705975414709716
682,3,7,0.20956654728797244
3606,13,62,0.205543340065023
4503,10,6,0.34755877595892426
3138,4,60,0.6747686545572728
2945,4,3,0.6078666615717431
2866,4,53,0.6257888706309376
4294,6,3,0.5897112208861058
1365,13,38,0.1604878561003073
4353,11,4,0.3797642525546818
4749,15,7,0.2213806499895829
4846,15,32,0.3074359086968445
3067,11,44,0.24518443428677703
2374,7,6,0.2464561306394334
2570,14,51,0.2564821243800128
2390,9,47,0.23652185680211485
2677,14,11,0.1769716495205643
3760,11,28,0.32435319638109417
1168,3,25,0.35287915888204235
2836,8,23,0.34447149946618133
4929,8,26,0.4522009143404798
2050,1,4,0.95
191,5,17,0.05150388007133301
3193,13,31,0.21697089330944716
2319,10,49,0.15596367520618862
1487,5,44,0.20272857916492926
4374,12,5,0.25745413738172873
2385,8,44,0.22432087502461817
3306,8,41,0.3473394141162289
3024,12,17,0.14242170048890795
379,2,56,0.24620114475067614
1718,3,41,0.5023288979019601
2887,2,42,0.95
470,1,47,0.4405379866645603
3283,2,9,0.95
3934,10,25,0.2891906657066238
1803,6,17,0.31524238946840955
2368,12,55,0.13162544631092632
403,1,28,0.33837229309506756
3874,6,3,0.58352245892261
1448,1,61,0.95
2522,2,56,0.95
3728,8,21,0.30193143426754737
2528,14,52,0.09713704215558644
3133,6,21,0.5075387367907287
768,9,21,0.11425232372328427
599,1,20,0.5319694743375036
1514,5,58,0.2161513930924755
629,7,63,0.05
3721,9,52,0.27363074050794584
3556,14,19,0.18526019074606034
854,11,14,0.0836194522174018
2447,9,18,0.2991656786562312
826,4,60,0.16688756818688233
4926,13,34,0.3144819639522407
2749,4,54,0.6194830995026891
2146,15,61,0.09501779734700855
2915,4,29,0.5999316820123594
974,3,6,0.27469830774386317
3379,8,29,0.32599060074318126
3084,5,26,0.5384095587591804
2278,7,21,0.2775134665544864
3907,10,22,0.33528100771125485
707,6,14,0.05
734,14,7,0.08451494433043724
4679,9,30,0.5174290895173694
2827,14,43,0.2053044589834214
1174,3,56,0.28852354559955123
2014,6,10,0.20139433528777678
688,3,30,0.18502185825296844
3331,2,39,0.95
2404,3,2,0.633729952119246
3938,2,57,0.95
2073,2,31,0.9198672563572547
2155,10,51,0.10018929495719592
3580,11,33,0.2870901314624178
2179,7,58,0.20628005768596386
3152,10,60,0.3051538553303377
4582,15,24,0.2927585464467507
1351,3,40,0.3733015670604975
3895,8,59,0.42037017896177675
3922,13,11,0.2058831204535994
4402,2,45,0.95
3489,11,22,0.28425716194301126
1880,11,57,0.13993195495259247
2704,7,27,0.2829120677615493
3788,3,16,0.95
4988,9,18,0.4431353306041874
1824,7,36,0.2567482599591878
2884,15,26,0.24233796219496898
3819,9,16,0.38670733554766146
1777,2,34,0.722729432516483
548,6,12,0.1488237703374611
4787,5,25,0.777743974738799
181,14,7,0.05
1506,2,29,0.6067167944554837
1580,4,30,0.33028246791539034
1179,4,49,0.158976516367948
3698,8,59,0.3251532546309658
4614,13,22,0.2926420166992719
4283,7,13,0.524518277258798
3780,13,23,0.23541034405132735
2803,5,28,0.5105646181516657
4410,9,22,0.30212912355704646
3856,1,16,0.95
1858,4,58,0.4533810340809058
2699,5,19,0.48865357673060217
2650,8,11,0.3091902469834039
3953,3,23,0.95
2846,14,45,0.10894689188215392
2392,12,21,0.10542186450216137
1601,5,20,0.2511482671323755
4504,3,29,0.95
330,13,38,0.05
4350,7,51,0.4575989593661708
1298,10,52,0.09508888047845312
214,3,56,0.10758871539501702
1513,7,45,0.1622826964121266
4506,14,2,0.18832478498308097
1092,2,35,0.3761613224686838
2447,7,36,0.34100542352967966
1141,9,27,0.17953155741698218
111,12,62,0.05
3776,5,31,0.6722135329723359
4925,12,13,0.3735118421754141
3165,6,15,0.3682953423465268
2136,13,40,0.16199026966161117
3146,10,5,0.2968792312435636
2450,11,13,0.17114860018776118
640,3,25,0.1575422475311299
2960,13,41,0.20122403560325194
176,10,32,0.05
3167,5,2,0.5863119886086754
123,13,38,0.05
775,15,2,0.05
2494,5,16,0.4084112597471249
4367,3,14,0.95
3498,8,30,0.3570657413774704
2859,6,56,0.37452354428736956
588,13,46,0.05
1585,3,5,0.4488460773983629
3759,1,16,0.95
3335,10,45,0.21815595552914724
2519,1,41,0.95
3595,13,49,0.1759269059395744
856,11,13,0.05
2624,10,57,0.24208966342425076
4350,12,26,0.32522467648275866
356,2,28,0.1522737766087927
1879,10,7,0.1430315656364352
4869,5,24,0.7876364235408039
2215,7,16,0.21993899499969913
3448,1,40,0.95
4868,1,6,0.95
1572,4,24,0.2721781864498907
358,13,16,0.05
4175,10,26,0.31067701661275504
406,15,61,0.09884762359659417
1218,6,31,0.14916878644110595
3117,9,45,0.28931524034593153
4441,1,44,0.95
2880,11,5,0.18397999411235277
1758,10,14,0.2140099431572627
286,5,51,0.05
1897,9,41,0.22938871755709495
1024,8,40,0.10922969305267162
884,7,55,0.10981801554365286
3544,13,24,0.17553356203836729
3296,10,61,0.3257165956644257
1460,2,17,0.5991529763299018
440,9,36,0.05
662,12,55,0.13092531696787052
4846,13,59,0.3243648507759729
3099,8,63,0.3317242435655398
1293,13,17,0.13196277298746859
3210,11,49,0.2764650139834586
168,15,8,0.05
2528,10,56,0.18188308144820947
3698,10,46,0.3304318369740733
2472,9,14,0.20132150975880564
4656,9,54,0.4333644812112465
943,9,52,0.05
673,3,51,0.2711863776094451
4314,7,30,0.4820075809825033
2696,12,40,0.21708371350074906
4841,1,21,0.95
1578,9,51,0.23323858208969128
2173,14,30,0.14528961812727342
1613,15,57,0.06988073232889656
1068,9,19,0.09695822887592319
2296,3,23,0.5943629836496175
1611,5,37,0.3346258724814764
754,12,42,0.05
3092,13,54,0.2861096237521107
4750,8,49,0.4620238175487212
4620,6,37,0.7704015748390058
392,10,9,0.05
2701,10,4,0.18835254238068083
4626,9,63,0.3963660225696856
4512,14,30,0.23517533983545835
4593,13,10,0.31298502302995135
1688,3,9,0.4277329980552289
695,12,31,0.05
2693,7,13,0.2752419418217959
2223,13,47,0.24377802277480826
2043,6,29,0.2272734227603808
1015,14,57,0.06979222662213778
3969,15,43,0.17464394454705892
2894,5,54,0.5053547448191745
3178,4,50,0.6700110547126568
1075,5,44,0.26232181234443175
1175,13,11,0.053258446610202514
3089,4,14,0.664853949721514
3567,3,58,0.95
1551,7,3,0.16619483338742239
3923,6,2,0.5554208824681524
4032,4,23,0.7647711495180136
2128,9,34,0.21932505589806633
462,1,17,0.3940985608388845
2529,1,43,0.95
3732,9,59,0.2837951587353522
2418,7,30,0.27410986901439016
3185,2,11,0.95
2445,11,40,0.19015490046000386
3698,10,63,0.3391533547800686
4429,5,8,0.6504537488467584
1831,13,62,0.0753649774774894
126,4,2,0.10662213857988596
192,1,27,0.1905195195804001
2764,12,46,0.12105244781282844
408,13,6,0.05
151,9,36,0.05
418,15,62,0.08041697544578816
2092,6,14,0.2897741156490873
4376,11,28,0.3380673080407947
3991,13,13,0.3154740513755932
4842,14,31,0.2767046724122759
4056,12,51,0.2953663330465478
2792,6,33,0.4422160126537756
3118,4,60,0.608706319118271
2124,13,32,0.07380339410707748
4531,2,6,0.95
1625,8,38,0.13230532702100545
1378,15,3,0.05
613,15,39,0.05
4437,8,8,0.42837397690371637
1833,3,2,0.6101483836618565
3470,7,4,0.4406024116815769
4021,14,21,0.22872088937571827
2600,7,3,0.2750288325793513
3564,14,43,0.24629233157317693
2359,5,44,0.44575506462019665
4863,15,22,0.2950238337175504
4789,5,46,0.8442153902161162
2759,15,33,0.23078612067334553
355,8,49,0.05
1602,4,21,0.3083774204271869
4756,1,44,0.95
2210,1,51,0.95
506,9,32,0.08333628726827769
2949,4,44,0.6218157420617476
3276,1,34,0.95
1960,13,25,0.08521927478026223
4454,2,19,0.95
822,10,21,0.05
1382,7,61,0.1531453817857958
713,2,33,0.3567390549058718
3431,1,59,0.95
3216,10,6,0.25610287001430065
2078,14,3,0.13082095331373514
912,9,27,0.13275102987615808
1886,14,26,0.20242164167398563
430,5,51,0.05
2312,14,23,0.19776799764494885
1316,13,40,0.12443232077782776
4582,4,23,0.8928725272141049
3437,4,12,0.6671921123631119
2475,15,12,0.185337957006671
1340,14,61,0.1074645948491027
419,11,46,0.05
4594,13,5,0.25293855242421415
2014,1,34,0.95
4300,3,19,0.95
4891,13,32,0.33345374842501285
429,1,45,0.2524049660580221
759,5,59,0.09047254257824403
3788,5,29,0.5824102453705365
3218,9,43,0.33256924725879855
2072,13,61,0.1094966579424655
1893,8,63,0.2238928053004579
3318,5,23,0.5615833320622868
4657,5,41,0.7177158474859576
2633,7,63,0.3575834710438366
2557,12,4,0.235803474653141
3200,2,8,0.95
4466,13,58,0.2971131686913481
2833,7,21,0.33258366997322997
4580,1,44,0.95
4255,14,8,0.3165691825722611
319,5,8,0.13408269686332183
2918,15,30,0.1291701684617171
2006,12,61,0.08487366123458234
2711,15,27,0.09848326590549772
2693,12,42,0.13887606829034568
195,6,4,0.05
1088,13,44,0.05
1212,11,18,0.06381009523717285
2378,14,41,0.11494726978944275
345,10,21,0.05
2258,1,35,0.95
4429,15,54,0.26844459897784545
3449,9,53,0.3135705174788076
2825,9,34,0.2715991948021195
4177,1,17,0.95
4998,4,61,0.95
2766,15,24,0.16709838881465444
3299,8,5,0.4647397018828918
2854,2,57,0.95
1517,13,42,0.1706576073789104
754,13,41,0.10980213360846985
2542,11,34,0.14566405260134987
210,13,9,0.05
189,8,6,0.051682623548144235
862,10,34,0.11889547364903488
3272,13,58,0.170295328160044
2279,12,26,0.11866047629359186
2604,14,8,0.19949386138368838
1564,13,48,0.05
197,9,8,0.05
392,9,60,0.05
1939,14,34,0.07387674146472492
1834,1,42,0.95
2719,9,34,0.24475330567414072
4847,4,30,0.95
2296,12,45,0.1528600005669031
3566,12,40,0.29302919860323373
2006,8,58,0.2712349785498043
1821,13,42,0.08183620508341097
3791,14,33,0.14195458763388036
1916,9,38,0.19835510347910013
352,3,45,0.14885093681743064
4327,6,30,0.5621639412528507
3619,3,23,0.95
2007,1,3,0.95
2010,10,51,0.2229294402958074
2621,6,59,0.38750676263545325
3949,5,10,0.6600444478250396
1158,3,30,0.2974247720117936
3638,14,34,0.22766729061143587
2422,14,11,0.14849579350955247
286,4,61,0.09276368789535401
1048,2,29,0.456851070022416
2390,12,47,0.0968764103648098
4459,10,54,0.3644611560869783
4717,10,47,0.458394337176077
4978,13,40,0.19909758038085684
4730,14,13,0.21425747479672974
309,4,59,0.05
2193,4,23,0.49002524464389685
3638,3,55,0.95
1663,6,7,0.23681051108424248
125,1,46,0.12887687294542405
274,9,41,0.05
1434,11,24,0.07554714883868197
421,10,54,0.05
4250,3,59,0.95
4147,3,35,0.95
3327,12,43,0.22040784333825086
1972,3,39,0.5786211226793908
2167,7,17,0.2937668901415586
432,8,11,0.09977412741786809
3091,2,48,0.95
1010,1,22,0.8444897719392063
4596,5,53,0.7907015953250223
1049,8,11,0.23382394698993625
2175,14,12,0.09254324439544664
2614,3,22,0.7008697841213228
3431,6,26,0.4190260483529015
3129,3,61,0.8785066453763183
200,15,62,0.05
4746,6,35,0.6061608443486428
2500,12,55,0.1739883411775665
3471,4,32,0.6547460840812747
2443,14,28,0.2082954724994663
452,11,26,0.08627042890757661
3055,15,61,0.2580084831379135
1118,7,43,0.26584639213912487
1279,11,62,0.05
3636,10,33,0.2949482678234886
3750,1,54,0.95
2602,1,45,0.95
3919,15,12,0.2607159848087782
1079,5,55,0.12748795455160533
4934,9,48,0.4708653742821858
1076,5,27,0.23230501047153423
1471,4,61,0.28923117402437276
2380,8,37,0.20977418139116208
4676,13,38,0.2859731997279836
207,5,57,0.05
1072,1,61,0.9069464278083158
1726,7,34,0.1336949060573281
803,11,34,0.14291373483736247
974,15,43,0.05
3909,4,37,0.7637004877046041
2511,10,14,0.18914956931149873
2207,5,15,0.38133157286786873
3653,13,59,0.15633899716166966
1373,6,52,0.1620399702491392
659,13,38,0.05
216,7,44,0.05
3146,11,59,0.19024683052309702
143,2,41,0.10695726440591405
608,15,2,0.08010989022862311
3539,14,6,0.25620773116339923
4028,15,31,0.2520980759819155
1016,1,54,0.7872215553159181
3045,12,19,0.21028265953319494
898,3,46,0.3171850673250765
1860,10,38,0.09442257212922729
2433,12,57,0.1196725859333185
3375,1,59,0.95
918,4,40,0.2292712287473309
2268,6,13,0.3490557044472773
3835,5,35,0.655241913296097
3165,13,46,0.15273542357212141
3359,11,15,0.27898652360705806
1006,4,39,0.17861528425983084
4208,7,17,0.5179967927777571
702,13,43,0.05
4395,11,62,0.31721494881395423
2733,11,60,0.32356102109479457
1891,6,12,0.20339393359507466
3627,3,34,0.95
4643,9,16,0.4833382920756746
1911,15,49,0.193266901108048
4011,5,43,0.7019634855883434
940,13,11,0.05
3242,10,4,0.23064554032438125
4785,1,12,0.95
2190,13,12,0.13998877066494403
4715,6,17,0.6287572277182317
1136,5,39,0.24283800716121656
824,10,31,0.06116522218851369
1087,8,42,0.05
902,4,2,0.19387224941165782
2682,12,61,0.16894492971107666
3937,1,39,0.95
626,11,51,0.06276591646971877
1765,2,58,0.7580233086599694
1238,8,46,0.05
559,10,35,0.1011503698413169
2652,8,61,0.3264890768250559
4520,13,20,0.2839704301350481
4774,14,61,0.24465694596663723
2908,5,35,0.5117259711627139
2998,6,60,0.41651775581487926
3343,2,37,0.95
4168,11,5,0.2902537186192303
2431,12,11,0.17769513348190089
4670,9,18,0.49879401550383107
3785,15,57,0.14450114532846844
731,6,17,0.11705423559564421
4898,12,22,0.29576855064353413
2556,9,29,0.25257144554997846
1081,11,9,0.11069393349172962
4754,10,30,0.3344514249515853
4417,3,7,0.95
1656,6,31,0.24292287116700234
2305,10,3,0.2572850699856809
4543,5,56,0.7582685162323918
4055,9,59,0.3897474845714834
1021,13,48,0.08682678314368866
504,10,32,0.11294461803448927
4872,15,26,0.17981260509352814
4784,1,24,0.95
1720,9,44,0.15412600313624372
3052,5,22,0.5268312926620674
3218,1,17,0.95
1694,10,5,0.138024437634938
665,8,44,0.05
4899,7,47,0.5185478973723663
2968,14,9,0.1679965848131588
957,6,7,0.168512912280746
1384,2,62,0.6691758010996323
684,5,54,0.21972438669157165
4427,3,56,0.95
1345,2,28,0.5765865993062702
151,14,52,0.05
2263,10,58,0.19603969728467202
637,1,37,0.538239256789173
640,9,61,0.11521410564865947
914,2,37,0.46082174458577724
1515,13,25,0.05
2938,11,7,0.20771424614387635
1752,1,63,0.95
2765,14,44,0.15824133621956277
4614,7,34,0.5286493370593938
4162,9,3,0.44332560483500144
2456,6,42,0.3156811349603097
3910,8,17,0.4401744199065773
963,15,39,0.05
285,11,56,0.13242962997613902
4456,7,60,0.5930542992793659
1651,9,10,0.136356254901008
2307,7,52,0.2885170072321705
861,13,6,0.08453444119907812
4419,6,54,0.5928137114106447
1379,1,11,0.95
4375,9,31,0.44704054937915416
4827,10,8,0.4019764651512339
3794,5,30,0.5620689167459121
3381,13,3,0.2449567294585984
1636,2,21,0.7298785728509619
3264,15,60,0.16499709506491275
2870,14,5,0.13218146360722027
2063,12,29,0.20968781044200924
3945,11,9,0.3065776703092074
3535,8,59,0.3642385514218415
4810,13,36,0.3042314899397133
661,4,3,0.21046747871778604
2521,14,42,0.1631584004650901
4817,3,29,0.95
2235,13,12,0.1354634813144944
2161,1,37,0.95
2280,5,10,0.36415519717534206
2060,3,39,0.5966952641324673
3979,15,2,0.16551282920780888
3379,4,63,0.715644685582419
3984,15,28,0.20302428499853173
3370,9,4,0.28635178606693384
4787,11,40,0.3849631633999008
682,14,10,0.05
1713,7,41,0.15426545089459262
1201,11,29,0.05
388,5,22,0.07470911069114074
3959,8,29,0.37326685479775396
3160,6,46,0.3560302502084397
3026,10,25,0.29335446408677895
4202,2,19,0.95
1283,7,52,0.13492222850142377
4435,1,57,0.95
1546,3,10,0.38230763812820023
1849,12,27,0.1454098854056235
2003,1,25,0.95
3275,14,53,0.18377136557492987
1177,15,62,0.05
2477,1,7,0.95
947,15,60,0.07051815284525276
2976,5,54,0.5658171800012728
1339,6,13,0.24984911609210902
1432,12,37,0.15882395798715548
3606,3,10,0.95
2479,14,11,0.1498522708224283
4891,3,4,0.95
4222,3,50,0.95
3337,1,30,0.95
2465,5,8,0.4814643968549316
2512,1,27,0.95
3274,10,9,0.30397605551359824
472,10,44,0.05
2049,3,14,0.6275720421924011
344,13,36,0.05
1940,6,20,0.26416572877049865
3527,11,47,0.274854184988327
224,6,23,0.11256588096917589
4732,3,17,0.95
2853,9,16,0.3319590665549458
2019,8,3,0.26818902201530576
1735,11,39,0.19201285847184874
1525,3,22,0.39493966567528793
1640,5,31,0.2958135443892384
630,5,8,0.1501345149951917
4449,15,32,0.2618756521190877
3203,14,42,0.20849773937725485
4856,5,42,0.8336370318523227
1901,3,50,0.49618276326260013
1136,5,56,0.15667330221978526
3828,5,36,0.6768154231329209
4111,4,5,0.826364952008485
3563,4,35,0.7588794681107661
1242,2,2,0.45341664578994073
1855,9,11,0.16107451557526584
4940,15,31,0.34976403586145843
1729,7,33,0.21669751250989355
862,1,4,0.7779427955923548
4989,5,11,0.9156217633782978
4939,2,10,0.95
4057,10,18,0.3600110715943672
657,6,48,0.08616131125257336
4721,7,4,0.551364937858059
939,12,28,0.05
102,2,54,0.09756668853993195
1151,11,36,0.09811108170953814
1504,6,5,0.25178016635259737
256,15,5,0.09666248085218429
2037,13,50,0.22723864821309803
610,3,33,0.2044326039675065
3504,9,39,0.35921090905806535
4882,15,12,0.26122594039408975
1237,4,45,0.3047942944199646
4014,3,56,0.95
3421,13,61,0.2243052363296604
4766,11,40,0.3102318436947047
814,3,46,0.16156928378791005
2386,2,7,0.95
2754,12,56,0.14237537038218115
1090,9,63,0.07411991510335494
4529,8,36,0.49357860233345713
2260,5,54,0.4245341784606067
4557,14,47,0.3699095762245148
2244,14,33,0.05
2163,13,47,0.09566029685122986
2703,9,24,0.15618370150897168
2077,13,43,0.06973618114682352
475,2,38,0.22414955783677576
841,6,63,0.1153519906323026
4585,7,27,0.4657380822240699
2767,6,35,0.40089043972412663
1340,15,39,0.15178140975277676
3570,3,56,0.9390470726418401
2467,10,12,0.22666992177407624
2343,14,51,0.21936742754449431
3649,10,59,0.2599512467604928
517,10,57,0.05
706,9,22,0.05
667,14,44,0.1073783601308968
643,15,25,0.05659805910516562
983,12,16,0.05
4898,8,4,0.5009140678750656
1323,15,3,0.12034738586046245
2993,8,8,0.23180363346252641
2168,8,6,0.18489707313402173
3809,9,54,0.3637213043615263
1886,1,46,0.95
1557,8,41,0.18500003632767106
2014,2,30,0.7668270460845218
177,4,42,0.0868049565056554
3713,1,33,0.95
1408,12,31,0.14803138010756015
747,6,9,0.10476622220865726
2287,10,33,0.16211662242799169
652,1,43,0.615549674422506
381,12,3,0.05
1381,5,11,0.23692175800798054
1946,15,44,0.1544025242960419
2587,9,56,0.3030101559776256
2893,1,44,0.95
3811,9,38,0.4179841826136367
4299,4,47,0.8684906077964616
4961,3,56,0.95
2876,8,4,0.33266759890497294
1696,6,53,0.2390582167197575
579,7,24,0.05
3412,9,35,0.2655201497276941
3318,5,19,0.6026739486612354
2063,13,34,0.15532142641392924
2242,2,34,0.95
3998,3,61,0.95
2172,3,18,0.5845478995904141
1395,4,7,0.31414067778451227
1038,10,14,0.07018236417043552
861,7,22,0.1253755757967655
4849,12,32,0.27804224708966885
1769,10,59,0.15176673120337641
3962,6,57,0.5142307781434143
2785,3,22,0.7850828491250024
3999,15,34,0.16765415087478752
2031,14,29,0.18587920052411128
4039,7,57,0.3995383809825959
1226,4,7,0.30807953008365463
3397,10,9,0.2673932478101704
4770,11,14,0.39251135678447957
1303,11,35,0.12193294855265462
4235,8,59,0.415126234666119
3872,15,41,0.19451766292593373
619,7,23,0.12615763603485997
2383,7,2,0.29175892908460155
4658,9,14,0.41765764458408433
582,8,2,0.05
2577,12,11,0.16729684595496022
3193,1,61,0.95
442,7,6,0.12784025396325144
1562,15,56,0.1715980421314931
1302,3,21,0.44419647505771537
1721,12,63,0.0843498288490262
2498,4,14,0.5239470621972158
3696,6,59,0.48346088151661304
3635,5,38,0.6505803785650868
2977,8,11,0.30220168148756077
2490,2,4,0.95
3451,5,35,0.5555402974665875
3013,5,35,0.4653349411624932
1289,15,31,0.10696082150076916
2440,3,38,0.7044427586399663
3680,14,5,0.18378131987673568
1703,10,35,0.1873854186835918
3397,15,33,0.2051920491493652
697,15,22,0.05
744,13,59,0.05
4643,5,42,0.7278616708894476
3002,4,25,0.6712912347403766
863,11,10,0.1394218208451357
4930,5,42,0.6833644090108354
1742,10,25,0.08548893307986441
2397,9,26,0.2868254139134637
4796,7,37,0.5566136047415302
2272,1,9,0.95
2260,3,63,0.6318269017592112
3849,9,51,0.3720347043631025
3022,4,42,0.6844910799921612
679,4,30,0.1401108973675365
3904,10,26,0.283160557493745
4978,6,60,0.7200969980571441
2468,3,36,0.6653512184419662
4032,3,39,0.95
4727,15,29,0.2548410897334123
3460,9,56,0.34678619537518796
4807,13,20,0.3543658577874367
1200,5,33,0.2604738037700402
1770,14,38,0.1641739684697283
2320,7,50,0.33497036219510845
316,5,60,0.05
475,6,52,0.10571638473544027
1709,8,29,0.08387150496018739
4206,15,57,0.26615384240966133
3939,8,36,0.44528390054419253
3039,2,9,0.95
4162,11,42,0.3597495352842716
1713,9,55,0.2037345917178133
3779,10,24,0.29812121190742247
1396,12,55,0.08474454427767114
4096,12,41,0.31950917944789275
4886,12,47,0.2512726911422364
1255,14,24,0.05
4979,6,33,0.6623425964773301
2466,7,11,0.27326169779792664
2991,3,18,0.8458443018519852
2072,4,36,0.5366805824360187
884,6,36,0.10048878312328507
4592,7,4,0.5700951665753009
1181,6,37,0.08304006475782393
2133,5,30,0.33356288216359536
1714,14,50,0.1375981881336796
4655,12,47,0.30452530378454346
2516,2,28,0.95
4741,12,32,0.2258381240957677
3753,15,35,0.17089582467144124
596,15,13,0.09001893667120155
604,7,38,0.05051732221472404
3486,5,60,0.5856207875384164
2308,12,55,0.12315985444817898
4913,9,26,0.44019772744552976
3316,13,3,0.2725229310834041
3766,11,31,0.2632116982360202
1508,4,45,0.2776837607290232
4464,14,10,0.32694689009647443
4177,10,24,0.3466407699066306
1577,12,10,0.09452063560604743
2497,2,21,0.95
209,7,56,0.07806000610465368
3654,7,2,0.44159218127335914
749,1,57,0.5895419418132604
1599,11,40,0.12727323163555665
695,14,24,0.05
1078,13,19,0.05
830,5,43,0.1551029493502896
156,3,33,0.05
2343,9,48,0.23678071540322693
1801,9,10,0.18827961863050874
1386,7,12,0.20621036168468232
211,12,57,0.05
4906,9,2,0.5048967137418646
1301,12,12,0.11333644326702363
1047,2,34,0.46201762528933266
4221,11,31,0.2780404645075273
857,10,6,0.05
3488,8,51,0.33708270847890387
1941,10,2,0.25685601625123866
3635,10,11,0.3714010769961534
2393,10,61,0.15517284136280743
1204,13,14,0.07616940127984578
761,1,28,0.5942556564115457
1008,3,9,0.24149174628782677
4717,8,29,0.5418242767597048
1956,11,46,0.07476247699616699
2411,8,53,0.2747367539229212
889,14,3,0.05
271,10,63,0.07243205433790818
4460,8,54,0.4742297443626204
2086,11,13,0.23284584772858666
1985,15,28,0.1121839069765152
575,12,62,0.08760758139757713
1149,11,14,0.09796967142966147
4229,7,61,0.5071527502686592
2411,2,23,0.95
1261,3,41,0.35429042154502777
915,9,16,0.09337513482390099
3866,2,32,0.95
3022,13,8,0.19561711523861616
853,7,40,0.05
4761,1,50,0.95
561,3,52,0.1724375578809857
3339,13,36,0.20673729837655946
2802,14,8,0.1559156493629416
180,1,13,0.17843849112033944
2904,6,15,0.48171667839541926
969,4,35,0.18188000254450432
4794,1,59,0.95
906,5,40,0.15003919233444865
2034,14,49,0.14729934438284428
803,4,10,0.2677609899973423
2623,14,34,0.20265700279615567
2739,11,13,0.270342374179407
4682,10,63,0.3699373048066158
4009,14,35,0.23421211871931105
4901,11,28,0.3173805752746618
1264,10,23,0.07497437597132825
719,2,19,0.3097106264196903
3166,13,47,0.16821743416077142
4972,7,45,0.6035557566803377
546,12,19,0.05
2437,15,38,0.14270144401508789
308,8,8,0.06564370475588717
2560,4,5,0.5629838355566611
3542,9,46,0.34888127685940795
2811,3,17,0.8471159541864912
2437,13,23,0.06343359478697494
1391,6,61,0.1916929235438175
2298,11,49,0.21298050188116563
1500,14,52,0.05
2755,15,37,0.2394643533818009
4112,14,21,0.2297204226247938
804,7,32,0.06188160702747842
925,7,53,0.1484988501369463
1104,6,61,0.11464210844674502
3560,9,34,0.39712079226101393
476,15,14,0.05
1072,1,53,0.95
4313,13,21,0.33806787619192646
3176,9,55,0.30017893861866046
543,13,42,0.05
854,9,43,0.1659889305560188
3704,4,39,0.6958540821769084
4835,13,23,0.2929820962060771
2271,12,40,0.20108678900979554
2805,15,24,0.08252313648956759
3565,12,49,0.18650663879031687
2811,5,50,0.45938909882615714
2507,3,57,0.7102539078199605
722,7,34,0.05
1823,15,42,0.15790243479278088
3422,2,31,0.95
2019,8,15,0.24568990526747336
1018,9,48,0.05692985065189265
4315,6,37,0.5801540194501309
681,9,58,0.07818466019469274
3981,6,9,0.5607781463720616
1786,3,58,0.5298050468114088
4009,10,48,0.3702437482153631
2099,3,63,0.5251240897375978
2811,2,23,0.95
500,5,58,0.07503302962576497
3748,13,5,0.26005407594610863
2728,14,52,0.14639536540822745
1756,4,36,0.36845688967107226
720,12,9,0.147386660859402
346,6,35,0.05
3439,5,61,0.5506855223708442
3110,6,23,0.315049308431106
4819,4,26,0.95
2468,14,26,0.0915827549961317
4094,13,41,0.35980359166369
1939,3,41,0.5222756164801805
3003,1,18,0.95
4495,5,17,0.7815569727500251
4598,6,49,0.585033335204718
3791,5,49,0.6702716649073656
3941,5,60,0.69357894991324
4448,12,40,0.3873047726424499
1492,6,63,0.2345944967836221
3850,4,16,0.7100989111305731
4355,14,18,0.3161765307288539
3108,12,58,0.37470868388098033
4400,4,36,0.9152279846205396
3438,11,34,0.26050455588044985
3614,13,41,0.20724172377989672
859,8,40,0.05
2868,11,19,0.23562195553790743
3188,8,31,0.30463313485159893
2215,12,24,0.17049568125413067
4328,3,38,0.95
1823,7,48,0.31197615508346455
3066,15,8,0.1502360687693233
529,5,11,0.05
2455,5,17,0.42337956510553365
2559,12,29,0.17280728590263145
4292,13,24,0.3686956005178177
1818,3,35,0.5466173159330141
1365,2,19,0.5621325132095883
1408,13,48,0.14131505802971958
1150,3,24,0.3752023056759251
3573,15,52,0.1514378415502264
2349,7,21,0.3021708694909336
2909,3,32,0.919024504217946
3021,15,15,0.09352050252321259
4776,11,24,0.32422866685247514
4141,13,63,0.2553085070728133
2517,2,3,0.95
632,4,30,0.1479804440602567
998,12,51,0.07971552203696988
2754,5,10,0.4490541384907403
1569,13,60,0.11623146817971816
3020,7,34,0.4302940004653508
1352,1,49,0.95
869,14,45,0.10592920110769738
933,8,13,0.15789057927645744
2309,10,20,0.19678178612587083
4749,3,43,0.95
3524,14,21,0.1377322687420089
1191,11,38,0.10295982999813988
1296,6,32,0.21784887997728195
4014,4,36,0.8399684889462683
1760,14,42,0.16046907230592972
4754,5,22,0.7845030257131969
360,10,56,0.09453106806731833
2364,12,48,0.17048491969309668
1285,15,47,0.05236098552906794
2549,6,44,0.328748785494216
3633,2,14,0.95
4470,13,40,0.2570011793045043
4401,15,28,0.10169442218003635
3444,3,26,0.8628096062388791
966,15,3,0.05
192,8,36,0.05
3278,8,53,0.4042275371788183
1451,1,9,0.95
464,10,34,0.05
3818,8,26,0.3609582389752047
2024,11,22,0.29626585257888605
3195,2,37,0.95
2638,10,14,0.26700184050398823
1396,10,57,0.11764055975989043
2376,13,47,0.18174159154392858
102,8,10,0.05
3592,12,36,0.2690562015724918
1853,10,47,0.15944557616479751
1010,5,37,0.1741525225050477
406,1,50,0.3931132402620767
4331,8,48,0.3718924009443172
4115,12,45,0.26227759047884014
1538,5,47,0.15298183401025145
972,15,52,0.05
1241,1,11,0.95
765,15,6,0.09199330502283995
308,4,32,0.05319962494750309
1051,13,62,0.0777874550928642
1157,1,25,0.9459137253716847
4844,13,33,0.3127650532636999
4822,9,63,0.5020751183937834
4720,10,50,0.47904840098939927
4108,2,50,0.95
1968,8,4,0.20167095493047213
4964,4,17,0.95
871,9,58,0.1099807111062045
4935,2,42,0.95
4130,12,50,0.2800563250464256
621,3,21,0.15123538055088057
3455,2,45,0.95
1500,10,25,0.14078757863099584
3838,14,35,0.23925822241627817
4443,5,53,0.7115554270675238
3823,11,49,0.38857268224392116
3347,1,24,0.95
1958,12,56,0.19367620076342032
4881,3,54,0.95
4164,1,56,0.95
4781,10,39,0.3672112509927411
2498,15,3,0.16605344868445218
242,14,42,0.05
2951,8,6,0.24851970410214752
3569,15,19,0.15041160263708267
3795,12,55,0.18482657458680657
817,4,59,0.13414703541876688
742,3,54,0.24648387046927345
3540,8,51,0.3308711573305185
2648,13,30,0.13751788547499208
3793,9,11,0.36766160924453406
469,8,43,0.05
3750,6,56,0.5547977772355907
886,14,43,0.05
1049,15,62,0.07972710736833247
621,3,51,0.16743581200729976
3043,8,17,0.30315359212539683
454,13,24,0.07472224217781756
2435,5,31,0.40445981641331763
1582,5,7,0.29426661324122216
1747,12,45,0.17141744640460171
3145,9,61,0.23156567925228622
4731,1,37,0.95
2315,7,21,0.2341031981166901
4816,8,17,0.4843425563287092
527,11,29,0.05
2637,10,55,0.17525430011691467
644,3,58,0.13848879964317848
2864,8,27,0.2806831596330561
3865,1,23,0.95
758,8,55,0.052981853803497084
2927,7,12,0.35317645388859403
2158,4,2,0.43465660716799015
3427,11,6,0.2540702103559472
830,7,50,0.06554591894043549
1932,10,44,0.05
508,14,47,0.05
4279,11,42,0.33541751580522605
3347,7,43,0.4017156756963759
4902,13,37,0.34900602863010266
233,10,3,0.05
4983,13,58,0.33802165387604033
766,12,7,0.05
376,1,63,0.27493533845049206
3407,3,28,0.95
981,7,62,0.15637765199844667
2160,11,27,0.22098861179026866
2182,13,36,0.1675482591816561
1337,5,14,0.21762684330718676
2552,9,13,0.16279189038360675
258,7,19,0.0927942678289603
2696,3,39,0.7602594694772412
3915,15,43,0.17131214607941886
4474,1,7,0.95
2626,5,63,0.364477332650694
210,14,29,0.08009672478382941
641,15,29,0.05
1238,13,26,0.05
3383,10,6,0.3463996607166603
3710,13,60,0.17179892987622014
4555,5,16,0.7578435543444826
3657,7,48,0.44202789325923386
2519,14,45,0.08460783806977289
1856,1,10,0.95
3186,10,46,0.17099137911927262
2406,2,49,0.95
1075,11,54,0.05
822,6,3,0.15871773531781658
2670,8,50,0.24670531731932377
424,4,10,0.05
1629,3,27,0.4628171708243409
2045,3,24,0.4802504876521031
4586,3,52,0.95
2530,2,29,0.95
4211,1,7,0.95
3610,15,59,0.18648007913161324
945,5,5,0.11567415938707985
667,10,31,0.05
3788,5,58,0.5730837304694095
2279,5,48,0.3445871591031416
2119,4,19,0.45329600576250106
3419,15,31,0.2586573325913665
2420,3,28,0.6710602401275522
1746,12,45,0.12655571030104862
4103,3,32,0.95
4009,2,45,0.95
3520,5,53,0.5530848750695141
2631,4,50,0.5191298589936677
456,6,40,0.09162415130979226
3181,2,31,0.95
2380,2,53,0.95
4231,8,38,0.40941380843892067
2560,6,13,0.43672279510663936
2887,3,18,0.761803367640934
4309,5,35,0.7127020658176355
1297,3,29,0.430600433559009
1378,11,5,0.11046114387043696
565,2,35,0.23234197941231727
4100,3,47,0.95
3448,1,15,0.95
1587,14,14,0.08979644582166206
4697,7,50,0.5960881754205484
4636,6,59,0.6907733878324204
425,5,50,0.1506175295451051
1865,6,55,0.22201920288268912
4262,8,51,0.509847836868048
403,3,4,0.14207937275124166
4679,3,22,0.95
1540,12,17,0.05
248,5,52,0.05
3134,5,39,0.5338675537930357
2731,14,56,0.19785091447481926
195,11,27,0.05
3555,1,7,0.95
4477,4,19,0.8796126848345046
2469,9,42,0.20356403835320488
3567,8,51,0.3524358722517915
628,3,7,0.1556227511606823
2410,5,42,0.3566578439133045
4775,5,58,0.8919019056966458
1763,7,51,0.26091638231002295
3464,8,26,0.3941003230695369
2441,9,49,0.2833294127779087
792,7,25,0.12321609571395785
4430,15,31,0.35785757410712316
1051,2,24,0.3976622073886968
1460,8,46,0.05
638,8,44,0.05
919,11,9,0.05
3262,13,59,0.14753646102164908
4025,14,57,0.20907325035515778
371,2,50,0.14744550142828647
1128,13,10,0.12572712740219322
3765,6,7,0.60643263563799
1342,13,34,0.10079732919864165
1241,10,34,0.05
692,1,46,0.5513096323221898
1705,11,8,0.1144876653826842
4310,7,43,0.4917321381817634
3477,10,19,0.22246167073688927
4171,2,7,0.95
4402,15,46,0.16742006896646475
3794,5,38,0.6057907380349725
2450,14,22,0.15262060842640454
4307,7,27,0.521331457366568
1540,10,16,0.10802196239610819
3726,11,45,0.29759527808825786
1982,15,55,0.056905177302052
3811,15,31,0.2067030855385291
284,9,12,0.05
320,14,9,0.05
3288,1,6,0.95
1193,9,9,0.09892117660700112
3045,11,6,0.22133957923105008
2574,5,11,0.4044156367389364
2715,6,16,0.3434152043447718
2112,14,39,0.12681557336487828
2590,8,57,0.38171119445571794
700,15,51,0.05
1260,11,56,0.05
4699,14,4,0.23249927183325855
4413,2,42,0.95
2835,12,11,0.19080411993007446
2318,7,8,0.2649863953772342
4807,12,52,0.30216909997322644
1252,4,25,0.29333031994110786
156,9,27,0.05
1304,6,35,0.17253425947263293
4441,7,59,0.5367890567142913
243,11,61,0.05
467,6,9,0.14977194616692266
1582,11,40,0.09990569972927325
715,8,61,0.10699548515410467
3738,6,6,0.5154664686926671
3428,7,37,0.4067488759517559
3327,8,44,0.3900966202898047
1688,15,27,0.07821360619416987
2589,1,61,0.95
3103,15,63,0.1848060940611399
798,10,11,0.05
2923,12,34,0.2276605456339255
1044,4,62,0.2929249735882286
3981,6,37,0.5101827849247933
1022,1,55,0.8196070998015507
1846,4,32,0.3324762136128976
4220,6,39,0.6765176035711917
2953,7,51,0.3817257401427316
1659,13,26,0.05
1183,6,46,0.089519460745125
3638,11,14,0.3071121884907658
533,4,2,0.22763941529733556
3026,12,37,0.2070702227975212
1189,13,37,0.05
3057,7,51,0.2819111331162778
2712,10,25,0.20810161301878086
4291,14,28,0.18538794853285806
3859,2,19,0.95
4363,6,51,0.6317604112525764
2189,5,48,0.3780953751524474
2002,2,51,0.8562113214760686
2667,9,16,0.2595216842051539
2098,13,18,0.17086652057656676
3214,7,30,0.3699688225534395
3094,14,6,0.18920730111472603
2110,3,12,0.6511920415146023
4944,15,17,0.3143109474839591
1991,7,53,0.17396894862889556
930,11,35,0.05
148,11,18,0.05
4310,6,34,0.5885240877043071
1278,7,51,0.05
3133,4,50,0.6822173705940835
170,13,58,0.05
166,13,32,0.05
1877,10,19,0.2639491415332911
2328,13,52,0.11319040161190533
1889,8,26,0.1104115611076614
712,8,6,0.05
1986,7,31,0.3150886668554753
1722,13,46,0.05
796,7,57,0.14447868383352058
1337,10,24,0.05
2506,13,63,0.18406849205752168
348,13,39,0.05
737,8,46,0.07825893838991235
1049,1,19,0.848956186593002
2004,6,33,0.2939740290245944
3687,2,31,0.95
1211,1,30,0.95
275,12,37,0.05
822,10,10,0.08195455816346539
3942,7,24,0.5156029686689443
3774,6,4,0.5122459983440675
4966,5,23,0.8360180957839173
2047,15,57,0.05704838380861583
802,5,57,0.14790000532805597
2228,9,41,0.17419340887870063
1026,9,46,0.08455174099847994
4333,12,57,0.3001599482246762
3604,12,59,0.2601196204918303
2617,6,32,0.3426967484435658
2497,13,23,0.24286656379655794
1249,15,12,0.05
3480,3,43,0.8869144500184016
1978,7,44,0.1719588568634571
1353,4,4,0.23070867102527454
1583,5,58,0.2639864656400396
409,7,15,0.13860788076485397
4052,15,47,0.2440506354690697
3149,12,63,0.20531252437641048
1664,7,20,0.16280222519715878
1600,15,61,0.1468259830532174
4965,10,61,0.35846900448821584
115,8,32,0.05
705,1,37,0.5427896145683518
1481,5,33,0.21947624266149504
3483,15,27,0.2221937751743837
994,12,2,0.1087658107695449
1667,9,3,0.1801086753378086
513,15,7,0.05
4220,7,63,0.5022792225033876
2104,11,46,0.16120358188066905
415,12,15,0.05
4766,13,29,0.22902834323297128
4920,2,34,0.95
3155,1,61,0.95
1949,8,26,0.247201484136864
2053,9,41,0.1908865159648046
488,10,19,0.05
2869,5,47,0.38595692427191436
4639,14,35,0.20744203524202087
3146,11,57,0.26616653884775476
2515,6,13,0.2374612694520298
2489,15,28,0.05
403,2,25,0.20540580692987814
863,11,34,0.09662367284573492
2073,5,63,0.2766186937640122
915,12,54,0.05
977,4,16,0.2751928947921739
4898,8,44,0.511449763755117
2426,8,33,0.26961962587707006
2529,14,51,0.22415636670367006
2160,5,18,0.45028274333207097
4498,11,36,0.3408657058456891
1679,8,48,0.2456193253872287
4355,6,46,0.6481343942672303
2301,10,36,0.16700488567526672
3697,6,14,0.5316736515073516
1303,13,59,0.05
2524,15,10,0.1681963501377196
3975,13,11,0.2271404215650824
2923,4,2,0.5676066638839784
3385,10,60,0.33228882798843895
2163,12,35,0.09785679657682937
2079,11,58,0.17490582253396023
4448,3,47,0.95
3231,9,38,0.27508949461244186
3192,5,26,0.5396242225198976
4926,10,23,0.3712216901312062
3764,10,11,0.2661380061133104
2436,4,27,0.4949603240388258
3714,6,20,0.6729860882344216
597,14,41,0.12461325427811168
3917,4,46,0.7885904390578613
4743,15,42,0.25597392025841514
231,6,51,0.05
957,10,58,0.05
620,8,5,0.05
129,8,41,0.05
3496,12,6,0.11817696114347583
4704,6,30,0.6374734421584982
1360,1,39,0.95
1658,13,53,0.2023156932993464
115,1,6,0.12173345520911104
3705,14,61,0.17495555717301725
1707,3,2,0.42403153350056033
3617,2,29,0.95
2116,1,20,0.95
3674,1,63,0.95
1843,12,37,0.18584063803130724
3891,12,2,0.2916275049187126
3734,12,30,0.28308886761988744
1188,6,52,0.1815337123900458
1461,7,37,0.1394473045473
3472,15,33,0.1104527071348102
4573,8,15,0.46971180818731434
575,3,33,0.12689892113287393
1389,1,47,0.95
428,5,10,0.05
4144,8,20,0.4896483974766069
1939,12,12,0.16681791233372667
1286,11,49,0.18068895366236637
4633,14,52,0.35440180122310916
3514,11,5,0.30296536831106
3636,4,42,0.7001966669649375
1873,2,26,0.7582786712116297
2163,9,18,0.16511600048907865
1944,12,48,0.1405194560098048
2658,13,9,0.19294267825182512
1362,9,59,0.11037524089492097
3391,3,46,0.95
1118,7,2,0.10016607143617398
1889,13,3,0.05
3624,1,11,0.95
3604,8,28,0.3615079704940214
906,8,54,0.10064455116163598
2766,13,28,0.21633653630882613
504,3,14,0.12844243945899436
693,12,12,0.05
4049,15,15,0.19537160114754756
4207,5,33,0.7719663888123894
3380,4,17,0.7260961629929418
2312,7,61,0.3334526210938704
1642,11,30,0.100267390111545
713,7,39,0.12160605726121992
968,11,35,0.12167992130948507
911,8,27,0.05
1922,5,6,0.3350783149566554
4962,13,20,0.32792809111084176
4277,11,40,0.2653565985100262
1844,5,29,0.24910127512298627
2356,8,29,0.3474735513234509
4142,5,18,0.6988803210294912
3767,13,38,0.3046638585760309
621,14,45,0.0739000225255452
1625,13,20,0.10676764617336304
1569,1,28,0.95
2775,11,51,0.24271816314090322
1613,3,61,0.4485126963370588
4976,2,13,0.95
1551,12,4,0.12139576345264869
4754,10,59,0.41391025122867786
3530,5,5,0.6155614653365281
3107,13,48,0.1538316617033836
3224,8,48,0.3709929843273859
1853,15,12,0.13966659790506983
1712,9,35,0.1688673726681543
3375,9,19,0.3427061751402811
655,1,36,0.6179847154878435
4351,1,19,0.95
2149,1,47,0.95
924,1,7,0.7430751473587965
2949,9,35,0.2635840341331134
3130,1,34,0.95
1181,7,9,0.07120699172077662
3425,6,43,0.5227544922585555
592,9,21,0.05
4864,11,51,0.4297710630753322
174,9,21,0.05
3091,4,44,0.6828816338870468
3460,9,19,0.36314758271391906
470,14,28,0.05
4782,15,49,0.25287051972484986
428,13,6,0.05
4785,14,8,0.2857403741957565
1890,6,23,0.2855886328455228
876,5,35,0.13701193211992985
2122,9,44,0.19486329595082058
4774,15,14,0.28205394918279975
4416,7,53,0.5269851198853825
1287,9,33,0.07476803000279017
1603,5,25,0.22786324670062363
3391,4,61,0.7026596887758187
3425,10,17,0.19899568290609004
287,3,63,0.07251943856184717
1314,5,15,0.22756895940418884
3386,9,40,0.30894838106182465
3546,3,8,0.95
1209,1,45,0.95
2621,2,13,0.95
3979,10,21,0.33951576688926405
630,5,34,0.20172076955169937
1170,3,56,0.3265305109826557
3236,6,7,0.4875414059768941
1062,15,41,0.05
1505,15,28,0.0854187458660081
3237,11,14,0.19791229733003513
616,8,6,0.059109678885632844
3264,6,25,0.41185714744845836
1591,10,11,0.18998980676015675
3789,9,60,0.35992570222742837
4328,15,47,0.2689488541858634
4509,6,57,0.538969540532013
690,14,33,0.05
1643,5,10,0.2579862428366323
3156,4,50,0.586493224089525
2306,2,36,0.819660094864316
3439,6,45,0.5176746166760988
2808,2,13,0.95
4129,5,12,0.6483665243990725
847,1,55,0.7119949189852094
900,3,62,0.34184344379221443
1597,10,37,0.0866519072319511
1479,5,9,0.2921635396996424
779,13,11,0.05
3870,13,15,0.21721958749139197
3442,7,31,0.3470689926503305
996,8,2,0.11086879038249589
1646,7,13,0.23625835461493894
3226,7,6,0.39957474157643186
783,11,15,0.05
1395,15,37,0.05
1485,2,61,0.7052691556145719
1042,6,18,0.11679512750399756
3380,5,59,0.535024863709814
1133,11,23,0.05
2886,15,32,0.247914336337709
2333,9,27,0.13129786506816887
3745,12,14,0.3075873546967844
1720,10,4,0.17329451365909324
3635,11,44,0.25134922050087466
3305,4,12,0.6999215729231258
2982,12,6,0.2303714619159492
270,7,39,0.14551656792272497
1653,11,5,0.21322867536429838
3997,8,33,0.45326683343365554
1695,14,11,0.11354694601477316
1723,6,11,0.27263840281133683
4222,3,45,0.95
1191,11,55,0.10802274116606339
2937,5,56,0.4569870590749409
507,1,19,0.41910894820961114
4269,14,63,0.2930775929490844
779,13,48,0.052690393732601794
336,8,56,0.059523010030148565
2874,12,24,0.17381407937022422
3537,12,19,0.2432877693668826
3457,12,36,0.17827532431934126
2977,11,4,0.2651112458903172
2523,2,2,0.95
4814,13,18,0.3326052799905746
3247,10,43,0.20218792373136535
1132,7,60,0.08734205794808594
2954,9,7,0.22438593887208882
3040,1,58,0.95
3801,13,58,0.183104762514986
4170,4,12,0.8594800891694812
3232,7,15,0.36388210648003244
3560,14,50,0.1991209452096777
2023,9,29,0.22471738258585627
733,2,40,0.29903202035924575
4203,2,55,0.95
1492,6,37,0.16161605720297642
3546,3,12,0.9373729488128733
3198,4,52,0.5961567420746221
161,3,42,0.05
2569,13,59,0.23892927911114015
1917,1,54,0.95
732,14,41,0.05
4987,14,53,0.21902530745375803
2698,6,5,0.4304561897880576
3551,11,49,0.3490957814358247
1400,11,7,0.06422591923933987
2753,13,39,0.12765910543362882
1554,2,20,0.7194232232672232
1238,2,32,0.5351975598257807
3292,7,3,0.47784774809245373
4720,5,44,0.8455906721572433
2310,8,26,0.1444978311101039
4982,14,51,0.37608992104068445
3859,2,42,0.95
3129,13,61,0.20172428289295793
1460,10,49,0.12330127532466754
2526,8,12,0.25921662618999086
4368,7,47,0.443994141351847
163,13,41,0.07970580606446483
1445,10,60,0.09273773127139462
1074,14,46,0.05
4261,8,43,0.47273301661551365
3728,11,56,0.36990740281074835
1722,3,45,0.47414995814987965
557,8,22,0.06801008958757465
3430,15,62,0.26062022573078636
1840,6,4,0.28386690377179447
3126,2,3,0.95
2054,6,12,0.1405698897579953
379,5,25,0.05
2491,3,51,0.7003714268101897
1140,1,25,0.95
1061,7,22,0.17211511984311112
3945,2,26,0.95
1317,1,5,0.95
3320,1,41,0.95
474,7,62,0.11090118028224796
4230,12,44,0.24204372107059774
1492,1,48,0.95
2176,9,24,0.18928161072414018
874,6,61,0.08917631350251501
4416,4,25,0.8600228462076995
3524,12,22,0.19988193115021222
2223,4,3,0.42204523222207163
4689,15,24,0.33808489050214063
3693,13,52,0.2614969077144125
379,12,16,0.05
4941,14,62,0.2381082695062848
2911,5,59,0.5514041998790368
2442,2,27,0.95
1574,5,27,0.2745971163673724
1957,2,29,0.8220555424196327
2989,12,60,0.2143404434463927
1159,4,27,0.27847847584492647
2022,10,46,0.09544947338669299
3899,11,3,0.24214209188425034
4692,14,36,0.23928101906628216
2573,5,33,0.4053382172885581
4239,6,31,0.6040166374316526
1951,6,47,0.32185794594102
3641,9,21,0.38365931802343123
4649,4,59,0.8899634481114325
694,13,14,0.13904531170514925
606,14,28,0.1466106780095741
4989,5,24,0.9136214871039421
120,6,59,0.05
1499,4,17,0.287666584812776
3301,6,32,0.3797140983953053
2561,2,13,0.95
3778,12,34,0.2759687427724808
436,13,39,0.05
1767,7,46,0.16468167007013812
3676,3,33,0.95
1009,14,55,0.05160170557486647
375,10,57,0.05072380596594438
991,4,3,0.28454337760843423
112,9,51,0.05
4157,15,50,0.24307057425465292
3125,15,52,0.1835114979729747
1073,12,24,0.05
4370,15,33,0.24018698030055968
4070,13,16,0.27646132661129874
1508,5,41,0.29745038980282196
2043,9,56,0.22269435532729276
2388,10,42,0.1860735276452889
646,13,41,0.11011823649683863
1318,10,9,0.05
1520,10,44,0.15509261298738017
1554,12,51,0.06016086761203814
3477,10,50,0.3663423217298452
2872,6,23,0.4484299625681503
4198,8,56,0.3637654980013637
2838,5,39,0.4227941943940996
3847,5,56,0.5545378916325592
1942,3,57,0.5773495597098615
846,7,35,0.12333644756547602
2916,2,2,0.95
971,11,11,0.05
594,12,41,0.05
3544,3,17,0.95
4823,15,25,0.33175000171267927
1175,2,47,0.4721712799640245
4094,15,25,0.24181677812017824
4337,13,49,0.31713955609822836
145,8,15,0.09238262772255017
3156,4,27,0.5797240542293474
2157,10,40,0.16913114269891963
763,8,19,0.05
4768,8,21,0.5196572910307415
2129,8,42,0.14939325241556914
2796,8,57,0.291228717509222
739,8,37,0.0828096298089721
2763,12,25,0.15139418890053224
2845,9,27,0.3135116248245348
4502,2,30,0.95
2695,9,49,0.25188229581884825
3527,8,23,0.3327515598978319
494,11,12,0.05
3697,10,42,0.2626599019730939
4944,1,50,0.95
2432,14,55,0.14535178637417034
429,5,12,0.2011471050026813
2197,11,53,0.16261812237629242
872,2,4,0.3278015619387056
1745,10,22,0.08110428208502887
1832,5,59,0.3373001034438293
4573,13,12,0.24085082757065596
1887,15,9,0.12386113930326828
1723,8,32,0.24863530252297328
1099,9,60,0.13971204734402484
1948,9,11,0.13357736790605537
1661,1,7,0.95
873,7,18,0.16850351672374983
1903,12,39,0.14903819298964055
1198,11,8,0.0805043519554566
2150,8,33,0.26867224435308923
1698,10,14,0.16670312781429816
847,3,7,0.2420328583423299
4073,13,4,0.29504014562409586
2422,6,28,0.35091482925561635
1653,11,58,0.10221795287407366
1715,3,46,0.4862046457886874
3854,9,43,0.3439202657078591
4524,13,27,0.34760929269298035
2402,3,5,0.6536218989356856
4321,2,38,0.95
4962,9,22,0.5005334282655769
3755,15,52,0.1969529514787629
3495,11,29,0.2695548123890775
316,13,19,0.05
3416,14,57,0.1642353232524424
1459,8,33,0.1370858299717424
3874,8,40,0.3728532689942675
4377,2,54,0.95
4529,6,62,0.6151994713216168
4706,13,34,0.2778581090497395
4578,13,27,0.3368072198168845
1996,5,18,0.37338737396923943
4527,14,57,0.22414086922350926
999,12,53,0.0808576478846933
741,2,30,0.29553289999139715
4829,5,21,0.8190921373426464
3727,4,31,0.763187193324336
295,9,58,0.05
1993,12,51,0.16588344120701276
3375,1,6,0.95
4150,6,55,0.5147035956252162
4653,7,7,0.6037024398916193
2404,15,43,0.18335183270567254
3700,12,61,0.3169747601425695
3443,6,63,0.40076026999374104
2156,5,52,0.4015489343407336
2908,12,11,0.15968910468754838
1324,4,7,0.21471292724963792
986,5,11,0.13863218341556607
492,9,43,0.05
1775,5,22,0.27018215731824036
3290,10,45,0.3334722496762211
2546,15,57,0.0896599755858837
4005,8,5,0.4658097934232821
3438,7,14,0.38779687990250244
3691,4,59,0.7736694601489392
3866,10,11,0.30827600244934167
2627,5,17,0.39743784306199115
2281,7,20,0.23000166083492102
3864,6,7,0.47112601398553094
454,13,27,0.05
2731,3,63,0.7499653360723113
1621,10,10,0.20373894164553974
2772,15,47,0.09809297180406745
3278,3,57,0.9193424675328037
2437,2,11,0.95
728,14,41,0.10793765677467056
2779,3,4,0.7957237914299267
4522,11,50,0.31007690342929956
1538,10,20,0.06867895369950192
1521,13,63,0.05
1226,1,36,0.95
2783,13,47,0.28648184174409064
1880,9,61,0.14470082572276785
1631,2,7,0.5852516360137818
2014,12,30,0.057428711787833
1332,13,20,0.1645667944294443
2056,3,51,0.5487849284635353
492,5,45,0.10215321312443784
925,10,16,0.09268160531424038
3063,12,58,0.18121765047483585
2495,4,39,0.49616066330355213
4245,13,22,0.22518634973606377
4995,5,45,0.7411384031097429
1892,6,52,0.31399595294536065
3164,5,40,0.5674189213318579
1463,10,24,0.1209610069631068
2448,1,21,0.95
3651,6,43,0.5564180097939089
3728,9,51,0.23089916692570783
3436,3,3,0.95
1665,15,46,0.14404200672579542
3767,2,33,0.95
2313,6,48,0.367623650179866
4196,12,29,0.371154983104145
1119,14,57,0.055660938199471405
1384,3,5,0.38530206031236564
162,4,8,0.05
2630,6,4,0.334855922018981
3492,12,26,0.28972816240537147
3372,13,49,0.23787853202494305
2369,12,59,0.1908920896371119
4347,6,10,0.5270013535026437
743,12,24,0.07657689653389463
4821,2,24,0.95
316,13,50,0.05
295,13,27,0.05
3964,3,41,0.95
3373,13,19,0.28736902697458944
2794,9,25,0.2743905571337317
3312,2,28,0.95
2855,3,46,0.8890776073927475
1621,9,3,0.1410255977430368
1180,4,2,0.19286818878791073
821,15,49,0.05
1662,1,17,0.95
739,11,44,0.09814794087613152
4360,13,25,0.2920636945147885
4410,2,37,0.95
3887,15,12,0.19384227125076445
3836,3,27,0.95
189,9,7,0.05
3021,15,27,0.2769288137899153
1351,9,30,0.13486868365095392
1202,11,44,0.08624082990757917
4803,15,59,0.2781506488289682
448,6,2,0.058004647445191106
4013,14,10,0.1963851795403342
4152,11,28,0.3688171381382936
3041,6,8,0.3384854710076377
345,3,54,0.10664396640304381
371,5,55,0.0937153590948032
2130,15,4,0.05
4598,11,62,0.3716909528571375
3287,4,10,0.6625650915318986
3606,10,3,0.21870790771635923
1565,10,61,0.13985784838789675
1295,12,11,0.13640878393578584
3187,9,18,0.4505877835771005
3108,9,63,0.2682173791152905
3923,1,32,0.95
1714,8,2,0.22516417083159115
1226,15,59,0.0751108628460608
4479,9,19,0.4513240880708724
616,5,7,0.08133482272152864
2765,4,39,0.5671196016793101
1401,10,42,0.05399196774881476
711,4,43,0.12943793788768837
849,2,48,0.27134896390720664
1956,9,5,0.10337797643053298
499,5,41,0.12731646808632563
1626,11,5,0.058545558928829816
2124,3,36,0.6368243479225385
419,6,5,0.05027255257930964
435,9,2,0.05
2198,9,42,0.16647540227238058
273,12,44,0.05
4119,13,32,0.3411073084233788
1741,5,54,0.25398647801129315
600,8,56,0.05
3746,4,20,0.8198082150917917
2463,5,22,0.3526748045462188
1956,7,62,0.17037250634503082
3252,7,59,0.384729138545659
1996,13,31,0.1879131552591413
1818,7,53,0.21206072584116845
1878,8,8,0.18187254837430641
4892,11,6,0.36890604688283496
3157,5,3,0.5216667023516647
4927,15,52,0.2413555772422285
2813,1,57,0.95
3928,11,4,0.3088005383274055
4847,9,16,0.42322081730300826
1194,9,40,0.11374479369730298
145,15,38,0.05
1545,7,56,0.11288654263907084
2296,12,11,0.26783875757146636
3301,6,10,0.4650687657736031
555,13,24,0.05
1762,13,15,0.05564479837668364
3024,5,55,0.4297094344106086
1065,5,61,0.14072711397479576
1628,15,46,0.05
3076,3,34,0.8435511267280242
3171,10,17,0.34629274947635325
4969,1,21,0.95
2621,6,9,0.5272661165119812
1226,8,50,0.16046589619423968
3504,14,39,0.3183467197061013
4592,2,35,0.95
2443,8,32,0.2194538708327267
206,8,46,0.05
2677,10,58,0.2192672636325208
3254,8,9,0.3729681504466613
4483,10,26,0.2974204953273149
4153,15,42,0.2742090682385101
4901,3,63,0.95
314,10,14,0.11733590297136443
4539,8,19,0.4904637386566372
4389,11,51,0.3951815672259736
4353,15,42,0.219033146934375
564,12,35,0.06662605860293212
2472,12,37,0.14812619216095843
691,14,51,0.07158912952305638
2288,4,18,0.4886066765775132
983,3,13,0.349692223752252
4258,11,17,0.369577648764124
403,9,14,0.06108730312697519
4591,8,12,0.4877376868874672
433,10,15,0.05
2933,13,43,0.11356750108052958
4606,13,56,0.23874493271820038
2431,2,29,0.95
4661,13,60,0.38171106541305994
179,13,54,0.05
3863,15,52,0.19215381506577117
2931,13,25,0.21838617325706655
2077,14,54,0.07774377075233163
832,8,18,0.1572818907088425
4076,11,10,0.18089958654365884
1917,11,47,0.20696689541200958
1484,3,31,0.505027415042649
2224,10,38,0.20246650718016934
1298,12,4,0.055375328994400584
2392,14,55,0.18986867823334524
4317,6,9,0.562349933867166
284,5,19,0.15290908169654646
4227,8,60,0.468682136899854
1097,9,31,0.05575416642936239
2086,11,4,0.19948607476763527
2909,7,56,0.29464788234086287
4764,6,35,0.6221394103184031
2457,6,60,0.37990626623743784
1779,1,44,0.95
3139,5,29,0.529351049907667
4986,14,38,0.32570545700195186
2611,8,26,0.2383289852991802
3627,6,31,0.4765103862388674
3126,12,8,0.3029634212417861
2845,1,63,0.95
4273,15,47,0.2368683194404687
2681,15,30,0.1446732213173889
4303,5,52,0.6575067209176649
2911,13,3,0.2104917040218986
4190,11,27,0.32302789492438017
469,12,42,0.07841309152145963
3843,5,58,0.5356289122471619
2104,12,58,0.13607931360125464
1803,3,43,0.49646215120123466
3424,8,52,0.3735949667701374
540,15,50,0.05
3357,9,58,0.33714633471086153
3006,6,8,0.40772091103641817
326,6,19,0.05
2501,2,7,0.95
4818,10,60,0.39840859094525655
1124,2,42,0.6182515623953465
3591,6,41,0.5278970185431151
4356,12,28,0.4294833989653789
970,8,61,0.13578638244195856
3299,2,55,0.95
1845,9,55,0.16442672763798263
543,13,57,0.16152983542707197
4658,12,42,0.36222545317652877
572,14,25,0.07131283190447213
179,9,34,0.05
339,15,32,0.05
4752,14,35,0.22935197682757094
689,4,23,0.12178635274413022
1460,4,25,0.31212021271588725
1984,4,37,0.38251592222260467
2416,11,29,0.23087475774804309
4530,5,21,0.7261039181692935
411,8,62,0.058872345598999815
1176,2,19,0.5393943777994722
133,11,43,0.1139361737682591
1941,5,33,0.3417930502546098
4581,14,34,0.22135366432411285
348,2,11,0.14423281208785702
1234,15,10,0.16656317471912213
4989,11,56,0.4254582994859227
475,11,26,0.05
823,8,14,0.11443561185426626
2013,1,48,0.95
4397,15,51,0.1804820020002904
2592,7,59,0.3188416256235092
2042,3,46,0.5324223303140523
4104,4,6,0.8277152612936548
2444,14,32,0.13130061510628382
1431,15,32,0.05
4688,8,35,0.4799501881725555
437,3,27,0.05
1965,12,8,0.1783171326457581
3237,13,42,0.10491484350005108
891,13,52,0.05
3711,7,47,0.34770391919047394
3800,12,50,0.27949486749046826
1616,1,53,0.95
4053,9,21,0.46061077274620676
4008,13,44,0.2785291368775785
2773,6,23,0.2971208212667065
2222,3,6,0.5751444013110167
3885,7,13,0.4721427885167589
158,15,62,0.05
2533,13,22,0.07288218816077502
2162,5,10,0.4054312465175004
1354,8,30,0.09772734252092716
3788,8,28,0.35228030568857294
3848,12,18,0.3208955738000947
4230,9,41,0.39220091320405365
4357,6,25,0.6221289737594455
3129,4,28,0.6783012213479376
2946,13,9,0.11098237956191273
570,2,62,0.24998074026127476
4135,3,45,0.95
2999,5,63,0.4893811401391784
1546,8,30,0.17980933913715152
4543,12,20,0.44255077139699284
4889,10,11,0.4846241775060642
1012,2,25,0.3997170097997572
4342,5,35,0.748213889896708
1811,14,57,0.14548491596072116
774,9,61,0.17955038215704816
1539,2,41,0.5956074048954452
2834,15,32,0.31085955349051025
3730,8,47,0.40300511121504223
785,3,52,0.2024134612496191
1226,8,5,0.15878962525709306
4316,4,42,0.8810204125596144
2566,4,46,0.5178425888230022
2497,12,32,0.14495305515759738
4237,7,10,0.47713204675271115
3538,5,27,0.5053054897972693
4224,4,14,0.7983729181637714
1065,7,58,0.08662475244306067
1019,12,49,0.08418928457224711
2972,3,27,0.789335534799744
1608,15,55,0.19513717737359443
1312,9,2,0.15339101814515446
971,14,41,0.05
4490,13,62,0.3781362440152588
3354,5,10,0.5482079888322303
963,12,32,0.05568097736117549
4053,3,25,0.95
3208,2,46,0.95
3155,7,50,0.3804985499926152
4094,12,61,0.3179172325397504
2782,7,23,0.27413609989321697
4790,12,58,0.327295728366722
713,13,10,0.05
1972,5,40,0.3461357080956573
3254,4,24,0.6073643968536985
4660,13,21,0.3774572634719248
3473,11,56,0.23351472950023444
3291,2,43,0.95
667,2,22,0.2721757694378071
4233,7,28,0.4556338545666776
344,10,59,0.05
120,7,6,0.06975516528626134
493,4,18,0.08620939287191809
3914,14,35,0.21175811391390656
2155,4,10,0.4811480448235483
3615,4,35,0.7822596166037523
2475,11,11,0.1937184536732933
2010,2,60,0.8983595331771216
389,13,45,0.05
2658,13,3,0.2590841447367912
460,9,48,0.05
1722,1,26,0.95
4414,15,4,0.3147778688203591
4194,8,35,0.3486914441860886
2553,6,8,0.31236265999071816
2115,15,29,0.06828453863762259
2140,13,10,0.14023392392842518
2144,10,12,0.17480783177625772
2900,7,30,0.4058846959825892
3070,12,55,0.21652121297502275
931,5,61,0.1264668303277381
1893,6,17,0.24886680002901437
3792,6,40,0.47974016190999974
1891,13,30,0.1542462814455973
2941,9,14,0.3466995633657005
4790,10,36,0.40961109815629004
2254,13,12,0.14359607266905164
680,4,36,0.16495677225861374
2953,12,48,0.18232584515309097
2336,11,9,0.1699146181149804
4276,12,8,0.2886613040784085
2255,13,6,0.17977452422177992
1444,5,7,0.22135495707939767
445,4,58,0.05
1986,1,52,0.95
654,10,61,0.16986648160137577
3870,6,36,0.5293267297551854
4497,5,31,0.7745364108491409
299,4,12,0.05815047701582741
3040,6,39,0.41849465725902046
3590,12,28,0.19344528936732422
406,5,57,0.15285102242735027
3175,3,22,0.8445623707499174
1756,2,15,0.6930971406670015
2792,13,50,0.19810497932390136
1864,6,36,0.3171437446851913
375,4,30,0.06443355065825532
3461,11,25,0.16854296064756735
1501,15,37,0.05
4833,13,42,0.38709327579338215
1875,10,46,0.159911635634052
3481,3,33,0.95
4150,14,7,0.2587846669793906
3560,8,11,0.3282297144018145
1980,12,21,0.15699436450383847
3935,9,21,0.3777494908368318
4378,15,27,0.26819303086028556
1944,7,22,0.2355604726751765
3477,2,46,0.95
171,8,24,0.0751119472944753
1776,11,47,0.13137478921213555
1395,13,13,0.10121385090598635
1143,13,56,0.05
2725,11,14,0.15238924856087316
3142,5,11,0.48335553467610287
914,15,8,0.05
2294,15,38,0.05
3600,15,13,0.16869788791064982
409,11,62,0.10715599946961085
2161,10,26,0.1590064845919456
4327,7,3,0.4520542912445245
1977,5,41,0.3649771625550763
2902,2,27,0.95
2586,12,41,0.16084487541816492
4935,12,52,0.28264168494001435
3845,12,6,0.26737351721832586
894,4,63,0.18797441322558275
4114,13,9,0.27900875750140597
4453,11,43,0.3410438284563728
3507,5,46,0.5773875105291956
2556,6,10,0.3550871931906925
1951,5,40,0.31966419562445536
1074,10,21,0.05
1147,11,53,0.18482822525441522
4466,15,52,0.2781744624053777
4337,1,12,0.95
3889,1,41,0.95
3121,15,23,0.1649211210410294
4469,3,17,0.95
4129,9,43,0.4524667994312531
564,11,39,0.05
387,2,43,0.17483647206012973
3295,10,11,0.19367815662024895
975,5,26,0.20313698895343885
2092,9,60,0.2108410727072298
3025,7,20,0.35497699140606276
1220,11,5,0.05
546,8,20,0.05
2932,2,4,0.95
3668,5,18,0.5656268412950609
2996,9,15,0.18458672969457174
821,1,11,0.6658766929557602
2263,1,7,0.95
2682,10,32,0.25895429294055966
1451,8,32,0.15379209192236368
4080,2,49,0.95
4602,9,10,0.5357196201017151
3484,10,54,0.24029290912167905
1825,9,13,0.12994800525891528
793,4,45,0.1408554439470006
3513,2,61,0.95
594,3,47,0.18107724846459747
1047,10,27,0.07190051458668471
122,1,3,0.1328729411092873
1228,3,43,0.38272864167686815
657,5,5,0.1754769728726145
1716,3,33,0.5128195743571154
3830,3,29,0.95
1756,10,7,0.12084283478214301
4273,6,31,0.5439868415695198
906,3,56,0.2539939364544284
3412,3,29,0.95
4963,15,62,0.20119360105861223
553,9,14,0.10906465441407184
3075,2,56,0.95
2424,1,47,0.95
1547,10,37,0.07815493696546655
2661,8,11,0.3474514622085577
2611,13,11,0.19280265661112353
2971,14,6,0.2199730302468739
462,3,30,0.12291260665553805
3554,7,37,0.5039310187000033
2898,2,13,0.95
4720,11,59,0.42371909560014365
3553,11,23,0.32735492190772797
3355,12,60,0.20183781319230557
1317,8,47,0.14749605605085833
1585,9,40,0.21346744942384027
2203,8,3,0.25392378266790405
2636,8,15,0.2251889962952036
1955,8,11,0.20809207055938214
4917,14,61,0.33350560913285165
1307,7,49,0.08267598076038915
1548,2,4,0.5965421735066133
1607,8,60,0.0963408256944676
1103,5,9,0.2075863313194959
1025,6,56,0.22033117300481025
183,4,61,0.05
3842,1,18,0.95
4027,13,5,0.22632875704991207
1642,5,22,0.35908319307822534
1085,3,31,0.31228113694586435
4331,9,20,0.44377475366694136
1008,4,16,0.27962499995279877
3008,10,21,0.259466439965198
4785,2,59,0.95
2837,4,43,0.5850974939199
2686,3,31,0.7566306407711658
1243,3,11,0.28658629709731737
1431,5,24,0.14410062651587163
3448,1,25,0.95
1653,5,13,0.34204735760226046
2442,8,10,0.19597849516412358
1906,15,16,0.24621623339560406
2200,15,30,0.1938069605259007
905,10,19,0.12120941871438896
4247,12,21,0.21761935660380655
2875,9,2,0.33651910973028787
171,12,4,0.05
127,1,9,0.05
568,14,40,0.05
4083,2,32,0.95
863,2,48,0.3196735438653161
1524,6,9,0.18161397821099096
2348,1,16,0.95
3932,11,60,0.2876537876349035
4160,1,23,0.95
4170,2,33,0.95
1775,15,6,0.18088245246727325
659,12,45,0.061554410015356664
4574,13,45,0.21021196504106143
3931,4,59,0.8766840259533016
2018,2,10,0.7987867633807784
178,4,54,0.09416048165174018
3747,3,42,0.95
1131,3,16,0.2733036681111641
2172,15,48,0.09977542995181483
4645,9,62,0.45290772884203234
1584,8,53,0.1785774416703092
2345,12,45,0.21056897720483675
1650,12,38,0.1362214843041548
4885,10,34,0.4070769685897807
4782,9,23,0.4479476911653026
1929,1,52,0.95
3851,12,12,0.29380353797403524
4822,5,59,0.8246436492426474
2131,12,51,0.16082147290082155
4559,12,7,0.43170932985408195
3956,4,18,0.8431675863659012
2282,11,47,0.23440356638203041
4569,14,45,0.23942044714639202
2194,9,58,0.20367000263958956
4003,14,6,0.13124679479713736
3132,3,40,0.874463426732987
1648,5,60,0.24402562727721205
467,8,59,0.05
164,10,49,0.05
3399,15,58,0.16869936409147285
4949,5,10,0.747659025695263
2135,9,30,0.18748397671946387
2963,2,24,0.95
1976,6,48,0.2955355798949889
4951,5,37,0.839113973614635
2328,9,32,0.15900041474330795
696,7,21,0.05
3706,8,24,0.33924951122951674
2774,7,57,0.34425373150635935
3989,13,8,0.19465960063197513
3606,10,60,0.3719613818631763
1934,10,47,0.10307519510453741
1495,5,63,0.28954268972158637
1686,11,59,0.14110525931772122
211,13,37,0.0887354751729569
552,14,5,0.05
2903,5,25,0.6372254169037809
2731,13,61,0.18456225983981045
2286,11,15,0.23305001226901853
4448,4,26,0.9462912838756165
2104,2,8,0.8235672146270105
1559,14,16,0.0543720013771806
2042,9,45,0.19032976639471566
3593,10,47,0.26080241857113157
1957,10,14,0.1705269069942142
161,12,63,0.05529704520692899
1594,10,20,0.19691618237399156
1280,10,13,0.1901617203768657
2888,3,49,0.799958996877854
1975,11,27,0.12845270202681833
2308,11,49,0.08821380756137143
4736,3,34,0.95
4821,3,16,0.95
205,8,38,0.0839757975855662
1254,6,7,0.18021340627882196
3528,1,60,0.95
4187,12,26,0.2396952144302747
1808,13,54,0.09355019955606567
2923,15,18,0.22086442113810176
4025,14,44,0.2617118507770329
2008,3,60,0.5345390908703154
2149,4,37,0.4811750715760896
4564,13,51,0.29865983680254243
1374,2,53,0.6267496856809417
1045,6,47,0.16948210989644627
4004,10,56,0.3172829706459028
2327,12,10,0.1504659452901539
3896,1,29,0.95
392,1,36,0.2457252514913382
4779,8,4,0.47565724138090376
2322,4,12,0.5514185522541427
4073,15,21,0.24766826564734595
2591,15,24,0.12936092009262143
2575,1,55,0.95
4960,7,31,0.6462601472271063
3829,9,38,0.3240607248253499
527,10,37,0.05
3072,7,45,0.5252919767675973
206,1,57,0.12705226639835226
3719,1,13,0.95
4854,12,37,0.31920039857976457
3433,1,36,0.95
4092,15,56,0.1310129159672637
1325,8,35,0.14255787914835863
4104,7,5,0.45716450612501314
4350,14,25,0.2811195566123751
3468,3,37,0.9215624859393908
995,3,59,0.3393023711499445
4005,12,29,0.2754836186075304
1720,3,40,0.4357475987147328
3963,2,3,0.95
2392,14,44,0.12977059701829602
1485,14,6,0.1568497462348422
3999,4,29,0.8039691383590902
3692,7,14,0.3589942764957068
2533,9,37,0.3215908427650629
2906,3,10,0.7170067826676025
3483,10,40,0.40786700242079776
1401,7,31,0.07471817442281518
858,12,58,0.05
846,15,28,0.05
692,4,62,0.18800413830265938
2986,1,14,0.95
4211,5,43,0.799230467560224
1168,8,40,0.05
3407,3,51,0.8600825681832823
802,10,29,0.11932556598267555
4808,4,19,0.95
204,15,35,0.07236965394599548
1597,3,22,0.4804471483718013
3933,15,2,0.2778690861294073
495,10,46,0.05
3617,14,24,0.20365668794271047
2753,14,35,0.16552161971434945
3391,8,37,0.34806165171947767
2110,10,10,0.20231661407498458
3981,8,9,0.41341915018358416
2088,14,59,0.10204506424007326
4637,4,51,0.9084887157684073
1768,11,31,0.12672648705427844
4862,2,49,0.95
1151,12,37,0.0752228482085637
2941,3,37,0.833197108067698
4823,3,19,0.95
3684,4,3,0.8048450541047689
447,11,54,0.085339531670231
1363,13,12,0.062291950370636534
4765,2,53,0.95
2842,2,57,0.95
2173,3,37,0.5531575660063732
3248,12,32,0.17016770402105164
1451,1,32,0.95
2921,8,25,0.30337717297141525
3927,6,47,0.5179535516425193
769,3,22,0.2422192235106124
4913,1,33,0.95
2746,3,50,0.7852753330583156
366,1,63,0.278038808219533
1538,3,31,0.506669270704692
2793,4,58,0.6274826081797404
1122,6,9,0.16214537746302266
2137,7,34,0.2523432982348693
664,7,61,0.053287627020770806
1159,9,52,0.05
1524,8,52,0.16428611135681317
4223,13,54,0.3275171591781978
319,4,40,0.05
505,6,2,0.05
1737,11,34,0.13678540420692578
2418,1,43,0.95
1859,8,14,0.15710126845501698
1774,6,23,0.2243283327620254
891,2,63,0.3774558489925394
3682,8,6,0.4866262379532219
1409,4,13,0.29114921770936225
3933,9,61,0.3832563790339849
4512,4,30,0.9362282799477999
1430,1,4,0.95
4546,7,62,0.5487437904939089
610,10,52,0.09918152172348565
2672,5,37,0.5296559142826575
4029,10,48,0.3282933497757826
591,11,46,0.05
1717,12,12,0.23784716478543072
2156,5,27,0.4445048809098313
1620,4,3,0.35507234760276685
1683,6,30,0.2967262691166284
1675,1,42,0.95
4046,3,30,0.95
1861,11,45,0.18993837086899015
2091,12,37,0.15425134046354472
3279,7,59,0.4008607372390919
3426,11,20,0.3003437881717611
1146,8,11,0.20777393612890155
2992,12,12,0.2360329200739278
2713,9,8,0.29859831039288937
3992,1,14,0.95
4244,4,42,0.95
561,2,45,0.26463150038705563
4531,2,62,0.95
1481,1,3,0.95
1245,5,31,0.24241883136775344
3615,2,23,0.95
4554,4,54,0.95
292,9,2,0.05
3634,11,28,0.38338221895575425
855,3,8,0.18492844799995606
1784,15,2,0.12942531967866897
2625,8,59,0.23673369480384462
927,10,26,0.05
989,13,49,0.08973410521132498
4848,6,5,0.7509650136751161
2555,10,31,0.17695687367726307
2433,5,9,0.43755828542568664
210,2,50,0.18025790353106041
4815,11,22,0.4821312383279276
892,13,52,0.05
4783,3,5,0.95
2743,8,61,0.2948155666623918
3514,15,5,0.23481587063849702
1409,12,9,0.09244393463781075
396,12,43,0.06348019901111888
1729,9,27,0.16061547201587378
668,11,30,0.05
4805,11,17,0.3898452885886894
4211,7,20,0.4760463865643556
171,1,2,0.09634807732955192
4465,12,38,0.3137412067338821
4482,12,35,0.27393462781701755
165,13,30,0.05
979,13,28,0.11482227399178048
167,6,49,0.05
1316,7,46,0.09979696560662418
3127,12,31,0.24977713807523372
3339,6,7,0.5219648867250679
3580,10,37,0.27975653627462055
607,11,58,0.11657660115817775
3814,13,40,0.276349049840987
2984,2,3,0.95
1225,13,56,0.05
985,9,43,0.05
2941,3,15,0.8463333995906335
3977,6,9,0.5550223004794327
4970,6,4,0.7049475339996804
2625,8,36,0.29763243125654226
1025,13,28,0.14604189850720717
4315,4,35,0.8690813951905342
2038,15,29,0.20056708078155988
3914,6,32,0.5208297397019246
3462,1,18,0.95
4683,9,20,0.4555911891145353
3332,12,43,0.19424834325302506
3844,9,45,0.3808359852872041
3565,7,60,0.3767234238185776
540,11,56,0.05
3711,13,12,0.2882266809503791
561,1,10,0.5206380418415262
711,3,31,0.12707365019476857
3571,12,58,0.23627393209802006
3263,5,46,0.48957123666665714
105,4,7,0.05450432863293752
4876,5,15,0.8691683586223405
4070,7,32,0.4412886938270998
2958,9,55,0.16538053103822561
2706,1,12,0.95
198,5,6,0.06351854275867218
625,3,32,0.13062311088653913
1280,3,3,0.330832775830751
1789,11,40,0.09706966944552142
1238,2,18,0.5166672614589287
4591,6,39,0.679473150072691
4965,14,47,0.31635298374761256
3171,6,37,0.467967549234233
3027,3,4,0.7770828597113706
2892,1,44,0.95
4878,7,30,0.6398285593017824
114,2,34,0.05
2515,8,15,0.22031517889553937
2785,3,39,0.8053497970524798
3000,1,30,0.95
1336,10,24,0.06156995937531676
4200,9,60,0.42846164932339864
3320,5,18,0.4770457024525412
1707,1,60,0.95
3663,10,50,0.33553423987058956
3397,11,56,0.20180073314244334
2733,6,12,0.42236424754128243
3990,10,29,0.34629702106446697
4364,3,55,0.95
2908,11,8,0.12538121931166757
891,15,46,0.05065903280623449
1099,4,41,0.15055208768772482
251,8,9,0.05
3163,15,42,0.19551386057792766
4699,5,30,0.7969851833598418
2191,12,26,0.051683688376834264
4699,6,8,0.6388334480776643
4182,10,58,0.3721087965432112
4126,4,23,0.8728211716922364
3077,6,10,0.4373121122251604
942,3,12,0.24872836858113148
4546,10,35,0.432561022315008
3893,12,28,0.2787032267330306
2170,1,51,0.95
1759,6,63,0.24650664831570931
697,14,23,0.05
2613,13,4,0.1762186028554112
4235,1,51,0.95
4370,10,49,0.38553099269906305
3703,12,41,0.3521949949401761
1316,3,56,0.36868592105546094
2391,12,9,0.16115789395173669
3911,8,7,0.4525441010113619
1031,7,58,0.1355983810338354
2238,8,26,0.3522034825894965
4102,10,3,0.3397769359116074
3078,10,17,0.2724330981688922
3992,2,59,0.95
4695,10,54,0.318180884132951
3018,7,42,0.39501052628489025
2664,14,52,0.13666055202920493
1863,4,22,0.37296675490439335
2270,1,16,0.95
435,11,57,0.05
1276,3,35,0.342546013901775
3121,5,48,0.5126498144720373
878,14,55,0.05
1285,10,44,0.07244504355182409
3385,8,21,0.38047598083938206
3547,2,45,0.95
4091,2,32,0.95
2570,8,16,0.25292641204640687
1038,14,49,0.08851913835414951
4999,9,63,0.49100866279798205
4106,10,29,0.3576802300983424
2035,13,7,0.11352984263314643
733,13,4,0.06703486607825618
1353,1,39,0.95
1182,14,24,0.066937134375614
2243,2,59,0.8081473221066527
1385,15,4,0.054640357862808166
453,4,54,0.05
1985,12,46,0.24371518723760754
1918,3,45,0.5758316394552131
2620,1,9,0.95
4108,4,3,0.8302693705754701
3122,11,8,0.23256587082349164
2684,13,62,0.10712437860804017
1647,11,18,0.06709182166137692
4118,2,8,0.95
4304,10,34,0.3309192882335339
1468,5,37,0.26719554565387366
3437,1,48,0.95
1857,14,5,0.09068742720557336
1617,8,45,0.20992545579353458
3584,10,17,0.24090873215276296
3785,2,22,0.95
3152,11,19,0.2640956808399423
2796,3,47,0.8037817702564074
290,3,47,0.12291662196001411
1032,4,29,0.1429876055305313
4337,7,44,0.4747182226262767
3338,13,61,0.22902610868293333
2315,9,17,0.23059738420635317
665,3,48,0.2794259830765125
1234,1,23,0.95
843,15,7,0.15367053013959028
772,11,31,0.08435792864597924
3011,10,57,0.3091791688666946
630,15,46,0.06540424058970853
3121,1,59,0.95
661,12,29,0.05
401,11,18,0.05
3867,6,37,0.46088892138836113
4380,5,13,0.648468726738138
609,10,51,0.05
3545,7,60,0.4570350920688567
2303,7,41,0.2412529711059095
2934,3,13,0.8114940179951731
894,7,37,0.09900035377773128
2579,9,63,0.2892352377185977
1623,8,41,0.19029753804547903
4956,3,30,0.95
2294,10,3,0.24949841458952224
2628,5,30,0.3885973439286503
534,13,31,0.05
2138,13,37,0.11660038706877415
1806,14,45,0.16414786343478907
168,8,26,0.0521755570326869
2004,2,22,0.8161108120871087
4059,14,23,0.3375349000565028
3051,14,11,0.2204301895298456
4749,7,32,0.535252423140432
2813,11,48,0.27136944678196656
3469,10,61,0.20998270120557933
4695,10,10,0.40779662982050974
3827,7,42,0.4291064219903044
2504,11,40,0.1863094742571665
3425,12,60,0.2681013865155045
3646,14,35,0.2632850743795044
2403,13,40,0.15963832164433586
3781,8,42,0.38282557263124445
3321,1,51,0.95
4474,8,24,0.3879922722871823
1182,14,13,0.05
545,1,8,0.46248136353283187
4950,3,33,0.95
1692,9,20,0.05
2875,4,23,0.6516043306714124
3916,10,57,0.3958452934017883
3153,13,17,0.2112015215625491
1690,9,59,0.2335048392022291
2331,1,9,0.95
1661,8,31,0.11019668886636719
4372,3,52,0.95
3746,11,7,0.3640233697419334
3338,7,3,0.3667238480707944
1700,2,63,0.7293138626048549
2156,13,35,0.16537469957566195
4431,7,30,0.5862750514635076
809,7,41,0.05
3071,9,60,0.3536035803189898
2832,2,43,0.95
893,8,54,0.16881194363542484
3199,5,54,0.5149805621438793
2955,10,44,0.22827964554459745
126,9,53,0.050185195982528776
3367,8,60,0.41591870427289235
184,3,59,0.05
3201,3,21,0.8750631663985682
1222,11,57,0.06218176972177084
111,12,4,0.05
1848,10,60,0.17882904232508093
3209,8,49,0.3297219913383146
1976,9,36,0.2458711126250575
2719,2,9,0.95
279,3,52,0.11515282847055607
896,14,13,0.08891050588220621
3913,14,51,0.21884413447816167
2124,8,46,0.20850597042120017
3317,2,44,0.95
986,8,33,0.06809748478674124
2568,5,30,0.4098148524113847
3487,6,46,0.4190642088929446
1619,14,22,0.05091399772879222
2532,10,60,0.15926977624810443
4966,15,4,0.22902016552534848
1016,12,39,0.05
2170,4,28,0.36951558949256236
4076,3,56,0.95
1881,8,4,0.18886952953900427
438,9,58,0.10284602336429796
1616,15,59,0.14210537837130516
2970,13,2,0.16725342210685634
3682,15,47,0.15823913532159314
1014,8,56,0.11321406015409714
3390,9,21,0.2916896770249623
4670,1,8,0.95
1546,5,58,0.15824357675951256
1479,12,42,0.11954792922763795
1583,7,2,0.26795016485703727
2174,8,11,0.20658496736211387
900,14,46,0.08424893161803475
1346,11,13,0.05
2837,2,5,0.95
3595,12,8,0.20575904759521332
4934,11,11,0.45042986048562733
3357,14,23,0.2979132281653126
3977,4,26,0.803985760105305
1081,7,30,0.19375701114735322
2576,5,40,0.45852068904730436
2188,1,16,0.95
3052,13,20,0.27517757945850374
1111,14,40,0.05
3564,2,59,0.95
2850,5,47,0.4237575153340702
2226,6,54,0.35354585931831306
4912,1,47,0.95
3961,12,19,0.26784216861051524
2691,3,43,0.7301583215670485
1573,6,4,0.19227505720419047
2621,6,7,0.35266224843604743
1265,7,62,0.12966461741398372
3422,10,23,0.3644232692412349
709,12,56,0.07131701480699404
2283,14,55,0.1403572382606013
2631,14,42,0.13587309470897685
2961,3,47,0.7597712654019325
4750,1,54,0.95
1755,13,32,0.11134878539667234
1855,7,22,0.2177371392004373
145,12,57,0.05
1359,11,9,0.17608122226096135
4738,3,2,0.95
3332,5,4,0.6258377068861679
1551,4,30,0.31296939499329546
2218,12,55,0.16399774378406717
2667,15,7,0.14318723626658877
2092,1,34,0.95
3223,12,19,0.1818019639540561
2440,7,43,0.33029643714234563
1588,14,56,0.18170231428123684
1673,13,50,0.1020595199774532
2527,4,59,0.3817349484294791
1866,1,54,0.95
3649,11,2,0.25486543834716674
2409,6,23,0.3544327920542706
4775,4,32,0.95
2504,13,24,0.15542863715351168
1542,4,9,0.29922110011135306
4893,15,30,0.30513058643909785
2076,2,45,0.8567970098637844
4073,1,52,0.95
2590,3,47,0.6952518630001701
825,10,63,0.15058126522881093
3903,5,20,0.6599587953682977
4481,12,60,0.37009360074981246
3927,9,50,0.3823021219480787
4765,14,61,0.33964756874499347
3719,15,17,0.24915585179016442
2987,7,20,0.3977785148718064
597,4,38,0.14762484303008755
4076,8,23,0.3483362407508556
804,12,20,0.05
4757,4,5,0.9397735104762429
4227,6,6,0.6459118958498136
3781,12,6,0.2950932173922826
4238,1,26,0.95
2016,14,25,0.19293431508019573
1474,6,2,0.2551652017811464
1945,10,51,0.1884804499620932
4754,5,29,0.8282201206150902
1536,14,48,0.12118410663584749
3190,2,22,0.95
1470,1,61,0.95
2028,13,20,0.15727319407914975
1736,6,24,0.23955157495874307
191,11,15,0.05
1943,2,60,0.7237051368504405
284,9,7,0.05
4923,9,33,0.5021118312118564
1671,1,51,0.95
931,15,33,0.05
4540,5,9,0.794419918954366
2225,8,38,0.1663200239896945
4362,4,23,0.8992537556790675
363,3,9,0.14154558569822928
1386,5,62,0.21477895929745472
1629,5,39,0.20196037932856986
1908,8,11,0.06805200533285133
1977,6,4,0.2272960928965279
1849,15,14,0.08104900472621414
2009,2,40,0.856965822516472
2723,11,31,0.17627216806096607
1297,1,5,0.95
2578,13,46,0.13940606637613873
4963,3,7,0.95
2610,2,17,0.95
200,4,23,0.05429592400263042
3187,3,28,0.8378802082398851
2019,15,22,0.05
2391,15,30,0.13910559963486654
3420,9,2,0.3893899717985174
204,15,31,0.05
793,5,25,0.2599243659634871
3340,4,14,0.6669872478997793
3591,10,31,0.32565412754365836
3492,9,27,0.24830989718246554
2368,4,35,0.40520481468265007
3883,6,21,0.5302201822858454
3612,14,62,0.27324778211369405
989,10,61,0.16656202284895522
889,1,52,0.7436259038819477
4748,15,7,0.21855413179657468
758,13,44,0.05
1118,2,50,0.4356842178004161
2053,15,10,0.11131224716058606
1290,4,38,0.2393844910303201
3806,9,38,0.2621027085031155
3757,6,17,0.5212575980282153
4946,6,5,0.6688855000357217
2396,11,33,0.20372122558249928
874,9,21,0.05
2911,12,30,0.18253287247447814
1480,4,32,0.3080454153846013
3282,3,46,0.9289513588129286
4887,7,18,0.5565519323313584
4914,12,42,0.3015028806652834
4429,15,26,0.18953605503084825
3197,7,46,0.3830543593262234
1504,9,17,0.11844667740567005
3901,15,21,0.2999111727129914
1469,6,43,0.19283577024854218
2164,2,11,0.9069179158239523
2392,6,53,0.3768759471421822
2865,15,61,0.21000729801910725
2917,8,49,0.2799083994144535
816,6,24,0.2056731205404994
4140,9,53,0.48814251481486826
1811,15,34,0.08205346978731858
1325,4,44,0.2745143572379187
108,3,14,0.05
697,11,26,0.05
4218,5,51,0.698295102754059
1708,3,38,0.42309237328383054
3131,11,37,0.23206510310383272
3767,12,25,0.2518746236305222
2346,2,7,0.95
3726,2,16,0.95
4171,4,56,0.8646746717112593
2922,3,35,0.8744913757577836
191,9,5,0.05
950,14,15,0.05
1207,7,5,0.10698355887773392
399,6,29,0.1295519719295794
2443,10,30,0.19271263787118065
1577,12,19,0.09924504715481548
1182,8,59,0.18718883323899685
3056,9,21,0.20555779893947224
3018,3,49,0.786023344323418
1465,12,42,0.09434844383058034
2900,10,33,0.2125661955721746
3636,7,9,0.4760615034185204
4051,9,44,0.3032350439666998
2209,1,47,0.95
875,10,50,0.05
1552,9,14,0.15657338148338115
1781,14,41,0.15000889266966255
2403,7,47,0.379580762171967
1951,10,44,0.08744821666740685
1997,14,10,0.12399283275738106
3518,4,41,0.7805085471843798
3697,13,47,0.24048176577768388
1427,15,48,0.09831835677658093
714,11,59,0.05
344,12,34,0.05
856,6,57,0.08006798325066208
923,11,13,0.10026536432614289
2927,11,38,0.3143463495525846
3907,6,26,0.5504992266256912
2879,6,47,0.4028851496230851
1946,15,26,0.05
1340,2,55,0.5548543402123848
4711,5,17,0.8135441683820465
573,7,52,0.05
4231,6,61,0.5957423938356261
3349,3,17,0.9295171033441875
1892,11,40,0.05
1834,12,36,0.14824697251601668
4042,5,24,0.6524601319816987
1044,13,9,0.07324196727019645
1611,8,54,0.18375092777223598
4181,11,54,0.2788386105498735
4626,5,47,0.788217335696682
958,12,53,0.05
3660,10,4,0.31194154045449757
329,3,61,0.058999445078619345
2517,9,25,0.28705098921883626
277,11,44,0.05545339368549261
4028,3,23,0.95
2715,2,15,0.95
1713,6,23,0.21707476655885058
2940,8,35,0.3171446494881477
3047,6,37,0.38080187403670374
1874,1,32,0.95
3971,8,22,0.4076050006289736
181,1,60,0.11710884276352244
945,9,59,0.09895699728654136
2909,8,6,0.21598171587511855
1316,6,20,0.13228515032177657
4813,15,43,0.25266617826640064
3360,2,54,0.95
3245,13,22,0.21383965933272728
2363,9,3,0.19173269556157063
2437,8,54,0.283113766671674
544,13,4,0.05
1022,4,48,0.19951929329451398
4388,2,52,0.95
4484,13,54,0.31623975301965307
2730,14,58,0.22620495066789234
1267,15,31,0.18303831757701433
4063,6,35,0.5336806922946509
3541,1,26,0.95
3612,7,36,0.3894407871996232
995,1,30,0.7742355525623213
3822,15,13,0.233918141680222
2160,13,24,0.1399354677782916
3134,6,29,0.4152862833011681
2487,5,47,0.44318954599658
1997,12,18,0.1205460864268078
1899,10,17,0.08300462725030248
4507,14,50,0.30215594590791894
2880,3,57,0.7657334414775844
1227,6,10,0.20795157244406529
438,4,4,0.10928551571583785
4554,14,23,0.1396911682487728
1272,12,32,0.07362837688386809
2908,6,15,0.35669948845901145
4963,4,4,0.95
3129,15,39,0.1454178879190586
2189,1,24,0.95
4397,5,22,0.7360806357541427
3117,8,52,0.29587309641882453
4659,6,25,0.6721448900691905
548,10,33,0.08987337921177457
4993,9,46,0.4032236950782685
893,4,6,0.10953844259434797
536,10,34,0.05
4726,9,45,0.4174032962963876
4760,8,48,0.5198930320774687
1720,3,58,0.5173441939597232
3601,14,20,0.13122678881673705
3019,6,35,0.40055444898193365
4408,4,4,0.8403837134654273
1048,1,40,0.8054516749636618
4044,9,29,0.2904299824197634
1227,4,12,0.23658352290195755
291,11,61,0.05
4112,14,11,0.2114391801317439
3860,5,41,0.5999718410625577
3830,3,3,0.95
1503,4,47,0.3130588473889341
2090,13,46,0.13003192953682557
1204,9,40,0.050171707135298685
4900,15,28,0.27028164062383336
648,7,54,0.0559095087022555
3548,8,10,0.3925036152908298
1961,3,40,0.511362495405615
4349,15,2,0.27071215191728937
670,3,34,0.13726542415081847
1884,15,39,0.05823586430244129
2387,14,58,0.13660253358218552
2521,7,34,0.21389396381576337
4072,8,49,0.380122977960348
904,14,4,0.11107791123024532
898,5,33,0.1829757008257318
3375,1,14,0.95
710,3,22,0.3147606336376201
1906,5,5,0.3093086715918075
4338,3,18,0.95
3360,15,43,0.2590823514148192
4467,14,5,0.28213201573138885
3471,1,21,0.95
2573,7,60,0.34107602456369174
2193,1,13,0.95
2242,10,27,0.15041065817634763
4101,13,46,0.25210773392621566
3180,6,37,0.4485972194238582
4654,6,17,0.6536649544500226
1532,14,52,0.05
2617,7,8,0.3264314095692187
2957,12,34,0.18721781078233332
605,11,49,0.06952721547360004
1196,1,3,0.95
4279,11,34,0.28335554366047916
4254,3,15,0.95
1144,12,21,0.08874409901556282
2304,9,38,0.24992764234319428
4002,2,28,0.95
1452,14,48,0.08817290831820015
1696,5,43,0.3633444893363722
675,3,22,0.22861912421009611
779,12,3,0.05
4398,12,44,0.398829019062419
3812,13,17,0.2678403257318476
3928,5,20,0.7418140471131456
1229,7,5,0.20241993037279896
4004,1,11,0.95
3293,3,55,0.95
417,11,23,0.05
3796,13,13,0.2836852372284839
4601,6,3,0.594064911501185
3096,7,3,0.41449668927286887
3694,10,42,0.39297952228720734
3309,3,45,0.8776414477092757
2642,4,35,0.5874020568974756
778,6,19,0.1401690838974069
1989,5,17,0.365124738336684
1743,11,20,0.07293243386094839
934,9,48,0.06288634585564626
2341,13,26,0.16621422488410084
2455,12,31,0.15222820235577905
1768,1,49,0.95
2653,15,7,0.1956028335105936
380,13,28,0.05
2862,5,16,0.4754100694199614
4803,11,32,0.47582427501572644
4678,1,45,0.95
1346,8,23,0.14249773206345098
1872,7,13,0.24290210105981203
2264,5,11,0.3917837634511412
291,6,22,0.05
2935,4,48,0.6284676663061453
2765,9,56,0.31322902608678016
2663,14,60,0.15456437037935883
406,3,32,0.15019894357131727
631,2,37,0.2891637761585683
4317,7,11,0.5465998171636313
2796,13,59,0.12654922270596378
4787,2,20,0.95
158,13,24,0.09616951628445967
1673,6,47,0.2311640880287398
1240,11,11,0.08092084244948508
1910,8,50,0.24026308993515064
3298,3,55,0.95
3576,3,62,0.95
4594,3,60,0.95
2662,1,28,0.95
2952,9,44,0.3703370985366863
1041,5,51,0.13307569825338716
4723,9,3,0.368106736667831
1874,5,12,0.35174243973423036
1521,7,9,0.20255412907929166
535,1,20,0.4252404257759151
939,9,58,0.05469193608825542
4101,1,17,0.95
4555,15,5,0.30371493197122007
2781,4,15,0.6267955898962623
1750,7,23,0.21957356736117514
1345,11,18,0.07810401804276347
2361,15,44,0.05
1015,12,59,0.09302005659140684
2739,9,27,0.28711503424180096
3989,1,36,0.95
4581,12,37,0.43475759930411645
1426,14,54,0.05
3458,13,46,0.29561953176099043
1685,11,50,0.16578064273643986
3468,15,31,0.18352141815545767
488,13,53,0.05
2891,6,22,0.4711108690288054
3432,11,21,0.2627965571435078
803,10,43,0.15712532033096144
2920,11,27,0.22460820751851973
1159,15,56,0.1369938550256246
4274,5,57,0.6409632067907487
1398,3,13,0.32110067412270704
1401,10,9,0.09661948824859352
773,2,36,0.2137200704733179
2459,1,30,0.95
4399,15,54,0.20636971822888467
4212,2,43,0.95
4671,12,57,0.2275803487448586
3682,13,8,0.2936393902466212
1116,4,63,0.23677796653112207
309,6,58,0.08836722778121554
598,12,62,0.05
528,5,11,0.05
3739,14,40,0.2886149686981059
3251,4,51,0.7147413663244324
2205,8,21,0.2776797972924463
1653,12,29,0.12106644912265328
3306,7,15,0.4854629747882307
2669,14,13,0.28490018903864045
2728,4,9,0.6371498733185424
1976,10,58,0.09393911940032548
1167,13,8,0.08748140648353037
1606,13,6,0.06952513090833104
3113,5,2,0.45138544104119477
1767,12,48,0.11661337050165325
4688,10,10,0.44827675710768167
4800,5,45,0.7783586153097561
4166,3,55,0.95
1047,13,19,0.05189508259289449
4489,9,44,0.5200272612496987
1271,11,43,0.12262189475194707
271,5,11,0.05
4726,12,51,0.41565719592922534
1243,13,59,0.08629627999038203
1959,10,2,0.12133252477371821
2288,2,61,0.9289189880606636
2593,13,21,0.12536119012638453
3677,15,59,0.19778050461862293
288,4,44,0.05686465261457818
4176,12,30,0.2999806906226677
257,4,3,0.05
2817,5,27,0.5003837573487425
2070,8,12,0.2958507663493693
345,5,26,0.05
3003,1,35,0.95
2895,2,60,0.95
3924,15,42,0.21043800328147494
2477,3,2,0.7251453495626469
949,3,63,0.2886672595890283
1910,10,56,0.19151371019443422
4086,6,32,0.533061049911917
2226,9,39,0.15617344982496648
4364,10,23,0.2582622319262399
3130,1,3,0.95
2407,6,48,0.2889954694862983
3176,9,2,0.2654757888871786
2444,4,59,0.504286222139992
719,10,57,0.05
3002,3,25,0.9063507442662532
2507,13,51,0.1469564282043167
4552,6,37,0.6596874505752441
3104,6,62,0.4754450120758726
4014,13,46,0.16785094908034598
2586,2,37,0.95
3502,15,48,0.2369785408083637
3696,5,35,0.5664948632395493
1777,1,60,0.95
4139,13,10,0.2212578969850773
1404,9,13,0.15044311224284762
4193,9,47,0.3611466637173843
2063,3,21,0.5775330622454328
3407,5,5,0.6322587460861004
1461,15,16,0.11701224150906618
4394,3,5,0.95
1887,7,6,0.25144121030795574
1173,13,11,0.09527568421663715
1265,15,45,0.12946834357575054
3699,1,45,0.95
2817,15,41,0.1596475920575166
3253,5,37,0.5823150779329619
4226,6,36,0.6278443745370536
3155,14,60,0.35619677295062896
759,11,2,0.13490922963743
4742,12,19,0.3306128399922262
2682,14,53,0.1555787560769283
1229,7,58,0.10929758069925537
2374,3,32,0.5850943021283572
4566,7,47,0.5498170777779353
1568,4,50,0.22032876100269777
2202,10,7,0.28248952081875733
3366,11,7,0.2148979102934126
2571,14,43,0.21797904397134693
1251,6,20,0.1681682988952702
192,5,33,0.061100608042416855
2666,4,43,0.4923359466435016
1381,6,58,0.2214720428116869
3000,13,31,0.1995276410227008
2899,12,27,0.2996442101932677
3277,3,4,0.8472415459266274
4611,3,34,0.95
2704,5,51,0.3999424226216166
3981,11,32,0.20058650913757448
2513,5,48,0.37720446284366976
1644,9,21,0.10502929352030535
3630,15,5,0.2005317889385968
2746,4,33,0.5747007744499734
4884,5,19,0.7400136369675152
2158,12,11,0.21057163931693118
4614,9,23,0.4568188880928101
1245,4,55,0.3063257381536849
1010,13,52,0.12505854082555096
3406,15,18,0.14139525925571583
1666,15,43,0.06433536850546756
2495,3,58,0.7130865380685792
3105,7,5,0.4349534296914388
4607,7,58,0.5650360706878653
4348,8,38,0.4534861140272619
191,4,8,0.05
4092,4,52,0.7876183389883098
430,14,52,0.08436931833003553
1054,14,9,0.05
3880,9,2,0.36314918689175046
2701,10,57,0.3112082973199363
3077,7,9,0.34958734308973377
4389,3,20,0.95
629,15,18,0.05
2992,13,42,0.1281386023771104
1366,9,53,0.1445986319223161
1573,13,56,0.05
4834,5,49,0.8795169436300764
1697,4,10,0.2520670962973833
2625,1,52,0.95
4893,9,17,0.4282129132403632
3861,6,54,0.5936369338455508
2842,11,59,0.18101054205379977
4735,2,60,0.95
4525,13,46,0.22597693963552237
569,7,52,0.05
3930,3,38,0.95
633,15,28,0.12873105872063928
4662,6,3,0.7098763920706699
4155,8,37,0.4367005200321403
3779,3,13,0.95
4187,13,51,0.25271103656765653
861,12,36,0.05
990,12,32,0.09534860826541768
2455,5,54,0.3446428442411163
2055,14,58,0.15124948142395112
3071,6,20,0.4259732931275663
1772,1,27,0.95
2936,10,55,0.2719635171443087
3744,7,37,0.38629573517445664
2397,4,5,0.5389438434818025
4161,10,49,0.424858479340741
3266,11,44,0.2877370063674838
1419,15,62,0.05
283,7,32,0.07898034646154595
1383,7,59,0.18853330422402326
2946,11,59,0.1305673486155581
2333,5,14,0.3786171862611933
4188,8,54,0.47858654274482015
1532,8,44,0.15702305904152863
3240,5,40,0.5678127845346607
1896,5,60,0.2881855381414431
4822,7,47,0.5898217596944076
2155,6,5,0.36242990324127755
3436,4,41,0.7417439576085355
882,2,45,0.3812359963350692
1607,8,14,0.17316434428101535
4970,3,58,0.95
3954,2,42,0.95
776,12,10,0.05
1930,15,3,0.11698001842665881
4190,10,36,0.2506516750861887
4406,7,54,0.5888290125656317
1460,10,13,0.09625963877548868
4685,6,18,0.5917782903082024
2786,8,5,0.3907037499225623
290,13,60,0.05
942,14,63,0.11039823520855596
434,6,15,0.05
1210,7,22,0.2007719160247416
678,2,42,0.3188392556222611
161,10,9,0.05
486,14,34,0.05
1269,2,63,0.58138476818584
2300,6,46,0.30964675389808183
4814,9,29,0.5046372416842136
1783,14,4,0.08863833924104941
586,3,63,0.1590851308198539
3832,11,15,0.3083400062866294
640,10,20,0.1522433078609923
2160,14,60,0.08831045695287668
4346,14,7,0.23768694829526624
1338,13,37,0.058463693741910516
1090,8,21,0.08202361972941044
4567,15,2,0.25076116182674646
2399,5,61,0.45567889821491864
4007,13,11,0.23824299289123427
4388,6,14,0.7035298131613977
1180,6,13,0.22972214799151686
297,11,12,0.05
2294,12,37,0.12269306070739339
1698,10,18,0.1785628566862521
1700,11,48,0.20315585497503647
3792,13,54,0.29496448843562995
3965,3,30,0.95
783,11,4,0.051758981611597775
3183,11,30,0.16856233381281416
4089,5,11,0.6156354171835258
432,12,54,0.07807545875556204
1871,1,47,0.95
4300,2,20,0.95
2821,10,54,0.17621295106478602
906,15,5,0.11816322471336183
1164,3,58,0.38872730604509687
988,4,47,0.30979750386091043
3023,13,39,0.23747774582329415
420,9,13,0.05
4057,1,32,0.95
2482,3,63,0.5966286313166997
3331,3,59,0.8160532925836531
2411,13,3,0.1683675009048408
3701,15,50,0.24557399840273447
1600,13,2,0.05
1668,6,18,0.12262046813428423
3381,5,26,0.5420017185035085
1619,3,6,0.4758977922062293
2018,4,49,0.4196522351385824
4189,11,15,0.3003581678176816
1965,7,53,0.17360338884559925
1505,3,11,0.4010470625646611
2823,9,22,0.31138026498923493
104,8,26,0.05
1268,13,36,0.09772283998890524
2498,2,4,0.95
2730,5,61,0.5542624602766433
447,14,19,0.12110906765856003
4320,4,57,0.95
1913,12,56,0.08996031564535009
3442,13,51,0.16097769519975144
2674,5,37,0.47293640241621354
3925,3,40,0.95
4693,10,34,0.3929205524538797
152,15,49,0.05
248,11,18,0.05
602,1,41,0.48108671529807623
969,8,7,0.08174503915922815
3621,9,35,0.3280334083953171
4414,8,27,0.3800007708378116
3971,4,43,0.7964621417671951
1400,12,32,0.17116715899452858
2599,2,50,0.95
4133,4,52,0.933350275258597
3389,14,29,0.14248854684079515
4933,9,37,0.4693905029042567
3953,10,14,0.2757597606491332
2551,9,22,0.342412428141633
4485,5,60,0.6916000625949883
438,5,27,0.12394666041137298
2924,10,52,0.22340929502663454
1793,3,32,0.5566906586258317
1086,14,17,0.05
3590,15,32,0.1738957409388611
2833,6,14,0.4255591827294435
3867,7,31,0.45631263268022515
4176,12,33,0.29872753864911533
2106,15,6,0.09630566271067713
3207,10,13,0.2574906281512924
4568,14,40,0.2595636809301975
3430,15,60,0.1530222385698432
3141,12,42,0.3195745638060379
630,9,38,0.14045143203294982
1023,7,5,0.19390132506383895
4218,3,43,0.95
340,12,49,0.07451107080050476
1996,13,44,0.09415384810149265
3424,7,30,0.3540858535525441
913,13,42,0.12315485179873309
4850,1,57,0.95
882,2,6,0.43276649462356304
4155,4,58,0.8886845259274851
107,7,12,0.05
3873,15,31,0.15837685091544326
4770,9,10,0.47210836583156757
3239,15,50,0.2235343855064334
3889,5,29,0.6788852234344548
4151,15,23,0.1834259998310641
617,8,12,0.07834275543538537
3290,7,22,0.4080992829346006
3202,5,7,0.5026845244267883
4678,13,27,0.36979812180582483
2816,3,17,0.7776582598322408
678,3,52,0.26731076699429457
4582,13,15,0.3161351828725581
4607,6,36,0.6352562179169403
1965,10,43,0.17306976522839976
1476,11,54,0.05
3038,4,56,0.6355695537932927
1005,3,37,0.16544840907596414
1064,4,23,0.19859453316260872
2076,3,54,0.5998418482975909
4859,13,3,0.2946988518023657
1987,15,14,0.18937986202221352
2547,12,12,0.18080040560006602
1091,15,13,0.096947619340611
3656,15,34,0.20057147597794536
4059,10,23,0.36039720653294693
3704,11,54,0.2690859063682515
1183,11,10,0.12474562135200831
534,13,45,0.0964765263127331
120,12,8,0.05
3022,6,18,0.4926675768244083
2025,13,62,0.12008026539891431
1572,7,11,0.2556235018137498
1199,4,39,0.2926345027386742
2737,3,60,0.7525388708477608
489,3,40,0.17480072580339157
3513,11,52,0.3038237080050028
2715,3,47,0.802183189832836
1454,9,26,0.05
4621,11,28,0.29759912205505384
105,11,31,0.05
290,14,31,0.05
247,14,44,0.05
4600,12,35,0.3001316124137844
4453,15,34,0.2893218392298663
3650,3,33,0.9085953327854184
4205,3,59,0.95
1210,8,43,0.10128305086200345
3933,4,13,0.9243812351053282
724,7,42,0.13253301206546228
4225,3,24,0.95
2275,8,59,0.32157889489965275
3249,3,30,0.8541641664110265
1178,5,44,0.1601927233229009
3651,1,2,0.95
2452,12,21,0.17637033990492787
645,5,11,0.12838050725125896
1295,6,62,0.16254895444695858
2169,7,20,0.29300409371996317
3458,2,60,0.95
2538,2,24,0.95
716,14,22,0.08347884146797953
4344,9,58,0.3694461904615305
3443,15,44,0.13254825944018864
1911,15,36,0.1599995666932728
271,10,60,0.05
4242,1,49,0.95
725,2,33,0.2889831774694598
4163,2,55,0.95
2354,15,11,0.10017595519735756
552,13,3,0.05900498666888952
1518,15,52,0.1421921698708544
853,10,37,0.05
3472,7,49,0.36909704641568164
2823,6,7,0.352449505931643
3110,9,44,0.17066124787844256
3011,11,18,0.1860557944801792
1325,15,16,0.1352100226286217
267,7,55,0.05
3785,3,37,0.95
185,3,25,0.05875546303940612
1777,1,58,0.95
2082,8,41,0.1754002821712609
1586,1,57,0.95
541,11,62,0.07909045886885542
370,14,30,0.05
443,2,51,0.17730689446253822
1306,11,15,0.06938258289919717
3181,12,59,0.24523664150609442
1357,7,3,0.2355757776672362
2391,1,49,0.95
1632,12,23,0.19397462337178173
3522,4,48,0.728559595590249
4462,9,54,0.3326523990807083
1753,8,7,0.14645931340946655
338,15,10,0.0553855546765704
1014,11,13,0.07337206992728186
1538,14,43,0.09737466296042609
3116,13,40,0.177765486029307
1560,8,6,0.13503895886147368
3179,12,59,0.2783981891946238
2358,3,56,0.748259102964651
466,5,41,0.05412018387905247
3091,15,60,0.14026605453517405
3841,4,45,0.8433672679293983
185,11,2,0.09223327998147282
2593,12,11,0.2355801604467452
4815,8,12,0.5988248447823
231,11,28,0.07577539458822179
1003,7,24,0.16069539409948552
3556,14,21,0.2751797453044304
1321,7,6,0.18034780812782453
1863,10,14,0.162316097312115
2904,10,51,0.2717818418899243
1326,7,11,0.1851994215597673
1384,1,54,0.95
789,13,58,0.07817176555461569
4882,15,50,0.2808213274752733
4981,7,52,0.6189924717788199
4535,4,37,0.947697547295622
4607,12,42,0.3417561014141921
2096,3,51,0.5991620980082704
4481,13,17,0.23290733324297716
1209,12,8,0.05
529,13,33,0.05
4226,15,26,0.30645344904298094
3881,5,45,0.6466766905833846
702,2,27,0.3094027463917763
539,8,37,0.05599224499017969
1084,12,54,0.05
2018,12,29,0.13179328276562108
4607,9,45,0.42716524267406
627,5,13,0.05
4505,3,27,0.95
3096,10,5,0.27572316113019724
3567,7,45,0.4075369022731961
1461,1,24,0.95
803,10,41,0.08661190707287715
762,3,25,0.25688047667820013
464,9,32,0.06267612341648254
1022,2,63,0.4462179858506638
3956,11,31,0.191535728615074
275,14,4,0.05
1035,9,17,0.09082864199696754
481,11,35,0.05
405,1,39,0.3251670606640309
4797,4,29,0.95
2490,12,50,0.1734928375604692
2303,10,45,0.12625984409783164
4907,13,42,0.33870544493307403
1565,6,49,0.12103941442389114
3371,15,8,0.21687963401154284
502,13,9,0.05
4809,7,8,0.667453940318678
2770,15,54,0.08137673030729743
1901,15,38,0.10393895096052215
2750,3,56,0.7084192396318331
276,9,8,0.05
4644,4,51,0.95
842,5,19,0.12060766123734033
2448,8,49,0.19505644746352188
4502,15,40,0.2815392897938893
850,12,22,0.05
968,15,35,0.05
4162,14,50,0.2306837228752835
4067,3,58,0.95
313,8,28,0.0905517740603477
1717,14,9,0.05
2630,14,35,0.15981874310845828
3433,11,19,0.2733070225106566
1697,1,52,0.95
611,8,53,0.05
352,14,42,0.05
4233,13,13,0.2553861401711521
728,15,23,0.05
3576,11,52,0.2864965655655172
1086,11,63,0.1412714618953682
1825,15,41,0.10441558775093546
2193,12,23,0.13669925149267606
1801,10,9,0.05
404,8,43,0.056884589331550856
4178,6,29,0.5406631216648861
2380,5,51,0.38021016153689147
4440,9,48,0.3742218021456617
2907,6,57,0.39298946239130084
2986,15,33,0.17637591018546434
3554,1,12,0.95
1124,12,22,0.13057273627403562
4412,6,27,0.6024822271083813
3075,1,15,0.95
606,6,16,0.1459326204891137
4956,3,15,0.95
3051,6,13,0.48823660216186915
1153,13,37,0.12082748311239178
2774,6,4,0.5070367794236882
2667,1,45,0.95
2004,13,58,0.07517692533289674
4470,9,59,0.4511035729930019
4687,8,8,0.5067955303558141
2994,15,40,0.1477971651687091
1200,15,55,0.05
3761,2,58,0.95
1736,2,52,0.6163956564674438
1555,5,47,0.13183748274711576
3713,15,2,0.2102880276252437
138,10,40,0.05
3184,2,26,0.95
4339,11,32,0.3114040177984491
2831,1,23,0.95
2515,2,11,0.95
858,5,19,0.1279908572385069
4442,11,14,0.3384214775394574
3216,15,9,0.22568143936074309
864,10,10,0.05478797240652386
2522,14,59,0.19458425238413132
1414,7,16,0.1864960668570857
4402,5,9,0.7778222478182788
4095,1,58,0.95
4129,7,34,0.5171654856456795
3793,6,36,0.5223541870045273
3285,7,20,0.41596518851796394
2966,2,31,0.95
1417,5,10,0.2550897874154242
800,14,20,0.08746228913875709
4483,8,48,0.4191773133034554
2301,13,47,0.2118069418694662
1693,12,27,0.11452948702302661
4087,7,2,0.5057220426402684
4245,6,4,0.5294436415938284
1330,13,35,0.05
2712,6,26,0.4373550796791941
3237,12,31,0.21794783529778827
2008,1,2,0.95
1890,1,60,0.95
3028,7,19,0.3169128162280065
1188,3,34,0.41658760291516483
2481,6,10,0.3409072230585986
4227,12,8,0.29922822144331707
3045,5,31,0.49881552144171903
3669,3,14,0.9478036826234943
1265,6,18,0.2027497020357513
700,3,14,0.21549710940340716
2125,8,14,0.26606829337290744
1684,14,43,0.059622369607534524
1087,15,61,0.05
2065,7,39,0.274435690792584
1539,9,38,0.2078279156634868
4715,5,11,0.7054569845714568
968,12,15,0.05
2163,15,44,0.0926191064113209
1229,1,6,0.9494956173110142
4478,11,37,0.3196000597491467
4556,10,36,0.3985457209927384
3829,15,47,0.2492121455632677
2034,11,46,0.1810970249947324
1176,8,57,0.11501473796246857
1739,2,24,0.7885463198028485
1492,6,6,0.11183796100548161
130,1,45,0.05553887146873697
803,6,58,0.11318556554035542
968,4,29,0.16323384744750352
332,5,24,0.05
1050,15,43,0.08240771375543729
158,10,35,0.05
2918,7,32,0.3200072297547184
3700,13,8,0.2240376428239184
3249,6,8,0.4950259704074827
401,1,5,0.36586388258871966
2950,9,45,0.3133731061682537
3044,6,33,0.43033449751315195
2023,6,29,0.28975903489107985
416,9,57,0.09676778437188688
1988,12,5,0.09520114914635447
2815,10,40,0.2940647632096811
4885,5,53,0.8227642496943592
1981,11,46,0.15253256594954415
3998,15,9,0.19678391183209662
4213,6,15,0.645673942586209
1278,6,31,0.21968596834673892
3955,7,4,0.40316820837316647
4973,9,3,0.4766879279106169
4555,5,11,0.7230145090999827
431,5,7,0.05844738342943438
627,4,56,0.055112834972227034
2159,10,8,0.1877486979128367
1198,4,17,0.2599271841319444
311,12,7,0.05
1814,8,17,0.1686789557447719
2788,13,28,0.1649050312805034
2430,2,57,0.9184133144136207
3366,10,13,0.3286199684840511
1132,8,23,0.05
1432,2,16,0.6165909422994875
1940,15,23,0.09647330070408953
4786,1,36,0.95
2238,10,61,0.1940765059852225
4651,13,49,0.24893678633083094
4191,15,51,0.2611058268911209
543,9,16,0.05
4274,11,24,0.31239186424590004
1598,8,39,0.17789626188540575
1026,6,50,0.20025257168699434
722,4,3,0.132590678318661
1579,2,3,0.6766276007899833
3137,8,50,0.33734649768609914
3485,3,20,0.9467130854128712
3418,10,6,0.25554295394755533
333,4,5,0.05
1717,5,29,0.3112871878966038
2791,13,19,0.14915315546053667
2130,4,41,0.3804185048603622
486,11,42,0.05
1734,8,57,0.2296000222886717
4233,9,56,0.4502856707224471
1284,14,59,0.05
2067,14,51,0.12919942653633315
340,14,32,0.05
661,1,23,0.574679483317291
2099,2,12,0.8703504592961898
2029,12,49,0.22120235541614547
2879,4,17,0.6627683788932492
1775,1,5,0.95
2615,11,22,0.17734142514915868
1777,6,42,0.26368167315093954
4241,15,46,0.25951771099754883
3846,12,26,0.2695890901763256
3456,5,21,0.5828375558150984
1751,13,9,0.18876580648963742
4277,7,44,0.5870272464331888
3941,12,54,0.3126837084624149
2541,6,10,0.399021623931983
4985,14,19,0.3393425116955054
694,14,32,0.05
2712,3,53,0.7758040146071866
4196,5,36,0.7123417860283056
1596,3,56,0.5048405560409592
3655,9,31,0.3530354159217495
4961,2,19,0.95
4866,6,20,0.669779683174682
3458,9,42,0.35486151513088326
1701,10,25,0.15534767202874575
1014,7,51,0.08310169497495973
1944,5,23,0.36022772522284924
2095,2,49,0.9248809933340286
194,2,15,0.05
592,4,20,0.05
3169,10,61,0.2759108622431297
249,12,30,0.05
1146,2,23,0.43210529010062737
2903,12,31,0.2159560113986035
498,13,16,0.05
4576,13,22,0.19147301384075918
651,8,27,0.07681084613379274
394,10,37,0.05
1243,7,13,0.17660292613558395
555,7,8,0.05
1653,3,12,0.4768162940065624
268,7,59,0.09057975648545047
4905,8,40,0.49002794338950806
2046,5,21,0.33454969443859534
353,1,36,0.35661878967047467
2476,15,5,0.1658619556697213
1420,1,3,0.95
2983,12,21,0.28066321425011775
3707,11,48,0.27027572620811946
2225,14,21,0.1210098256145775
3596,4,13,0.7040747654336583
2340,2,54,0.95
500,7,18,0.05
2256,13,19,0.21188386359430472
2476,3,41,0.6594207741617574
462,12,25,0.054937106688697154
4038,4,9,0.8433472493839009
3951,9,38,0.391594220785187
3512,2,57,0.95
2406,12,42,0.17169790675862145
184,8,31,0.05
1924,1,21,0.95
3985,3,53,0.95
407,4,24,0.06959016283414804
4457,14,38,0.20927779116416886
2021,6,60,0.3132105986458872
730,1,11,0.6213417911918215
4875,14,34,0.35777091979004366
2471,8,25,0.2847154378102113
3400,2,37,0.95
3767,5,57,0.7144470494548765
826,6,17,0.1006501138171328
1748,8,51,0.17687543370092026
4412,3,29,0.95
1369,12,13,0.09906196156948113
4643,9,21,0.4097697505744956
418,12,48,0.05
3575,5,19,0.5646550763697781
2878,8,38,0.19888162876068957
3158,4,59,0.6903834154656014
4234,12,27,0.25768021547637965
1702,9,47,0.08479442789706286
2356,8,57,0.2894003361060617
929,5,60,0.08299479738534117
955,3,8,0.32168092136062926
2748,1,44,0.95
1958,15,48,0.13111495423334205
1202,5,22,0.14133922578364444
2581,5,44,0.33878165914751407
1920,4,33,0.3639136313330136
2179,10,8,0.05462386961110682
3258,10,54,0.15458688183741232
2540,8,24,0.3073235064235674
3784,3,21,0.95
1355,12,21,0.10004278860485684
3057,10,33,0.2563743705979886
3751,9,27,0.31728316984033894
2339,3,37,0.6945606264680364
2039,4,60,0.34752042327353616
369,6,25,0.060810884823748905
4930,9,2,0.5485122079615623
4164,10,59,0.35519620973504307
3875,2,54,0.95
1212,2,29,0.5816613012167242
748,2,27,0.4070742899501315
1279,5,35,0.2883105788878884
2242,6,27,0.30718029633616056
116,3,37,0.07454507521130929
216,3,6,0.13605252951947966
1645,2,57,0.6607551106044601
3251,11,3,0.20225067796145535
2793,6,33,0.40905437697978325
4189,1,35,0.95
1376,9,51,0.06768588664910943
3340,15,31,0.15771389642032607
3888,11,25,0.25228236735651133
471,10,29,0.05
2907,4,47,0.6134271152717776
255,14,4,0.05
2761,2,54,0.95
564,13,51,0.05563622526877079
4978,12,55,0.3549313794811634
4999,6,11,0.6436893476416108
4415,5,7,0.7372145118409321
1873,3,35,0.5337615006718095
216,13,32,0.05
2203,3,53,0.6564842835722587
1474,5,44,0.28655355231826424
3303,4,51,0.6903215034809429
4503,5,47,0.7059484083914699
3646,2,59,0.95
4077,11,53,0.3193865944555549
4417,1,14,0.95
1296,5,62,0.10114634663571842
3511,11,60,0.27114720705137724
896,1,40,0.7393512277431971
3992,3,54,0.95
250,8,59,0.05
3349,15,21,0.23175167406280114
211,11,33,0.05
782,8,11,0.06824991637223092
1261,9,27,0.13661842167877636
2479,1,20,0.95
260,4,30,0.055451573602457116
1525,6,62,0.18435155584467688
3761,7,14,0.43690972828651364
377,5,55,0.06416760317192757
3491,13,35,0.31486876339386755
1656,7,21,0.20284174231661875
4692,11,45,0.3887713525931103
2015,15,41,0.15509207493713031
4850,10,19,0.4053623941076283
3207,8,58,0.40254968621776704
402,10,35,0.05
4633,6,49,0.6590944927861554
2873,11,9,0.27299414082492274
4381,4,17,0.9384889011503177
3345,1,41,0.95
4868,11,24,0.3832450688181524
1100,5,33,0.18130591564394213
3934,10,63,0.3312687237829701
4106,10,14,0.32643073338359563
4878,10,27,0.44873260254858804
1818,4,39,0.3716437223895751
3930,5,2,0.7190724800116272
3281,4,3,0.6912421892146361
2982,9,40,0.2464069682677909
1098,3,14,0.401585235615771
384,3,28,0.06716184421809153
520,15,5,0.05
2260,10,42,0.20481479941480013
3165,7,52,0.30263321993218995
2375,2,21,0.95
1594,9,4,0.1178994117595944
3984,8,24,0.5281565630526666
4723,12,3,0.3159342541420315
2643,14,17,0.10704884058320582
4226,6,11,0.6043383156951275
4357,14,29,0.26461862526071694
1941,13,45,0.1649788271832974
4900,9,19,0.4105445430027985
821,11,3,0.13892911952673886
1501,3,15,0.4353641532358335
545,4,45,0.07710270075241957
2891,7,21,0.350028959859012
4622,1,57,0.95
3867,13,57,0.27267909537738405
2651,1,57,0.95
2067,1,41,0.95
3988,12,24,0.20887077438378968
4916,8,55,0.5229611706645567
2831,13,61,0.20044687024420618
2729,6,8,0.24575677232288176
2064,3,46,0.5875064069456654
1157,10,48,0.0593640423933082
4931,7,15,0.5261739760770621
857,6,38,0.0879034327281917
1895,5,9,0.3186322768331259
1743,3,51,0.47952248930795666
4949,14,6,0.18267378063587303
123,4,24,0.09816445195358892
1339,15,42,0.1067032803828662
4250,13,11,0.2800326131310396
3197,13,50,0.11959850341875677
1404,11,28,0.06516362046300507
2642,11,58,0.19681833946752428
3812,1,36,0.95
4055,9,2,0.42947696623274917
4629,5,8,0.8966175123068254
4403,2,48,0.95
4328,12,52,0.26789080327459325
1405,11,9,0.1439571655462087
4564,9,12,0.3731189226369086
3274,12,35,0.24522255315164387
3728,7,53,0.5511983278210943
881,14,29,0.05
666,14,35,0.05
4722,8,44,0.42240791672892997
4232,13,21,0.278600484380049
4373,3,29,0.95
738,14,50,0.05
3800,7,62,0.38502324578905056
4267,11,43,0.3757886029693433
2499,1,38,0.95
2770,6,4,0.45291066875356184
1272,10,10,0.11681321123729237
1820,6,53,0.23015934985835634
204,11,23,0.05
1782,10,26,0.18058390849732686
4416,12,3,0.36659692469584504
1949,6,24,0.22653794651469308
962,3,52,0.26801718697238003
3545,6,18,0.43441174254956805
2665,14,58,0.17079500093690816
398,3,26,0.05
3008,10,13,0.20101913603077756
4237,9,28,0.3543861176223568
870,7,21,0.10258839838680064
2639,14,10,0.20844531655623857
1562,13,24,0.05
3954,4,37,0.8662943653345474
3218,3,29,0.9107125389350536
2232,6,51,0.3307103951116045
1809,15,49,0.08660096986671298
1090,9,30,0.1369298452725602
810,3,54,0.21575149339590902
4404,8,57,0.41417768629214635
138,6,43,0.05
1375,4,59,0.2920992120231788
4957,5,55,0.7743115464914732
1536,3,33,0.3051522178630638
3093,14,13,0.21734220674380053
1569,2,31,0.6159997444154508
2199,9,61,0.07618686641488764
473,13,12,0.05
4351,3,38,0.95
4125,6,21,0.5050419298061247
1213,5,12,0.16950304239262162
2826,10,49,0.2838704133955906
2498,11,48,0.11066460104503853
3334,8,39,0.3199137774615581
1365,5,46,0.24923174976833123
3223,11,17,0.1676036768823232
753,8,60,0.16978371809053677
4258,11,36,0.36560581380375795
608,5,51,0.1868817614409265
2439,11,2,0.18363511460343446
3262,10,26,0.347879929327457
1787,13,50,0.12097715098287215
1488,6,28,0.19245891950563362
2297,15,53,0.0712221941293803
4011,5,33,0.681504276206544
3028,2,7,0.95
4899,10,42,0.37257907061520656
615,10,37,0.05813349268047707
3758,6,40,0.6090221978995547
1933,14,24,0.18081287124477796
129,7,30,0.05624078381074776
3314,15,31,0.1818235831487487
425,3,23,0.12222784022447111
3866,3,58,0.95
4211,12,12,0.31760012545434535
210,7,27,0.05
206,15,24,0.13384266339120873
2526,11,4,0.18981257689220685
4478,10,49,0.37576021075177474
4464,4,7,0.9399884504480293
2631,15,8,0.14941378316762868
3244,2,45,0.95
4793,9,40,0.3689138082614698
898,15,62,0.05
2537,14,55,0.23674319629460056
2111,13,52,0.09929675978835792
525,9,23,0.10385998181263217
3144,6,49,0.4509152799229044
3388,14,51,0.08583526074853491
3014,2,43,0.95
1339,3,62,0.33155684769783295
3491,5,34,0.6176276220394394
4313,11,41,0.3140491720887436
4097,11,4,0.34670794283230716
3106,15,31,0.15824657086783966
3139,5,49,0.5542869843104707
698,13,25,0.05
2187,9,4,0.17787959016691082
1284,10,3,0.12251864209545746
2850,3,45,0.7767414413642251
2684,2,41,0.95
4859,10,20,0.40713183873376446
3613,8,25,0.4154519471147805
4845,7,51,0.5790232535136353
4154,12,21,0.2828151554351316
4483,9,58,0.4315719904956075
4036,3,48,0.95
1799,6,50,0.25584396045573476
4607,5,51,0.7128975213651086
2675,5,32,0.48715772109239613
235,10,51,0.05163128385958825
2125,8,42,0.2048712908000098
3635,1,59,0.95
4954,1,32,0.95
2990,3,38,0.8172630158716074
2857,11,44,0.21443119590378076
3873,2,30,0.95
480,2,5,0.34604895491319704
1628,2,59,0.6874869873720357
4671,4,11,0.9411084569332155
3728,1,37,0.95
948,10,56,0.06177973980901151
4227,15,36,0.23248558523248114
2027,9,58,0.21807691743117283
2265,14,49,0.13563665326875465
4386,5,22,0.7339829969660286
2221,5,44,0.3797449647969816
4818,9,42,0.45399012196569516
3018,14,2,0.24077848735681595
4781,5,43,0.7497700487084306
572,13,13,0.13066539799858012
1887,13,63,0.1892255594742117
213,11,25,0.06695036617421088
1436,14,3,0.05
438,8,48,0.05
2385,11,63,0.14403691209216823
1296,1,57,0.95
178,1,21,0.1344466018868902
4659,4,17,0.95
2752,8,35,0.26849678045351066
4757,3,14,0.95
4480,1,19,0.95
4418,11,30,0.37286487204055174
2740,12,55,0.20932890586097808
1356,9,52,0.12149695050546451
927,9,44,0.0661253717601654
2818,9,15,0.27565945758456356
2910,9,31,0.3187351536754923
3485,2,59,0.95
2065,14,36,0.059731884076900665
2527,14,10,0.1463500375597035
2941,11,38,0.17840088965066236
713,11,47,0.05
662,11,40,0.10757900949675886
4926,4,13,0.95
4452,15,22,0.2375056173153822
284,2,19,0.09536825097044546
2292,7,12,0.2540110590848734
4165,11,28,0.227388473072651
345,3,25,0.15041970733960475
4186,9,42,0.36352725034345823
2334,7,44,0.2663761663071697
965,8,51,0.11546694723832662
2187,9,35,0.10021920433621512
700,8,21,0.0737877951065943
3133,7,14,0.3795375297225479
2156,15,48,0.09204186253163232
2231,9,9,0.31301077895248197
632,11,38,0.05
2142,1,6,0.95
457,11,8,0.05
477,15,45,0.05
2319,4,53,0.4278893483102563
4588,4,13,0.95
4897,5,42,0.8335839297325756
3407,8,5,0.273225699857666
2696,10,41,0.23170458914619185
883,1,20,0.709769119772028
2479,6,55,0.33641073281462286
3703,9,2,0.25946347676001097
1082,10,56,0.1600613252485497
4042,8,44,0.37295977814984793
2690,15,56,0.13753299756944556
1142,2,14,0.4317290231610541
2638,7,51,0.3015522754411263
961,5,54,0.1545410116722293
1976,2,53,0.8190867874739055
1935,11,43,0.21687875204283694
4308,1,46,0.95
3626,2,26,0.95
1785,11,45,0.06440564433126116
3501,10,46,0.35128224335136476
1722,6,35,0.28841672310328875
2757,11,36,0.26357794892661185
2032,12,62,0.24786396117713216
607,8,18,0.05
4661,3,27,0.95
3578,5,22,0.5991781534570687
2756,15,52,0.05
1221,11,13,0.05
389,2,17,0.15049496328813813
2929,12,53,0.17875637383047152
2309,8,21,0.14964650082381487
4912,4,55,0.95
1500,11,11,0.151084626399226
666,10,24,0.07948991405682863
1573,12,56,0.14623368008025928
2087,6,48,0.2662920485873363
3887,3,31,0.95
3965,11,60,0.39138062947889796
3360,15,9,0.19635046475129342
3647,8,52,0.3567962743001165
3351,8,6,0.34719515015140995
1816,3,13,0.4420409508386973
1112,12,43,0.05993741154974229
1410,9,55,0.1612180213178085
4670,10,15,0.4068405062493135
717,13,61,0.07071516664693872
4836,5,55,0.7249022418822766
4357,10,13,0.39784865233979677
2082,9,25,0.16533507068663947
2328,7,46,0.2659089581493038
4920,15,54,0.23691937663398974
568,15,54,0.10710249785733474
4216,15,18,0.1679557932745097
4455,10,2,0.3661269198120218
1239,3,55,0.2782063350911871
1536,6,43,0.26163272201760746
636,10,59,0.059431068638086185
1051,2,38,0.38295144152301536
2913,6,12,0.40856334761482543
3106,12,43,0.17431609509506196
4094,5,7,0.724055146948919
1940,13,16,0.2258485253595372
950,3,42,0.1974628446393802
2071,14,41,0.19331057693498238
1291,15,24,0.1328394997680631
4020,7,24,0.4620962610331135
4728,11,39,0.3938445521770643
2162,4,39,0.4626535270215131
3146,11,50,0.23619418121847982
4499,14,13,0.24348874428326678
3658,6,8,0.5430992943049773
4611,9,38,0.40061917727197377
404,12,17,0.07794279800648672
2947,14,56,0.1323872354096834
2535,6,39,0.4565569268396668
2904,4,41,0.5481132106899239
2084,15,36,0.25733049434291544
4036,10,41,0.31870625906025507
812,15,30,0.08400782906587376
2995,2,40,0.95
1781,9,18,0.17398880511475323
1433,15,52,0.1358323977679391
3298,14,27,0.16621629458947135
274,4,21,0.05
3305,4,47,0.6911218556554407
1516,2,26,0.6703335474215694
2087,15,61,0.0867816074104095
4953,5,39,0.8398182202838083
1872,13,40,0.0543615241193125
4366,6,63,0.6188787854117276
1174,10,38,0.07629720027819584
4860,6,20,0.6842061367670512
691,3,22,0.1978167784161863
3078,12,33,0.16663583826952982
4082,15,29,0.23412336034424483
2510,15,40,0.11319671897818051
947,14,42,0.10259591148667319
593,9,13,0.10172594109766506
645,7,58,0.08706299947196772
2386,13,48,0.15774711522440163
2797,14,16,0.2037841704358199
3937,3,29,0.95
1640,4,57,0.4194043661952634
983,7,22,0.10470003009160607
4056,11,17,0.24438212107801888
3194,8,24,0.3807904924942096
2465,6,53,0.42145277200957326
3447,4,27,0.7216658039088701
3171,12,16,0.21774644144299737
3775,2,38,0.95
4815,10,13,0.34731355361529537
1052,8,5,0.09453225967659173
3400,1,36,0.95
3835,9,32,0.3565219313099031
3279,15,62,0.23397997213494154
3063,8,28,0.2568613353393856
4127,3,62,0.95
3347,10,33,0.23731514771933188
4515,4,34,0.95
3457,10,14,0.17406121846604883
4948,4,38,0.9284107746807964
2804,2,45,0.95
1137,12,3,0.14234914240939134
170,11,39,0.06575430785979611
2974,10,38,0.1683596560142464
205,5,60,0.08961288459150647
869,13,51,0.0820164932130119
2109,12,57,0.16835882296915333
3040,3,6,0.95
2292,12,19,0.1279425170274748
3595,11,49,0.32102793925981304
4411,1,18,0.95
4455,2,3,0.95
1033,11,50,0.09569962335630632
674,12,43,0.05
4030,7,59,0.44703833150633104
4480,15,36,0.2605238146282548
4187,1,15,0.95
2631,15,52,0.05
2519,12,13,0.240730065715481
169,13,59,0.06742544826735794
4574,13,34,0.2932696089274702
1402,2,8,0.619701208842742
3914,14,59,0.27126066801796284
2449,10,40,0.206655886709265
354,7,46,0.05
1807,1,10,0.95
4887,7,6,0.5688803173692314
933,13,5,0.16032115204552416
2864,8,33,0.3312888174110005
2571,11,6,0.22792522122905123
3842,13,57,0.32066258180720236
2135,14,57,0.132633343871418
2067,2,61,0.95
199,4,53,0.05
1952,7,45,0.22675221779976604
3283,1,9,0.95
2455,6,14,0.27954614803788946
211,5,5,0.05
3258,11,53,0.2710913973260642
282,6,12,0.06580098018640428
3952,8,16,0.3797026940490117
264,11,57,0.09285113822624134
2237,11,47,0.11957923336186481
2123,1,19,0.95
554,3,21,0.12094613308624616
2385,11,2,0.08846425072218364
4922,13,2,0.28059076933663357
641,9,12,0.05
2765,12,30,0.1272308681244801
2549,8,62,0.3275943845635549
4033,4,30,0.8487501910326515
2986,11,25,0.2409769210273213
4714,14,21,0.2762292299962572
4392,10,31,0.36046025302764023
4004,9,39,0.39923106137817166
1788,7,6,0.1880818397950758
1737,2,46,0.6106198556497876
4828,1,11,0.95
4770,1,7,0.95
4182,13,5,0.25383384869288345
1990,3,5,0.6855722263055892
3305,13,8,0.2569523064419695
577,14,49,0.054222239085621945
2466,15,34,0.05583288298089828
2626,10,10,0.18591463302758593
466,2,27,0.24353411432293764
1936,4,52,0.4136034587650346
1815,14,53,0.06077846701907098
112,15,48,0.05
635,14,42,0.06478724393995319
3339,8,22,0.3160437106716041
2417,5,61,0.3797853684965903
4142,5,53,0.6804014104809607
475,6,61,0.13526084323823162
1824,13,23,0.1050303335689816
356,12,34,0.09486601569212857
2364,15,59,0.11191115039600583
549,15,34,0.05
993,5,49,0.15215795803338203
3312,5,6,0.5516433300791571
1284,15,22,0.05
3323,14,28,0.1462864923037581
1408,7,42,0.1962926840314325
4805,6,2,0.642616515764415
1016,13,52,0.10727851875456663
247,13,17,0.05
4851,14,36,0.24656717861450567
2214,10,37,0.22094626108707488
4116,11,45,0.3173533603843873
4040,2,33,0.95
4171,13,30,0.2805656173274458
2895,1,40,0.95
542,1,48,0.4419709300818467
3044,4,24,0.606043088344644
4036,2,16,0.95
498,6,27,0.05
1251,12,38,0.11469935487887035
3892,12,63,0.25569099133661155
3095,9,26,0.2334998700317517
2316,10,56,0.16436869366042192
1807,11,3,0.05
3431,15,13,0.23018092534532458
2087,14,20,0.15757826807821912
4702,10,60,0.4036743028190096
2668,8,33,0.24814705974050905
260,4,24,0.09319275190647597
4535,13,6,0.3218191999469092
4004,12,56,0.3174174768353909
3673,2,26,0.95
3277,1,58,0.95
1925,7,36,0.21797120699975153
4024,10,57,0.23468316887108492
1723,3,30,0.4172903007353336
1276,14,39,0.0976537361066247
3820,6,46,0.6071616976654487
4980,5,21,0.8713306028845414
3320,5,48,0.5409305889891022
3359,12,37,0.19230373745767917
230,2,53,0.13019570076011672
3662,14,8,0.22701063560892212
1599,9,23,0.10694582627712126
2888,11,19,0.23008924990715685
4976,4,54,0.95
3808,10,22,0.23717563525165997
1807,1,23,0.95
1869,2,40,0.8429858821811328
1418,9,13,0.18330558250521142
3479,7,12,0.413042133225596
2873,10,57,0.18929412673903745
3090,2,13,0.95
3144,7,27,0.4186558279906775
475,14,31,0.05
3136,4,16,0.6848557033497491
760,10,9,0.1212310466263176
1503,2,44,0.5878697482809865
840,12,54,0.05
403,4,19,0.14148415325612232
1185,5,11,0.18780929828192355
4981,13,9,0.34807601155204404
3279,14,39,0.1788682719090956
1310,4,36,0.21499077911596806
3134,15,21,0.19988091856597803
328,3,13,0.16694687329973873
3219,6,50,0.46759658375913865
1954,1,4,0.95
367,8,21,0.06979001036876095
2874,12,51,0.28274172008388265
2949,5,63,0.47570354941430504
4449,8,13,0.3525287677958776
2234,10,55,0.24923722150084354
3559,4,25,0.6677340736609646
2369,4,17,0.469454618019533
1089,5,61,0.1417461621528257
4592,5,55,0.7256114779364661
1037,11,11,0.12411219551623846
539,6,20,0.10980356169862593
2458,5,42,0.3673187982793786
2107,5,15,0.41307667719446134
3445,13,53,0.2084414065596363
4230,8,15,0.534077522927751
4916,6,23,0.6636352846938031
3843,2,5,0.95
618,4,48,0.11067656975065093
368,4,53,0.05
4833,5,60,0.8334308683000209
4285,15,35,0.20395643592156576
1488,15,59,0.06915694980498527
1794,6,19,0.2730273740167941
3373,11,35,0.35462063145866923
1489,5,19,0.21469527463596663
3965,14,41,0.20883231840037186
3129,14,32,0.1558728967021561
2435,11,43,0.20706080635891913
3774,6,21,0.5000615576150816
4676,8,37,0.44247114744203336
600,4,43,0.13012832726102924
1761,11,11,0.16247053521998833
2199,3,60,0.5865855281574112
202,9,63,0.05
2846,3,4,0.8037523491330765
3376,11,22,0.255636876808962
3185,8,37,0.3478550071741204
3637,10,56,0.2605921917927604
1427,12,11,0.05
2574,5,8,0.38875011979522767
1779,9,23,0.05
3846,3,24,0.95
2662,10,13,0.25687170835581424
4263,10,40,0.3885280261416148
3417,8,14,0.29035743834033617
2536,14,41,0.0656509844546755
407,13,60,0.05
4096,13,14,0.2889540967570537
1189,7,34,0.1022204996918671
4655,12,32,0.29364932444836345
2494,7,49,0.3357669749808148
4104,14,52,0.3282773723525958
766,11,29,0.05
4263,10,20,0.38319344433933145
2334,9,22,0.21424653067418511
1336,12,33,0.1473655918066763
1723,8,27,0.12288358583395026
1474,3,63,0.41042248940398796
3411,14,14,0.1706152832987505
276,13,30,0.05
1453,6,8,0.24579010864385828
3028,11,48,0.2284064790278708
725,6,27,0.06256726794872433
2754,5,7,0.5044837413275709
3708,3,33,0.95
3815,9,37,0.3651614816370979
4374,7,55,0.4605895540929968
494,4,24,0.12762969104367838
1268,6,53,0.14349432752155283
297,5,12,0.05
1068,1,57,0.8438191706682865
4008,2,22,0.95
3255,1,20,0.95
4864,9,35,0.4511284622926309
2604,9,50,0.13338810691241626
1376,5,48,0.2831879540819192
4267,8,53,0.48697513954111404
4418,10,51,0.3405473794126578
1369,4,45,0.3532706821758781
1464,1,36,0.95
1023,13,50,0.07014525587428247
570,13,32,0.05
3116,4,47,0.6609708238159433
2154,7,30,0.1868152323977001
4383,11,7,0.2535656728827166
2151,2,37,0.8916407516777224
3054,2,54,0.95
1248,6,32,0.18990731007203626
3186,9,33,0.3013366834614257
1059,3,41,0.36054118365729904
729,7,60,0.151783919494414
874,10,21,0.07538584153086188
459,15,23,0.10006090889300252
617,14,4,0.05
1443,9,9,0.13151374715583924
2069,11,46,0.2420972870322901
3327,13,20,0.16579765462186008
2999,9,32,0.20018921709267012
1034,11,33,0.06671200872302756
2086,4,16,0.44385651064178744
476,2,56,0.2297399837133005
3660,15,40,0.14638576688474178
1874,1,32,0.95
1605,6,4,0.16188512712929626
2754,5,52,0.4446562158256751
1110,6,59,0.22112087453676113
3577,7,33,0.43313299047577164
1330,9,11,0.07557912778764882
1277,10,29,0.05
3957,10,28,0.31127074367436114
2195,11,49,0.16526405884484194
1772,6,47,0.24629714587640938
2028,6,41,0.215554998138983
3939,13,44,0.2619778184934698
3278,15,32,0.09246253139348756
4368,3,52,0.95
2653,13,35,0.1623413643177311
2545,8,6,0.29812861729869955
4489,9,12,0.47081450415524295
651,1,8,0.4257612384135147
2997,6,9,0.44958064429177774
1139,7,18,0.18853517486038157
984,11,45,0.10885703126113477
3151,8,51,0.3011670262950371
4329,15,62,0.29529078351428634
4966,12,40,0.3168400806037698
3697,10,42,0.2538636810488407
2655,15,52,0.14658117598435869
1189,11,15,0.08418415653821784
4675,8,25,0.530610937844683
558,7,31,0.05
4821,8,59,0.5089895001477086
4354,11,52,0.2725011549877792
2107,9,53,0.26188242911914106
2020,10,51,0.19766876990637303
4627,7,58,0.43730486509603617
1103,15,63,0.120840577250504
3183,15,16,0.18495868400618337
2214,3,54,0.6194517427116802
2689,15,54,0.23914992357063833
2243,9,5,0.12592315799879666
4410,1,14,0.95
2341,14,6,0.12156830101736257
2186,8,32,0.18198491935252464
1038,6,13,0.21136321004033498
4401,11,31,0.28958123105286
4070,3,50,0.95
4099,9,11,0.3943932941208318
4750,6,31,0.7195384782058739
3508,15,27,0.17881840032167476
870,7,45,0.14408100576108507
348,11,7,0.11059784647465046
472,2,28,0.28531067482377287
3026,1,21,0.95
3957,1,29,0.95
801,3,21,0.27164708116320857
2285,11,13,0.10672013848780841
1041,3,46,0.3096385859852758
4014,8,22,0.4398685546230283
893,7,31,0.13517894389639462
777,15,50,0.05
1661,10,53,0.16741651419722017
4153,8,11,0.48380243685969704
552,1,52,0.4741272162052991
2566,4,6,0.4814447856991408
3756,8,59,0.3617053158336644
4246,10,38,0.3740480926948393
3854,2,9,0.95
309,7,31,0.05
2026,8,18,0.22774184040064296
4066,14,4,0.1871221825666261
1977,9,22,0.13232909910531365
726,7,17,0.05
2826,12,33,0.12222975924522739
1558,9,28,0.05
2924,2,52,0.95
1350,11,7,0.10970011776761973
4858,1,43,0.95
4463,1,17,0.95
2263,11,46,0.15516020882414433
1723,12,4,0.1222450752165392
1953,4,55,0.3743578158759217
853,1,41,0.6741867819865005
1968,7,21,0.2475477669911997
281,8,41,0.08535757363554043
1613,3,8,0.40520789191968076
1002,14,60,0.06393744756796013
3444,1,12,0.95
3553,3,30,0.95
3707,2,53,0.95
2656,6,4,0.3983199594395479
2239,11,22,0.1891155981755291
4344,7,54,0.5388910348348407
2264,9,33,0.21708831724589644
2712,5,31,0.43736266852122924
2121,4,40,0.3762543173484624
2921,1,12,0.95
2381,11,18,0.1762042802838879
1670,14,26,0.0930821085587802
2072,6,51,0.29948199549449533
4086,11,26,0.33726532614246174
2344,8,10,0.2647589237340265
2542,4,46,0.5161029049676973
813,1,30,0.6980721610767493
3645,14,63,0.1772804948761724
322,14,16,0.05
963,5,20,0.13433251798639126
4725,10,16,0.3940414482895307
1525,5,40,0.1679335062499337
2404,2,36,0.95
753,6,57,0.11342799255392133
1259,10,41,0.14606139605182886
1942,9,14,0.19757769570404254
543,14,17,0.05
2565,6,4,0.37132845716518886
4769,8,54,0.49829583894772905
4536,10,32,0.3989441028792567
2957,3,56,0.8743225841521326
1380,10,2,0.07985169574924758
3139,2,36,0.95
3895,4,17,0.8103531164772584
3737,12,2,0.23645557106230403
3858,9,51,0.2602328433815795
199,9,15,0.0611898128536493
2186,3,63,0.5019515158509982
2410,12,8,0.1820071201826893
4345,13,24,0.2145032799434051
2837,1,36,0.95
1707,1,30,0.95
3053,4,23,0.6984985046991543
4081,4,17,0.8661849949720245
3294,11,30,0.23627098837931976
4439,12,7,0.2999319426109356
4782,15,19,0.32882801444806425
3192,10,30,0.32485929794431556
3062,6,26,0.4504485880246436
2762,5,46,0.5194676247889346
955,6,57,0.10924754122702585
2246,10,3,0.22197513055566698
1486,7,45,0.11297904590069964
1816,7,33,0.19107978525911967
4251,10,37,0.3346122975545741
1825,14,33,0.16637471859634298
2053,10,42,0.16064183301852686
284,9,21,0.07391338901260336
621,15,56,0.05
2411,6,38,0.37225401428162214
1348,8,43,0.16737189694287322
1758,2,39,0.6221571832113447
1102,8,34,0.16484904945690937
3327,9,53,0.28116623436229415
3238,4,6,0.612971577639424
2028,15,7,0.06876799908582662
493,5,23,0.05425624538107547
1717,5,22,0.24433371940877338
3741,2,20,0.95
760,5,44,0.1143405543789725
4264,9,16,0.4163170715039216
419,4,35,0.14513672950770773
2324,10,48,0.27371538410084495
683,3,8,0.30046198583320266
3700,14,18,0.23578621988899362
681,7,45,0.07360759698645335
3796,8,45,0.4313634124745788
1867,13,6,0.06250957775472515
1656,13,53,0.09473489273068487
1898,10,40,0.1781322485179797
4306,6,3,0.5512789090473846
1098,6,28,0.2017481558087211
857,13,46,0.0784176251232834
382,5,25,0.05
4996,11,42,0.3987494022577637
230,6,62,0.05
1393,9,48,0.05
160,15,29,0.06378443587792024
2311,2,59,0.95
1648,10,48,0.1516626754906748
4467,11,2,0.3709218367851865
1881,15,54,0.05
137,3,53,0.05
3731,1,22,0.95
2764,4,58,0.645691946788213
573,2,29,0.23625058673782365
158,6,4,0.05
2736,15,31,0.13136578332387658
2714,13,2,0.2523274063695717
2714,15,60,0.11488365916394742
4578,1,52,0.95
1511,8,53,0.11634538484622942
184,10,46,0.05
1633,6,48,0.22483185921595952
3897,9,46,0.3951307277236649
2774,12,19,0.15151835462925617
2973,6,50,0.4867594211500762
3220,10,34,0.28399771612899277
1190,7,16,0.06952002491837826
2934,5,25,0.39298130426345856
4324,14,37,0.2582479934004599
2176,8,61,0.19306676526063318
3290,8,35,0.29862002736892723
4887,10,27,0.3767586353910813
4328,9,52,0.3707134940866673
1308,12,41,0.10318345700697985
3677,6,23,0.533849532413696
4841,1,17,0.95
2681,9,41,0.2594889214919184
3887,3,43,0.95
615,9,17,0.05
2312,7,6,0.28445154905661785
3074,14,52,0.18421437788143924
1032,12,7,0.10924306149785568
1763,13,43,0.1167024066422363
656,3,25,0.08005356285869861
1771,9,31,0.1349300789557808
1092,14,38,0.14451674493544636
1728,7,33,0.17449516272076987
1791,7,54,0.20227233312669904
4952,7,20,0.48217110871436475
1204,2,52,0.44878371121814986
1370,11,46,0.06774244543378999
3002,4,29,0.7215057151940674
4844,10,48,0.4033915474420014
1509,8,9,0.14846662318212553
3746,12,44,0.2436061162041681
1430,2,2,0.530302434879694
4823,13,5,0.3622351746742537
2154,4,58,0.3612910832994771
1053,10,23,0.08052953707150678
1942,8,23,0.09515599861600428
2902,15,31,0.13172919762437832
109,12,59,0.05
2709,3,28,0.7122039169640715
221,12,28,0.060263694349033524
4882,6,14,0.604448434467493
2660,12,40,0.15448188308133323
3137,2,28,0.95
540,8,40,0.1645500123308612
2849,8,39,0.308349713385224
690,12,58,0.05
1468,13,9,0.07826540761072401
2089,1,13,0.95
1461,3,25,0.3943128138355114
3873,14,19,0.3785444553374897
2164,15,56,0.16774712938030617
2515,2,16,0.95
3051,7,61,0.3811874897773949
2868,7,17,0.3469468368953067
3516,4,34,0.7388699377555906
1676,12,11,0.19800803659719352
214,12,48,0.05
1468,8,25,0.14190745790629078
238,3,46,0.05
3473,14,20,0.21364281024262666
1415,9,28,0.10087996638162114
173,5,46,0.05
3946,14,42,0.18690981710060411
583,13,32,0.05
4211,15,22,0.20103397261210873
1649,14,17,0.05
1459,2,24,0.671037595934266
1996,9,15,0.1122118854405931
4324,1,24,0.95
610,11,42,0.06512859442384791
522,8,19,0.10437532100811746
2532,6,37,0.35020984201844757
2006,12,13,0.13315783304780784
4427,1,57,0.95
1058,14,38,0.05
924,4,12,0.1078617367203101
164,3,6,0.05
4810,7,52,0.5966289027822138
3448,7,22,0.4298600361742372
900,6,33,0.05
377,14,30,0.05338045896208976
1817,10,8,0.2158564762567936
2513,14,37,0.13074186176982702
1338,10,41,0.19029811668126706
4623,12,63,0.2984227433026343
1586,8,28,0.0877833813478099
4781,7,7,0.5616817609078597
3398,4,39,0.6928685835552402
4570,7,55,0.5968745960590871
3095,15,5,0.12208415764252874
192,1,47,0.1797883957949169
3631,3,36,0.922542705832662
1940,2,11,0.7809883112270266
3627,7,55,0.41279254891947725
1721,9,39,0.13409604335981756
1661,5,51,0.19858673445793035
1516,9,31,0.11312740560620296
3064,12,43,0.21427543741551136
4290,13,10,0.32816840364975886
1230,8,17,0.08984616141790722
1513,1,53,0.95
3697,14,5,0.33325680417199527
3844,11,27,0.1847977820477138
2218,2,30,0.885993715484394
763,6,29,0.053110473199851065
2734,5,12,0.3716339059406318
2874,15,29,0.15506145880156658
4069,11,45,0.3628083435721187
3590,7,33,0.4794375571869509
1671,9,25,0.18334568340768828
1623,14,52,0.15611741994620487
1087,4,43,0.21452111984001695
3338,8,40,0.3478107545411955
3945,4,8,0.8340015548803906
3793,3,19,0.95
198,12,4,0.05
2388,2,45,0.95
1614,8,47,0.24707095742282795
4397,15,21,0.2599557350294477
733,11,35,0.09603535172423587
4941,8,31,0.45569265690919325
4685,11,10,0.38342105300524654
678,12,11,0.07539425901865267
4059,3,60,0.95
372,1,7,0.35362716269206296
4981,13,18,0.3275517184682113
4054,6,16,0.5464402914099744
4027,5,34,0.6653392373602073
552,8,57,0.05320849011217422
1275,15,60,0.07035861281364186
513,6,55,0.05288803089657664
1650,4,14,0.3232649487262266
4626,10,43,0.4174561557319654
2046,10,45,0.17290314574748256
291,12,56,0.05
140,15,23,0.05
1959,12,17,0.09080120235995716
1432,11,35,0.2027655721937152
3549,2,4,0.95
235,8,9,0.12080296282000168
4301,5,21,0.7396528800368343
4714,12,62,0.30622481674490953
2041,15,48,0.07422363146991975
1665,8,25,0.2029947540075382
4321,15,52,0.22180954944691475
488,5,19,0.05
1658,6,24,0.19903291627503805
2221,13,2,0.14112137722683715
1128,15,60,0.06633547228021792
3634,10,52,0.3633459406746071
181,14,3,0.05
875,5,6,0.17443914669140775
3138,11,19,0.21623399837565024
4473,3,17,0.95
2987,10,11,0.21328776525192686
1978,8,54,0.05
2371,3,30,0.6598197354951416
1707,4,36,0.33408841149119495
3239,6,26,0.43850533765990146
705,2,43,0.26601175977072156
4835,14,58,0.2900532577451146
3514,7,25,0.48672643717134345
3765,5,14,0.6601236781910168
2244,12,22,0.11208957205651779
4370,10,43,0.43777416643218897
3865,13,44,0.37062203596067084
1476,5,40,0.2442336254114452
3562,5,35,0.5886691053027417
447,13,20,0.07013329172861424
100,13,29,0.05
162,2,28,0.05
1883,11,51,0.11729673418777925
3914,13,27,0.22877419131925256
325,15,12,0.08088293541365565
1142,15,50,0.05
944,12,36,0.06544672193543115
2780,10,21,0.2812287055720172
4219,9,13,0.4539445383490779
1334,3,58,0.32526349550890354
2084,12,29,0.08310395274424812
4356,7,3,0.5354853126013173
1378,5,58,0.234543812883907
1694,10,2,0.17927614786703103
2651,10,10,0.1491638097757485
2052,5,23,0.3253821627311225
1795,15,57,0.11034057043405301
1054,4,52,0.17073759942761021
3391,10,41,0.30722719635991863
456,6,28,0.12362914983103744
3695,7,10,0.3919246014266032
1068,7,8,0.16693720452589214
341,11,37,0.05
3546,12,55,0.21568789677075456
4334,15,49,0.21793267169359876
2244,8,39,0.2795082273747607
246,5,51,0.05
642,7,3,0.05721183171011337
791,12,44,0.1060143527826142
1125,14,6,0.10677906740651197
4150,15,18,0.20758337666099413
4105,4,38,0.9479893756599768
3459,15,59,0.23622344636397796
3051,9,36,0.359644988028154
829,5,52,0.22679625467828013
4599,3,9,0.95
2655,5,44,0.4085496267113772
1250,9,4,0.05
1835,13,4,0.19141788704590004
1138,13,2,0.05
3012,11,63,0.24192573476412693
4940,8,25,0.4571816626332114
2640,1,46,0.95
4514,5,31,0.7515535273680857
1342,6,43,0.2762271094361314
872,15,27,0.08060490009445465
2016,13,39,0.27605344554543315
3512,10,44,0.30297942088710333
2599,13,41,0.1816326972023318
3540,11,52,0.21373859983083768
3645,2,63,0.95
1313,14,44,0.05
3031,15,39,0.165983195119539
518,6,45,0.05
3881,14,51,0.21095585452585053
888,9,4,0.05
1971,14,14,0.07798311630585027
4690,4,37,0.95
2125,3,42,0.4909534718003783
2546,9,49,0.3266233045739062
4923,2,13,0.95
660,12,21,0.16196740602974308
2751,9,40,0.20553631890687
4004,11,45,0.27847464835721697
639,10,9,0.15660426845677813
4855,11,54,0.4561286509241087
3236,11,48,0.22183643435572115
3389,2,3,0.95
2710,14,12,0.25430586928462057
2044,13,57,0.09539201671849082
3245,11,22,0.27825541964727474
2858,14,38,0.20025598539912998
3360,15,56,0.1707573711422449
4207,10,7,0.2868413291369881
1995,3,20,0.6083369626698432
2600,13,31,0.09974774419374101
2929,7,47,0.2736493916140346
3973,2,40,0.95
147,1,45,0.054314006433086384
2464,9,63,0.24637894597005155
2356,6,50,0.4028008766992346
4772,9,37,0.4941937805667348
853,12,21,0.14480704611767725
2902,3,55,0.8458752143673968
4749,3,55,0.95
3752,10,11,0.24630817538018393
502,12,25,0.05
2186,3,61,0.642505972547933
2327,2,34,0.95
3510,13,30,0.1897357308334722
3090,11,56,0.22436428924473314
4743,6,31,0.692286550724911
1249,3,37,0.3244714421733227
162,5,46,0.11699631109201392
3253,13,7,0.2235243664258532
1108,11,59,0.12110941283548159
2131,5,48,0.3511807474695842
1422,10,15,0.13952618395576674
2181,3,58,0.5302606069341939
851,3,4,0.23464470999398906
4244,1,25,0.95
757,6,20,0.23074418836884977
1760,3,39,0.4971430048138823
800,15,35,0.05
1180,1,10,0.95
2256,13,31,0.1607159236785311
1640,14,33,0.09771622789456019
3132,14,14,0.21993463289225207
2083,13,19,0.1625634757131684
414,10,45,0.05
3181,9,54,0.3703545551641389
4833,11,23,0.2865987494958497
2414,1,5,0.95
2235,5,61,0.35271128036357935
1749,5,24,0.29009546199785974
3319,15,62,0.17015102072166974
3900,2,8,0.95
2578,14,45,0.2154392650336413
4167,14,56,0.19833970177894142
1875,13,12,0.14370080404079735
2066,1,40,0.95
1867,6,62,0.2783193504088716
3915,15,59,0.2832117250197577
341,7,60,0.05
4897,11,43,0.32953334085530933
3049,11,42,0.18971538240713948
4936,9,35,0.44906643110850986
4976,8,6,0.564128385589291
2356,10,43,0.2884271513511552
4211,3,26,0.95
3468,9,29,0.31397353533925515
466,1,62,0.36257184785889063
2927,13,15,0.2634427210162609
1352,6,28,0.11337559934496277
2587,13,17,0.18559078238100202
4885,14,28,0.35067129970983835
3703,10,3,0.29362462514790205
3621,2,20,0.95
4617,10,24,0.31765926604354955
1743,9,42,0.1861919492522516
1312,9,15,0.12470393451298765
4803,8,48,0.5275126200328746
119,13,52,0.05
775,11,27,0.05
4577,7,9,0.6000454000138707
708,14,28,0.09846435063342485
161,6,48,0.05062419510016901
1365,2,41,0.5884748898456624
2385,14,29,0.05
1254,4,5,0.32156162448121306
1728,10,60,0.1676267005371866
1726,7,62,0.2687890802895263
3816,14,39,0.16793505768808753
1542,13,12,0.13165608439717708
1753,6,45,0.27311282678181803
2602,9,25,0.06976652540747302
3369,13,29,0.21108531949426446
381,13,42,0.05
1124,5,19,0.1389064792832303
4918,12,50,0.3652484010687818
3503,12,22,0.25465267563566324
1335,6,27,0.15297263282422632
4282,10,4,0.33021544540493136
4860,6,60,0.5915892128690999
885,14,14,0.07486515246846892
3417,8,39,0.3716477553770034
1767,8,29,0.1776961486937377
3108,6,15,0.41773352511892053
3294,8,60,0.3802730488753073
4889,7,2,0.5895770514448391
3875,1,29,0.95
2546,5,60,0.43466764591444745
3890,11,37,0.3409181185147029
633,15,55,0.07802410709164725
501,10,51,0.08949309752215415
3763,10,12,0.28325449678921066
229,13,44,0.05
2439,10,41,0.20337835829859532
4471,5,5,0.7387119007044065
3059,10,35,0.23117061165902894
1958,14,2,0.13336853771450938
3073,9,57,0.1872659619406341
4250,7,11,0.5231366696909072
3749,7,18,0.46332167288959575
2886,10,8,0.2939312063759277
3197,15,40,0.1843115396892704
3612,2,14,0.95
4960,8,23,0.4970453839289164
1320,3,57,0.3411238374011194
741,15,59,0.12103343285401438
3414,9,2,0.2874286743139553
823,15,29,0.05
4997,6,34,0.7746582962987856
837,9,14,0.16219224877689353
4953,15,2,0.2672876965536944
1399,9,39,0.12645193655945974
3580,7,56,0.4011498513093599
439,10,59,0.13043202444548405
252,12,26,0.09441170637875924
1521,8,43,0.13128638816750376
3151,2,22,0.95
526,5,34,0.17761092314174842
3658,15,58,0.30633089163672633
1235,3,38,0.36419942239751063
2472,1,55,0.95
3429,13,58,0.2226459446418144
1049,6,35,0.12189960682423526
1473,13,63,0.13075905837757984
1056,12,4,0.1599051058411621
1801,15,31,0.06263464565047785
3041,9,56,0.29879071588989303
2582,2,4,0.95
1403,9,19,0.06988008231970169
470,8,24,0.05765744225919155
3080,11,9,0.23220611277635883
2396,9,10,0.20740579929765537
4898,5,3,0.8934003442454281
2225,13,62,0.1293876781938598
3066,2,3,0.95
4245,10,28,0.3953386941584956
2842,10,49,0.2585391566950899
4121,6,40,0.5838171410316955
2464,7,63,0.3359320095727139
862,3,37,0.24038025928794152
4162,14,6,0.23950346833337435
1104,6,2,0.12271931558080129
3855,6,23,0.5853362038820726
2946,8,11,0.3853743048658844
449,1,46,0.49794918244847464
3064,4,25,0.679295943995855
786,15,60,0.1394923326784612
4737,1,16,0.95
3226,8,34,0.29898720569153414
4556,2,51,0.95
2855,8,24,0.3050818843183112
3624,3,15,0.95
3724,8,19,0.47940651946871643
2832,6,26,0.3802876498708773
1793,1,23,0.95
2992,7,45,0.404726933968129
3911,13,45,0.31305155686812547
4280,7,38,0.5431244726100468
784,6,8,0.15453105731396366
4440,15,27,0.29315674121115587
3019,1,25,0.95
3856,5,14,0.5567042725682332
3383,1,42,0.95
4791,1,7,0.95
4126,6,22,0.5761544145578154
1256,8,8,0.17467765055571863
3161,1,19,0.95
4545,2,16,0.95
2429,15,9,0.05
1392,5,61,0.20247852878740613
1984,8,53,0.19374038975701297
1660,11,17,0.14437831011253938
1083,4,50,0.29511263205704746
2167,15,4,0.16032822343730496
1963,14,46,0.15193840436385753
2079,5,10,0.3268446061634727
1836,10,53,0.09684208176841094
2552,5,48,0.4213819390347988
2018,3,27,0.5215824106051045
800,6,27,0.06711867243433099
4146,5,31,0.6215662916945243
2173,15,28,0.12562976190516656
4761,2,17,0.95
3853,14,49,0.2923854582076375
494,10,52,0.10609309700988306
2056,14,5,0.15602501668896424
3148,4,52,0.7993756380315321
3552,11,20,0.2401061735282229
622,4,35,0.11409934301108501
1662,7,7,0.1889804897670206
3009,15,46,0.15557550802276027
2949,7,16,0.2712798436220351
649,9,11,0.05
1568,15,55,0.10967408866938086
932,10,43,0.1355476314057187
4582,12,37,0.2562252985162481
1521,2,47,0.5770608849145077
385,6,41,0.05
2845,2,7,0.95
3865,9,45,0.3134721686956472
4564,2,41,0.95
1545,6,7,0.14681439104299912
1566,8,16,0.15319307920598332
1876,6,30,0.26303679857869644
3755,12,26,0.30417293621183666
1014,15,20,0.09327013897477318
387,3,15,0.16386992809428258
4290,5,4,0.7166933995337351
2188,4,51,0.4156319870611015
4526,1,43,0.95
1904,5,47,0.25437239542059414
1278,10,15,0.13312738310633332
2651,12,55,0.20595145678249557
4470,5,40,0.8089819057715147
1688,7,40,0.2517069047324092
2056,15,22,0.14356215984148843
1875,12,55,0.05
4962,7,56,0.5712712592623788
1087,2,12,0.48725840981516416
1303,14,51,0.15370301120001983
3430,4,11,0.7514430859599229
1219,1,16,0.95
296,13,31,0.10521393394042364
4075,5,45,0.686354022578039
625,5,56,0.13262907240388963
4827,4,18,0.95
1510,10,55,0.09638120180606984
4603,12,57,0.2809915569256787
1392,12,30,0.11209991277695532
1294,7,18,0.1161172853820637
2048,6,34,0.25982882976965327
3755,13,39,0.22735008160448203
4886,10,22,0.3186532102140521
2317,3,48,0.6801781518657211
4354,2,52,0.95
3680,15,15,0.23492874367776292
1117,4,11,0.13571739732086407
3253,9,62,0.32420450946877
3690,10,43,0.36583213603540177
4307,5,24,0.6975634744258679
4169,1,40,0.95
147,11,40,0.05
3763,3,15,0.95
4571,9,48,0.3823150461171423
927,7,23,0.05
4822,3,53,0.95
2189,1,42,0.95
2156,4,29,0.43748565093360187
918,9,48,0.13209455831826497
4852,12,10,0.3779581491279941
4084,7,24,0.42920967477750854
3780,5,8,0.6151364173252266
1911,13,25,0.12911111293109617
4985,11,44,0.24916344806316731
3214,14,38,0.18866715884355617
1729,6,60,0.22831271722544372
1643,1,10,0.95
3679,7,39,0.4545066975171968
2004,12,8,0.08280542393407753
1536,5,61,0.28090910209019104
3417,7,24,0.4161485471752977
3620,5,26,0.6782832151232692
3159,5,56,0.5271149594622048
4216,3,47,0.95
1098,5,52,0.25866403401544064
1531,8,23,0.1782796282613484
4652,14,55,0.27259629213233977
3161,8,44,0.2950127001908343
364,2,61,0.16642289341912178
3831,11,8,0.3803939948750751
2374,1,7,0.95
3975,2,37,0.95
3417,11,47,0.3364767470610327
2146,7,23,0.34762500803236723
3244,3,36,0.9013826646365156
3321,8,50,0.3675661534533532
3240,4,48,0.6324730166931594
1353,10,34,0.12468230251451858
822,10,22,0.09587334090505409
183,8,12,0.05
4935,14,14,0.2625223294442982
3470,2,63,0.95
3919,13,57,0.298709004883415
3464,14,4,0.22856749766850726
1857,15,14,0.10742635813433389
4418,5,51,0.6701180505969956
2880,6,57,0.3982504062880507
3387,1,42,0.95
2552,15,58,0.07235362117915488
428,14,35,0.07573256169361876
525,1,29,0.47524994278409005
869,14,41,0.06133614389272578
4075,9,35,0.30185770293786096
707,5,33,0.1629027097196908
1952,15,24,0.11894765988308435
2772,15,25,0.161994468779996
2224,14,2,0.14186246068990138
1400,4,25,0.2544488378428039
565,14,4,0.05
2064,1,62,0.95
2045,15,18,0.05
2639,3,8,0.7829042147355492
2460,13,11,0.1773430243652283
2139,4,20,0.4759190372548157
1284,11,25,0.08890475097450447
4034,11,10,0.29802228100960826
3317,5,51,0.4877561464673579
2882,14,16,0.15444746893423827
877,10,50,0.08903470031295745
3479,12,57,0.31643818004795027
2518,14,59,0.16291939361653304
4177,5,23,0.6288054786100739
4362,10,59,0.36150289477201003
2539,8,18,0.23530140372552188
4931,13,20,0.31292728280636134
2089,13,10,0.1390717779838001
1166,3,58,0.42293970777283874
1044,7,39,0.1434238400320077
128,14,20,0.05
1997,13,9,0.15130913448552163
1797,6,7,0.2199929164391591
2914,10,50,0.31874747777768664
3465,11,39,0.2817905899338796
2588,10,46,0.20377230257570927
1765,10,22,0.17728375384749182
4719,11,57,0.4277755040495057
1670,6,30,0.2492788462397939
1833,10,35,0.15337379965529555
859,9,13,0.08223428453709956
2257,14,40,0.17166359061114284
1451,15,33,0.10444822031470269
3576,7,7,0.4380092824652493
1368,13,18,0.07954307364291478
1885,11,33,0.1583142381684237
4049,7,61,0.4122666257073109
2707,11,9,0.2688849808250196
498,14,39,0.05
2730,1,30,0.95
2546,1,32,0.95
1769,9,20,0.2038808849865437
338,9,54,0.10903393616806739
3636,12,56,0.2789318836981152
3961,11,10,0.33350190494757714
3203,10,53,0.24904472975678155
1246,3,29,0.44306566441707806
1657,15,63,0.08388189679940943
3838,11,49,0.2949793753850443
2257,11,51,0.17618136876353618
3551,8,52,0.4512823074344958
399,9,40,0.05566400778213845
3798,1,41,0.95
4153,12,54,0.26285001962352816
4959,14,32,0.3183935624216475
348,3,20,0.07225046316363619
2668,13,34,0.1433830349042585
4229,6,27,0.6211656540517009
4423,15,46,0.231789396332829
4780,4,2,0.95
2960,8,12,0.3711962219479643
823,15,3,0.05
669,9,54,0.15857090566645837
319,7,36,0.0911942841726954
1494,11,14,0.19975408302719333
2934,1,40,0.95
2222,14,35,0.16734944052666248
4331,2,35,0.95
4100,1,36,0.95
4449,9,33,0.3845518813460472
3189,4,46,0.7194048337266347
149,10,13,0.05
614,14,34,0.05
2891,8,19,0.22569481821487708
2878,5,6,0.5301522105500353
2718,5,20,0.4466514878118155
1937,5,32,0.2824252321461741
4771,11,28,0.3386602154262114
1265,5,43,0.24282382982685638
2349,3,39,0.6451417894833128
514,6,51,0.07922410069624662
2368,14,16,0.15500152772756765
1204,1,47,0.95
4958,8,57,0.5458973484755718
4758,13,49,0.337023376710886
3456,4,5,0.8260227515142562
2516,6,20,0.38278104364432697
2034,2,22,0.8648945431437164
303,2,63,0.05
168,8,41,0.051120435642301496
615,14,58,0.12921192519592611
3663,1,2,0.95
4556,8,21,0.40044588003428205
1564,15,23,0.051670082416705856
1752,10,55,0.18387112481850343
806,10,14,0.05
1725,15,42,0.058309629961902434
4852,1,2,0.95
3885,15,16,0.22709626050675188
1445,9,62,0.20350687723630137
443,1,16,0.34794135682197
3886,4,15,0.8150475353894329
635,9,6,0.05
454,1,59,0.35161489867344264
3642,9,50,0.35183870147207763
1082,14,7,0.05142405004793623
1445,8,42,0.05
3109,5,32,0.5491295115326841
626,6,53,0.11317109488707064
1030,5,27,0.12606153173201962
2856,4,59,0.6301738708410703
2382,12,26,0.10139246846423788
2046,10,52,0.13410200128293132
4027,15,60,0.29352902127025965
2641,15,56,0.21171370287942443
2016,14,54,0.154170769010078
3460,13,59,0.19112607837654472
1693,12,50,0.14006666999382703
3025,4,40,0.6554204828879261
3725,14,41,0.134648994032514
1323,10,16,0.05750524410508691
2059,8,7,0.26868339261654733
1065,8,2,0.05
3778,9,42,0.35396922877754067
4412,3,8,0.95
722,10,63,0.05
4548,15,55,0.25304551689903865
4887,8,53,0.5088342829723921
4826,15,52,0.27524940197433456
2472,3,5,0.6798063390633131
3048,2,2,0.95
3399,2,42,0.95
1268,9,3,0.07454302072488325
4849,4,49,0.95
491,5,35,0.07303042442370654
3909,2,36,0.95
2507,9,47,0.20957190966077538
4964,7,14,0.5882011375702368
4992,3,18,0.95
4360,6,11,0.5994779912797771
4928,7,4,0.5702645803574335
680,14,5,0.05721793753144929
920,12,26,0.05
1347,6,38,0.1805308659429213
223,10,44,0.06695886195199927
4539,11,39,0.35898922758981683
1974,10,30,0.17882424605507968
623,6,2,0.06966087480919889
3223,13,52,0.15719934325908208
4324,15,31,0.26819579671709876
3298,8,40,0.2922219595165899
2885,14,56,0.2507397933271579
2218,8,11,0.1779802095382602
1310,5,30,0.2068238703608921
1126,14,45,0.11660834034122233
4217,4,33,0.8747687645359091
4361,11,45,0.34986233675323797
597,5,62,0.10706133448376802
4629,9,2,0.3546671871031486
2905,12,42,0.15319564626870585
1793,10,18,0.13634803677036228
4858,6,56,0.6697198319946737
824,3,13,0.2652654462995687
475,3,61,0.13584439862355216
4498,14,3,0.260694916276116
2552,1,10,0.95
3959,15,13,0.26077777319004836
1786,15,61,0.06570255053116414
4903,5,26,0.7599814309218114
356,6,58,0.05
4594,8,37,0.520456871822899
3700,11,55,0.2506631190225832
150,9,62,0.05
694,7,45,0.05
4831,1,51,0.95
3973,7,36,0.5450608434914329
3536,10,23,0.19102796717182863
1172,9,34,0.071322640379816
1576,4,56,0.24142663363851571
4970,11,51,0.3369060926543909
3120,12,57,0.2573222107373909
1764,7,22,0.2851094819522187
4592,9,56,0.36261946165616316
2830,1,41,0.95
1495,12,52,0.05
3997,10,23,0.30019908179231963
4724,9,29,0.45056509219706303
4880,4,58,0.9279321091858296
4145,12,5,0.253591813839028
2760,8,27,0.2832501920430461
2333,3,24,0.5441347020109709
3422,2,49,0.95
4297,13,50,0.24959165998750854
4318,12,61,0.2631678844225928
2201,8,24,0.20273055500194576
1406,8,42,0.16252229299847615
1737,3,59,0.49266538657781533
1240,13,9,0.14277648315735025
715,8,53,0.061642271717038524
4752,11,33,0.2840137317931802
4309,11,52,0.22047609974178622
1666,6,40,0.2979855668583926
1076,10,62,0.08657130661698272
4896,9,45,0.46833260443821634
1416,10,2,0.15882213380924765
2439,13,57,0.16644883260762675
4456,6,31,0.6792054415148072
2196,8,29,0.2659075604176075
478,2,18,0.24853576474208816
3565,1,24,0.95
2371,10,39,0.2360946091044499
1146,10,59,0.11682311379609552
1107,2,25,0.41300371062041785
209,12,23,0.09397682955383721
2871,4,6,0.5929869768961733
3983,10,26,0.24388077964596566
2700,9,53,0.28595754492465597
3343,7,8,0.42284231803744343
1105,9,55,0.08838287776013133
4893,9,59,0.4818359085006471
405,9,23,0.05
1058,8,60,0.13373104348189713
1053,6,45,0.1838889941785066
2768,14,38,0.18205015391568205
3638,11,35,0.27650883370008433
2777,10,37,0.22372556880645977
1730,7,50,0.2772428931098865
1891,15,58,0.07769578474374378
2703,2,58,0.95
2071,11,41,0.15188087254458654
166,1,21,0.1553064362542694
934,13,38,0.12279818711741144
305,5,18,0.11171261434271429
2933,8,53,0.3387278188020148
4350,3,5,0.95
1814,7,54,0.23635743184591387
1632,5,51,0.3429462576953223
3245,12,19,0.17081323097838083
3220,10,29,0.2533278411782404
807,13,51,0.05
278,8,17,0.06255777730037385
212,6,44,0.05
856,6,9,0.05
996,7,62,0.08758719712829098
2968,7,45,0.3611819568034315
258,4,19,0.07717288435626282
885,10,55,0.06553653711329649
1903,12,51,0.08497023469306739
1939,10,30,0.23307997576666972
3268,10,41,0.2979315556543538
2398,15,17,0.15536951334477347
4178,13,31,0.28172082151270905
1642,8,50,0.11514460106817706
4308,6,35,0.6042456468042601
4454,11,31,0.22263768893552788
2254,13,22,0.1649227588498433
674,8,23,0.05
3138,7,48,0.3351766471443709
1481,1,26,0.95
1322,4,23,0.28843103002626713
2574,7,57,0.2430636662725945
1601,9,29,0.11434485677828313
958,2,40,0.3351024633118195
3674,15,34,0.2619571306104166
3829,5,3,0.6028345091075797
3065,9,5,0.28053615085833955
3291,9,17,0.3153687780975233
1696,6,13,0.2689723605658485
1661,7,18,0.22304669916912426
2622,9,57,0.27205605455970544
2699,14,37,0.10209726160347277
2491,14,17,0.16894449437871717
2775,10,40,0.162135755697576
2283,8,24,0.25777493157021786
376,14,9,0.08539210652199028
3982,10,58,0.2770327493166544
3704,6,10,0.44315075774248963
2178,6,15,0.3855825186094422
4442,7,56,0.49947030061913267
4606,7,10,0.5771804316450233
4177,2,48,0.95
4268,9,54,0.4409149677198906
1220,4,27,0.3075338466456855
4868,13,37,0.39120415569313166
2623,13,4,0.257263258700851
3470,10,55,0.24312315509208604
4482,9,11,0.4769213082745365
2008,15,60,0.13678803453735147
3620,15,26,0.19841636479784233
4407,12,5,0.31821926923526606
4596,11,31,0.4513964794749965
4850,15,51,0.22395331411093294
3205,10,12,0.2760893101048751
597,3,52,0.22370791692433417
3687,5,20,0.6303211805504472
4293,5,51,0.6497984619531834
2513,7,14,0.30396882177039053
3900,12,58,0.18452100265111382
562,4,37,0.09694548724305066
2860,11,4,0.15480429069529505
3557,15,49,0.16605820540756067
372,13,15,0.0743338086268625
1250,12,11,0.06073943038860871
3489,4,39,0.7238897475581966
118,13,41,0.08887975038830433
1716,15,28,0.10991902026865638
3278,13,25,0.20727615642780972
4181,1,17,0.95
511,6,11,0.08928544400227104
841,4,55,0.24144698814165885
2771,11,54,0.16208799555225584
2879,15,28,0.17870057076313314
2724,10,8,0.16323398782673626
614,10,52,0.05
306,5,29,0.06632056585705845
1047,14,27,0.07011885307647892
2541,15,19,0.05
1928,15,14,0.062117168576429724
3698,11,9,0.2519867089877775
2267,9,28,0.2313701414341955
1756,4,61,0.43759104366751683
701,1,15,0.5197069104080404
811,15,42,0.05
1303,11,45,0.18488898991742075
1491,9,7,0.2012880960075468
2796,5,21,0.3510038688799031
3372,10,55,0.2627066281639524
3231,13,29,0.22738416157845293
3830,12,24,0.3023163905194915
2766,13,13,0.23353999554736843
649,11,25,0.05
4841,7,52,0.5866803410388495
4082,3,45,0.95
1344,4,23,0.3364407559643421
3986,12,63,0.30207917335842877
4112,10,27,0.36638137115118274
2649,9,23,0.2637635793357512
3304,10,59,0.2756192302183786
945,13,8,0.1198788008837484
4645,1,16,0.95
143,12,49,0.07180410649710287
758,11,31,0.05
4923,5,5,0.7932810686798386
4030,8,7,0.40950775484529606
2967,10,49,0.23797259177066346
3747,7,48,0.5364779081346825
2882,14,3,0.11031764009080462
1791,14,32,0.05
2325,4,25,0.43110286460690117
3166,7,36,0.3654901344040874
2047,1,48,0.95
1465,6,32,0.08351373794805517
3230,9,26,0.2647041212239259
4633,3,9,0.95
4621,4,13,0.95
1067,8,55,0.14241222839946194
1504,12,59,0.12209182307053437
585,5,3,0.05
1855,5,16,0.37990346355716226
3730,15,41,0.16610893946079563
3068,1,60,0.95
1679,6,33,0.26359008174525966
2895,14,55,0.1318444816213675
150,2,12,0.07928879498178201
1759,1,18,0.95
4400,6,55,0.664387581139884
2887,5,62,0.4480726241520917
4728,13,22,0.31140823876634743
2255,5,23,0.3253069677174047
4446,9,62,0.47351214826330396
4330,12,34,0.2946215762166839
3261,15,53,0.1345759109711829
1714,10,56,0.17356058066921626
2836,10,30,0.2893498292165825
506,13,16,0.05
3479,3,22,0.95
4297,1,55,0.95
1484,14,3,0.09050314288044349
3795,14,57,0.20423743355015359
4599,8,43,0.41356082775783715
3002,15,53,0.11301644996095045
1729,12,39,0.05
3362,5,4,0.5899808705545285
1126,11,26,0.08157694056528948
3089,5,14,0.4879719782932032
2324,8,25,0.09953887595145566
3020,8,63,0.34113728643315017
4415,11,32,0.3321877686365096
4368,2,16,0.95
2883,3,7,0.8008615164647379
1513,10,42,0.17720755267763222
4697,10,11,0.31010844252605835
3748,1,10,0.95
2908,15,51,0.09535495226564254
3431,3,42,0.9413301728992014
2278,12,57,0.05
897,4,51,0.19446024421946273
2946,11,42,0.20712093428018125
1029,7,6,0.1214468071826265
4918,9,46,0.4735451922425735
3191,12,45,0.1961064292427769
2362,5,42,0.4712884356867376
1433,12,20,0.0736632888008711
1374,1,21,0.95
4683,2,34,0.95
3580,10,44,0.34911103795580406
3442,2,38,0.95
1317,9,32,0.10925048047252522
1564,10,40,0.09880292613513086
4508,7,14,0.5517153500187566
4274,2,56,0.95
4870,1,39,0.95
113,5,46,0.05
2393,12,7,0.1439573957860492
2145,1,48,0.95
1137,9,9,0.06547479596326182
4228,3,44,0.95
1559,2,11,0.6476560300766924
356,14,42,0.09041038323783554
4229,13,5,0.2553715325158708
4173,6,15,0.6151253691318971
1383,3,5,0.40384154976160547
3587,5,25,0.5572441011668371
2284,10,48,0.2263846522390663
458,14,22,0.05
3891,8,11,0.45535904438934355
4949,10,47,0.5419158477620916
3287,2,26,0.95
4599,12,7,0.3797098076147843
1325,13,17,0.13698746639388235
2397,5,58,0.3775481180748833
377,11,45,0.05
4307,8,29,0.3827239648777666
2086,1,37,0.95
3644,10,34,0.25898196826067715
2893,10,31,0.2115791034047662
491,14,37,0.12428098296284856
1068,11,26,0.05523324422511158
2290,13,14,0.22866201229879388
2328,12,40,0.25915220708515285
2726,13,16,0.1309489393973425
2945,12,39,0.24145283772833825
4464,4,31,0.95
3407,5,15,0.6074410669701186
2700,14,51,0.2191793432310763
2780,10,5,0.14087982436122615
4470,12,2,0.33950263805386294
4938,14,62,0.3286162816428078
185,11,4,0.05
3234,3,46,0.9454261891478137
4599,12,51,0.38125303307246033
2339,2,62,0.95
3464,12,37,0.17546628795350683
2145,3,5,0.6887503669677582
1154,15,44,0.05
3501,11,15,0.19853930372921103
3829,5,26,0.6480795669919595
2769,7,40,0.2163493692021186
375,2,62,0.16028533349947163
4846,13,4,0.3524713757805732
4190,15,8,0.20487820992571235
1205,14,9,0.09820461325477227
4781,7,45,0.5931666485703881
3032,6,8,0.4463985316909565
228,14,57,0.05
4451,7,49,0.5317704706650894
4426,7,63,0.536157528493922
3668,9,26,0.3433080976082964
2502,7,18,0.28962183878375725
1747,14,27,0.19429685128082744
3656,12,55,0.2701182149535933
3991,13,5,0.2766063953055452
2293,6,50,0.2572588285231709
2147,10,19,0.29394256743267805
3204,8,59,0.37773801116207917
4455,7,5,0.5470581571754268
2234,6,18,0.396299749511663
942,4,48,0.13733175266448938
2071,7,55,0.19157994529501
4460,12,18,0.3625420465552645
4003,8,46,0.47985720378608476
3713,8,26,0.29407197951416864
491,12,59,0.05
2379,12,4,0.0895006947427393
1000,4,13,0.256750225903214
4783,10,28,0.4033682662702178
2594,9,18,0.26316189238444865
1252,3,55,0.29580421981519833
1394,9,23,0.14221409028156326
565,3,40,0.07978714611370308
2275,13,40,0.18708723249059542
3345,7,59,0.48816840978987097
587,4,44,0.05
3038,5,49,0.5752571787417954
2726,13,37,0.1698318472096736
1049,15,17,0.07602250436024766
4601,3,38,0.95
1149,2,52,0.42540702821702464
4175,12,55,0.37364243236140293
4559,8,30,0.44360473114351523
1490,14,15,0.16579344094799847
1183,7,8,0.18081320257732036
4746,7,42,0.5534438877442521
1758,8,58,0.26881856581014374
4487,13,29,0.2856791097127258
1917,1,14,0.95
290,12,17,0.08298238859393084
560,8,22,0.05
2621,10,5,0.17999369336810966
3576,12,40,0.2387042528089471
2805,14,63,0.1583877159363194
4466,14,36,0.2889403513680235
1257,5,53,0.12417346363687676
4366,8,16,0.4526830104792329
127,9,58,0.05
4331,13,54,0.32103038160667696
3072,2,27,0.95
3124,3,47,0.8169178897807552
1364,6,8,0.17322935064473083
955,9,19,0.11583005253796531
4125,14,26,0.18573491033090475
1351,10,38,0.09880906627172778
4704,10,22,0.3695749449073026
3970,8,53,0.3368365667360831
1426,14,9,0.05
1125,13,60,0.1466598204623747
461,6,21,0.10469487175512011
1318,5,19,0.2702831165680499
705,14,54,0.05
1770,13,20,0.12085318946594767
4911,3,53,0.95
2397,12,4,0.24529070909585637
2294,4,56,0.49752678575290044
4543,13,63,0.25779087585635313
1377,13,39,0.12140014005830882
498,7,19,0.05
2272,7,28,0.2261684657484478
2910,3,16,0.8136115980974911
2752,4,47,0.6055775541888174
3039,3,57,0.87892020897737
921,15,22,0.05
1044,15,23,0.05140664864561274
3578,2,9,0.95
2879,6,12,0.43433621407044715
4529,7,44,0.5657350074091838
4550,4,13,0.9431972111033557
1296,5,49,0.18430186536192888
1312,8,40,0.1561187963096182
923,9,28,0.09027118654064613
1996,7,36,0.3130248204779865
4363,10,3,0.36119824951113594
2515,14,36,0.1389450513579606
635,1,32,0.4876625286692031
3110,11,9,0.3119776620420755
2727,14,21,0.16646522206656245
3877,3,9,0.95
1049,11,5,0.16500146045629233
3608,5,32,0.6594326439212486
4402,3,56,0.95
643,15,33,0.09575978627092482
4000,1,14,0.95
3853,2,23,0.95
4324,8,27,0.5260479384261232
2182,7,18,0.2308383178936639
2966,13,30,0.22801737857439205
2346,10,28,0.16981630722720525
1936,3,57,0.6514592973053785
176,4,23,0.05
468,14,19,0.07307443806841402
4721,13,6,0.31040539548080204
448,3,13,0.07188826224141218
4701,13,3,0.2970414060881357
4838,4,43,0.9376631759596532
4433,8,8,0.47661651075289485
1555,9,48,0.1336220140466252
2285,7,60,0.20259513298589815
3911,9,27,0.33948180269435657
3372,14,55,0.14654243167931763
3782,9,40,0.3273008456202608
1946,7,16,0.2241192268225277
1954,7,49,0.2689145270784667
3085,8,55,0.27746487278281406
4550,12,59,0.2748020776341318
2725,10,34,0.2441115666353735
2994,12,48,0.21096890862308368
658,12,4,0.08325730678828672
2996,3,43,0.8219475842058783
2017,8,49,0.23765796592537589
1354,1,3,0.95
1781,13,18,0.07746358180909467
1914,15,2,0.10800697576650085
762,6,37,0.10037322007687735
4216,2,44,0.95
3425,7,18,0.45174840506960223
1341,13,3,0.059625146757159
3243,3,34,0.9158568778111326
3137,11,30,0.22598093648715192
261,10,61,0.05
4325,5,61,0.745290220982459
2050,10,7,0.11579873762491964
4420,2,44,0.95
1881,1,37,0.95
4775,5,25,0.80315063143458
1577,9,12,0.16479156726549427
3130,15,6,0.1821885977747612
4086,9,31,0.33932259941336146
206,7,11,0.05
2768,14,38,0.17324338668791162
1264,9,28,0.11306975625159853
1257,4,28,0.22888357439838294
2346,3,25,0.617185408065904
766,11,60,0.054582084840312774
2226,4,59,0.3940950143511259
3041,15,55,0.14412674624782806
611,7,55,0.134996339523896
349,8,4,0.05
988,2,62,0.38908373597105966
1123,5,39,0.1643394763262026
4794,5,27,0.9192443357916257
4948,13,46,0.3154672434466885
699,9,49,0.0915906482577402
3122,13,40,0.16402267522654282
2630,13,19,0.19317420428964654
2983,15,4,0.09698878912449409
2164,13,39,0.11878007761988772
1858,3,43,0.5017129807371885
3669,12,49,0.14699220192035872
1342,6,26,0.20970958991152283
4429,15,14,0.22100661439049113
2395,10,26,0.24064470524388784
2025,12,25,0.1277875827000979
2162,5,57,0.31152072125099994
3495,2,42,0.95
540,2,60,0.21813627592516546
2843,4,17,0.5943356047471622
106,12,44,0.05
1686,4,42,0.3620578591217348
925,15,43,0.05
3924,7,12,0.38198755576719046
1368,14,62,0.05
3536,12,58,0.2363043100823815
3538,14,22,0.20939228797679363
1410,1,32,0.95
4133,11,55,0.4171613666943246
1727,6,16,0.23394884993118192
1136,11,54,0.10781477296210032
577,13,46,0.05
2778,9,50,0.22353717751159002
814,2,37,0.32841843142125404
1776,12,63,0.09324460276976128
2262,5,44,0.33929895367933316
608,10,62,0.05
481,15,2,0.05
1280,11,29,0.09752949227228745
1945,10,34,0.169440848756172
4470,4,4,0.8740564304363593
1818,4,56,0.3963763462850643
1200,8,16,0.12072643004218252
1960,14,34,0.10639160012206263
2191,6,33,0.3207071402751319
817,7,24,0.17254699992984368
417,11,59,0.05
4729,12,63,0.28181240235645
1876,9,27,0.1995148581128003
2384,13,62,0.1799962342209802
1344,3,49,0.3864619231600678
1433,11,18,0.10708285499892757
3769,2,10,0.95
1300,3,6,0.3038005735476572
1894,15,30,0.08607306633761047
2801,8,7,0.24066469964697926
1554,13,48,0.13998402127551046
2033,9,61,0.10958667354817234
846,10,42,0.06749788319726117
940,5,60,0.14940007060604177
2595,8,36,0.298344718086646
1188,14,52,0.10665558893933222
892,11,22,0.05
1367,7,46,0.22711172905609434
1650,12,46,0.061907441456281256
2790,14,24,0.20917967231051346
392,12,36,0.05699467668492806
4122,13,53,0.17341462570117322
1504,9,47,0.08623996252200077
1748,4,3,0.40934376311827575
2916,15,58,0.17032799109375185
4010,13,43,0.2602796082211384
3018,10,10,0.12213241641707132
1497,3,14,0.4072493184892019
1793,9,44,0.132579380390218
1137,8,35,0.056255287260068614
3952,15,17,0.2536072642336459
1662,7,6,0.20006694007439282
1212,1,2,0.95
1391,2,41,0.5414006740901505
1261,9,23,0.12207708178320166
1129,5,49,0.2113074790959373
4437,1,47,0.95
4357,9,59,0.4300851958009817
2839,1,27,0.95
1078,8,35,0.07013340898793255
617,5,51,0.11987426415542612
882,14,59,0.05
2931,11,22,0.22713473494561648
4280,12,8,0.28914244571525927
237,6,26,0.07285436135077182
853,1,58,0.7469359551002547
3053,2,13,0.95
4908,7,32,0.6082393957864407
2555,2,48,0.95
2934,5,28,0.5665614152934275
679,11,23,0.08095306003087445
3355,9,35,0.3848686442612275
3366,5,55,0.6138103184217415
4749,12,18,0.3088483616349079
495,3,60,0.10960819855635753
2037,11,12,0.17892380343728687
2689,13,30,0.11271712891418609
3134,6,35,0.4176488784190019
269,7,61,0.05
2437,10,52,0.20182407581924416
3339,14,38,0.09261205237205876
3515,11,59,0.3732622952925699
3668,10,50,0.34070562442644525
3316,11,49,0.3029650692785859
3584,8,61,0.38106780623197634
4935,15,27,0.3341558925203221
1941,3,46,0.5672059888241295
3860,11,63,0.333681442057753
4652,4,46,0.95
3126,10,46,0.3283834861129822
4065,4,33,0.8119301109337125
1701,2,38,0.7868195142237596
1246,15,6,0.06118208629184363
4426,7,21,0.4869021731493218
2784,12,52,0.21521482312636186
211,4,8,0.05
692,4,44,0.11988174392982806
2539,15,24,0.12722874219203503
1338,15,2,0.06340503257216935
2894,13,40,0.23411232518320163
2514,12,4,0.21592333738590908
2229,8,46,0.21671795772048236
2953,6,4,0.43223542242580926
2969,6,7,0.5177589120468251
3698,11,32,0.21985532255005558
3903,9,55,0.3111566931059945
1626,4,28,0.341127941191836
2069,9,30,0.32714657775860767
1051,1,16,0.8346050575929165
1602,11,37,0.09213443952564447
4567,9,6,0.45085559784909357
3436,15,4,0.2382908358597513
209,1,52,0.17453156428246672
4086,15,26,0.2383924203035782
2454,7,33,0.29142940779864335
325,6,22,0.05414296219539451
3111,7,49,0.2977709665063241
4226,9,18,0.40001902034304215
713,10,10,0.061215005858394816
198,4,27,0.05944584723124105
910,12,23,0.05
3437,9,42,0.3432798751311967
2799,3,47,0.8181335437059389
1119,10,60,0.21948208688227602
3125,11,24,0.2133466628673566
3628,11,12,0.2259071324339438
3986,9,59,0.3778802813700419
3079,13,11,0.22333175326512608
3440,1,24,0.95
896,14,6,0.05971532307388007
2057,5,56,0.3151178516067585
3166,15,27,0.09791338631106544
3120,10,5,0.32226725084831925
2780,5,44,0.5440117704498156
4541,1,28,0.95
4919,1,39,0.95
3048,3,35,0.767567018853031
3831,9,63,0.33487021369398134
1201,7,59,0.1600739885798141
1137,6,4,0.12568352642029965
4331,9,51,0.4386197482005311
891,4,33,0.13862659435896718
4274,4,62,0.9218396156322375
1878,3,27,0.5371365939705312
4900,5,19,0.7995109336455268
1081,5,8,0.1675063366478222
1365,12,54,0.13035732297349656
843,14,46,0.18630460205289046
2531,10,14,0.2046097313089502
474,7,7,0.1061693567623577
1853,7,36,0.30212230951370556
3997,15,32,0.18911611271735093
2636,6,43,0.321840121177968
2091,4,54,0.43615476292799005
3028,7,38,0.36934631649277183
3546,14,44,0.23632505678945667
691,2,5,0.24807558347684008
4728,13,43,0.3403495779961984
2669,12,5,0.1295494901799738
2972,9,61,0.27427486509682864
1276,7,46,0.167666067289661
1435,2,9,0.5293115697978783
4793,10,39,0.42079275484048423
212,2,12,0.07705476396972494
3872,13,3,0.2254636084042716
1945,6,19,0.2854569281880267
2087,11,19,0.08504094707231413
4929,7,23,0.6068667586680092
2085,9,13,0.13296905112655022
3392,15,18,0.20613710232653198
3342,4,52,0.7016464198160486
352,8,18,0.11182014706211825
223,14,37,0.08849106323152102
1336,10,30,0.14983636139446838
723,15,50,0.05
3256,13,17,0.2081001493728668
3236,2,42,0.95
3489,6,12,0.39474657918359046
3517,4,45,0.7866058768385605
1755,8,44,0.16114723524876912
1366,9,46,0.08224268360989506
3045,2,23,0.95
1260,7,31,0.15658250625035341
2394,7,9,0.27169290099221743
540,8,47,0.05
2192,13,19,0.10381715178802084
2805,5,47,0.4805463787931918
3859,11,17,0.29469182932110316
653,13,48,0.05
1212,3,55,0.2918836036534956
2877,1,21,0.95
1933,4,40,0.3645766575830258
1414,3,9,0.4383955662067845
3593,2,31,0.95
3238,6,39,0.42512329452785474
3212,7,30,0.36181012162796017
198,10,14,0.05
4025,7,18,0.4318085981042096
1579,12,41,0.05
4496,8,44,0.43170361906027593
1322,13,18,0.05
4683,14,10,0.22491219956537076
1104,2,3,0.4053356549397966
576,14,60,0.05
1235,11,43,0.05
2956,12,55,0.20984920259622977
1805,10,25,0.14403800150662277
617,13,22,0.0748478635630134
1320,6,47,0.19824863821334301
2606,13,3,0.18009089269310646
4425,6,6,0.5640324983211353
1291,10,18,0.08614506058984674
3980,12,25,0.1996131541365313
3343,1,9,0.95
2077,2,31,0.9322673934679817
2342,13,51,0.17235258812470886
3190,9,23,0.2337169676191128
1987,8,60,0.23824226470574406
4659,12,25,0.2995642859239089
1073,13,27,0.05
165,4,62,0.05
3006,6,9,0.46805742046087195
670,2,13,0.26767974644178777
3992,12,15,0.28197619829807674
407,5,31,0.05
3508,2,56,0.95
3842,15,36,0.19934007233061693
882,13,62,0.05
4316,5,63,0.7277137941723434
865,7,32,0.08872061995786445
3575,7,29,0.4521319460722454
872,9,47,0.05382904709277934
3957,3,28,0.95
3285,12,37,0.19049361770985845
639,4,2,0.05251455064744205
2149,9,42,0.2516307082806959
3383,14,15,0.17693757999902124
4775,8,59,0.45082803831226936
1763,12,11,0.14767421539514083
1147,7,51,0.13630609727402804
3936,8,43,0.3430242380686163
3539,9,8,0.3162447367900737
605,12,41,0.05
3347,4,15,0.66301263522874
3600,5,37,0.6668558029571963
2010,9,28,0.13234350960067637
832,7,12,0.0626724002171268
3613,14,43,0.22454967096337472
1671,4,50,0.2938201325830107
4709,6,38,0.6173944901560665
3042,11,43,0.2815117092211773
4556,1,11,0.95
2421,1,55,0.95
3435,9,8,0.28188327850113276
4722,15,18,0.23610230267398208
4474,8,62,0.472537767014697
2853,15,53,0.15840426186850384
1472,13,13,0.06390312716769005
1544,1,38,0.95
3476,13,38,0.2686594996953263
389,15,56,0.05
2165,11,37,0.1630448924482798
163,2,59,0.05
4045,13,8,0.2848735686099705
429,4,25,0.05
4958,1,35,0.95
2063,2,63,0.8537239906711703
3188,5,2,0.5158418796785913
2590,8,30,0.32877933855322766
240,6,27,0.06840875997359716
4639,15,11,0.3276067583260657
2573,6,2,0.4022412472738636
4003,4,46,0.8036444924114604
549,2,18,0.20365643024113275
1925,3,42,0.5461969926267815
4546,13,37,0.27483730164210385
4794,6,10,0.7137988529014622
4906,6,40,0.6341953104649201
969,5,24,0.15460978754753513
3664,6,30,0.4901017333491855
3759,11,3,0.26494868062832333
3702,6,19,0.5127035967302197
492,13,29,0.05
941,1,54,0.7641166102161107
2548,6,48,0.29842328180787053
2891,5,43,0.47902120294619427
3053,8,50,0.2821716966486442
1458,9,8,0.09781911879853797
1090,14,12,0.059152135748920656
1138,6,8,0.1708425663618972
127,13,44,0.09385726875328874
487,12,25,0.05
932,12,56,0.10047975892781646
349,10,57,0.05
2127,4,16,0.5169302044005684
1628,3,32,0.5499578501119426
4293,10,52,0.3088278473651893
1938,12,20,0.14143017115203574
1460,1,57,0.95
3209,7,58,0.4515570929114684
1423,5,11,0.19063801193470123
2326,4,49,0.5351557271186599
3780,9,53,0.3520299316899162
991,7,9,0.05
1405,10,2,0.11299967830781198
4648,13,3,0.3317547065886754
4292,8,30,0.5152979191208761
361,4,43,0.0832619533007794
2440,10,11,0.19999034808233937
1893,12,43,0.05
2396,10,10,0.21638760124450163
2392,8,51,0.21695124536930482
2270,4,32,0.45839471210040844
424,15,33,0.06781324701403639
1085,1,3,0.9309868894613774
4882,11,25,0.3934801795814601
3952,15,38,0.17503835117243796
1839,8,54,0.12091013752993693
1960,1,44,0.95
3237,13,7,0.14470309589629496
3998,12,9,0.3319156812531775
935,3,41,0.26895225609539886
4254,7,26,0.5989366285160428
2878,3,43,0.8216363732120461
1496,13,44,0.16698953840539862
1776,8,52,0.20643955544519285
4431,5,26,0.7938444660419612
4413,3,47,0.95
1937,5,12,0.3855611077392367
3821,5,36,0.6801735920822232
3772,8,2,0.3235805338786358
3122,12,61,0.26163137708075557
4784,9,60,0.47697544630242994
1771,6,54,0.14946996794158104
1016,10,24,0.0779812911882695
1017,3,4,0.3351968776295734
1233,2,42,0.40508152302977796
1936,11,2,0.18034343002397585
2238,3,55,0.6402120196102107
4107,9,45,0.3828345668505267
2005,7,13,0.39696976139437956
4089,15,39,0.26324841371603513
3585,11,63,0.24485644443580457
4897,11,62,0.35644664540386095
2220,9,41,0.2507180968034266
2832,13,32,0.2119341732500027
2869,15,30,0.14637648455454802
1421,6,36,0.24761447772555378
3816,8,29,0.3454925578954383
3454,10,22,0.3324458126550895
1628,11,12,0.10044709180711284
4843,9,27,0.48123062318266013
859,3,12,0.3291609449114883
3512,7,6,0.325270387828595
1457,9,57,0.11724204505310139
2290,2,8,0.8450510313684058
3581,12,52,0.280434199493841
1048,7,32,0.1829011905850032
2179,5,40,0.3299693921697505
1866,8,43,0.21642402044623144
127,4,9,0.05
2570,1,54,0.95
2638,11,28,0.232503370890562
259,13,22,0.05
2992,15,31,0.14357917824813787
4213,10,15,0.333055843256497
3822,8,60,0.32362978097580086
3831,15,2,0.10638487285912004
2571,6,46,0.3553109768553773
4950,13,25,0.40271125840414956
1670,8,62,0.12519231125333732
936,3,7,0.2306613650733871
4038,8,7,0.4237423446906372
2386,8,54,0.23157378265809736
3505,12,6,0.24186653156897978
2770,1,63,0.95
4212,4,36,0.8878421648912173
4847,7,45,0.5291321993550857
4455,13,16,0.23275799473071318
1727,14,36,0.11344054419827768
1966,11,49,0.08112846102910266
304,1,51,0.3075011727988054
3679,3,42,0.95
3274,3,9,0.95
891,6,44,0.1491431375822886
4192,5,36,0.6949918985258751
3847,12,6,0.31765381387764946
1205,11,32,0.09014356531483958
1190,15,43,0.05
1707,7,32,0.12069662463656432
1939,3,38,0.5311590485710587
3497,11,9,0.22477925702842966
166,1,7,0.10115400160628113
4879,11,24,0.34457198195931227
1378,15,54,0.1024615708755095
4258,3,17,0.95
913,8,45,0.05
502,5,50,0.05
2102,15,9,0.13809273689963342
4266,3,5,0.95
3025,14,33,0.15302699047345805
3093,8,54,0.29829240653570765
1186,6,50,0.20815672732617063
4440,15,4,0.23914353090014145
2666,3,51,0.759213145732198
4588,14,17,0.2846485986937626
871,5,61,0.09518646120641919
3772,1,35,0.95
3348,6,14,0.4732639873503551
1769,15,34,0.06969574514583375
1656,14,23,0.08150873590802024
3058,12,32,0.14359901574377038
1251,13,25,0.12011547953970401
1317,14,4,0.08784827331661613
2331,9,34,0.22231355103042388
4442,12,31,0.31253024586721107
4044,7,27,0.5007925843884911
2142,15,35,0.05
805,11,52,0.19835230995507705
2769,13,23,0.2133590693248029
2213,8,31,0.24863900587639906
3077,6,36,0.5198013238066876
4449,11,26,0.35458802040172355
4478,5,29,0.8426190371794623
522,15,34,0.13502768543178761
2121,12,24,0.21547174992434304
3893,6,27,0.5404809524173254
4231,7,57,0.5002856136971843
630,9,10,0.05
190,8,9,0.060301815831675695
3472,5,38,0.5272172408627022
2042,15,34,0.10593353435027006
3905,7,16,0.35564214536166316
1340,8,50,0.0874219099134699
1858,1,63,0.95
197,8,48,0.05
1579,11,9,0.1700015051820627
4726,7,56,0.5664848691805543
1932,11,22,0.11861331827911337
2685,12,59,0.15699104021204655
3747,12,4,0.22752928929733354
179,2,10,0.1762864463182675
4809,2,53,0.95
2323,12,15,0.1806336127609924
2669,6,39,0.3590359890066122
1872,3,28,0.5497718849900131
4618,1,21,0.95
1223,15,58,0.05
3911,8,5,0.43004555920854054
3574,7,63,0.3920279013777618
2723,4,25,0.6009730450119581
1503,14,28,0.11582310677648404
2678,1,13,0.95
431,2,29,0.16883214349451536
4848,9,36,0.43966831932720074
3708,4,25,0.8134433817972491
839,3,32,0.2589618247864382
4706,8,60,0.5687594095427159
141,4,4,0.05
3978,7,31,0.40165384900536694
2049,15,28,0.0961302314489372
3560,13,54,0.216871527204985
2228,14,18,0.1285582469122051
4597,14,7,0.3496843096640831
2254,14,48,0.15097633844424488
1337,5,44,0.23382981615069132
1866,5,19,0.28339823669856806
1941,11,61,0.13974288925082182
605,6,36,0.09121737557500856
1941,12,28,0.12756295924475541
4915,13,18,0.32339353369539
1494,4,12,0.332032972057268
356,2,39,0.19427762042565894
1820,6,38,0.29878885500763647
1171,13,43,0.09349357300248037
1722,5,35,0.35004155736778975
2166,3,48,0.6177911176901325
1169,4,33,0.20441920495162208
550,3,44,0.07250808976536272
997,3,57,0.3459330549331626
4936,4,58,0.95
3828,2,47,0.95
181,4,47,0.11226865843856432
836,10,36,0.05
4274,11,29,0.2820956901581615
4044,2,55,0.95
2307,14,23,0.15910493044514745
4048,10,17,0.32459675140208094
2102,8,47,0.23417939654640277
1791,10,43,0.18653225531303883
1279,5,55,0.2558777716508909
3035,13,41,0.26828376705849966
2615,7,13,0.27948844854562394
561,11,6,0.1022041967848829
3001,4,27,0.7235159664597963
216,10,27,0.05
1754,6,14,0.3205369286809987
4661,13,25,0.2898751919798279
1898,12,45,0.14168470315058565
759,14,4,0.07126884300907965
3337,10,33,0.28710271973078405
2222,4,24,0.4281168612009271
3919,15,50,0.16344092772706598
3443,6,53,0.5273585677992209
2650,1,38,0.95
4990,6,56,0.6091523360523475
1686,6,63,0.26930699118789225
4782,2,39,0.95
2847,12,46,0.17145404672704326
734,10,39,0.07999665645980047
2982,10,14,0.2010366420086951
2911,9,16,0.24900917811268677
4553,15,3,0.21232805635896695
4115,6,12,0.6162118658630381
2839,12,17,0.1815314697632497
1984,15,19,0.08640837108911648
1618,11,35,0.08784659855270467
721,13,11,0.08360639283343915
4677,7,14,0.5880623364361546
1637,2,33,0.664120921556903
2437,2,61,0.95
2094,2,9,0.7276248502377011
2170,10,8,0.13917454498845727
2465,13,49,0.2181974214995367
2945,11,18,0.21158129467059983
3138,9,42,0.23382324795916845
954,3,28,0.35321961251758427
2828,13,60,0.0999269259600486
1015,4,9,0.1503060982594795
231,1,30,0.1488541454439856
1216,1,58,0.95
3693,4,53,0.8372156354146767
960,14,38,0.05
393,2,28,0.27998068349331184
2788,8,38,0.1933667961854975
1099,13,60,0.12075913971431063
2396,4,58,0.4793692221022982
3785,3,25,0.95
386,3,46,0.08392943224910744
549,6,17,0.06182638869891795
2438,12,27,0.21386031442209735
3340,13,55,0.18129575365589445
2803,6,32,0.38946804325656764
3216,6,28,0.5013502609009342
4671,6,27,0.5432982447806285
352,8,44,0.13911201411308705
1519,8,16,0.2195867108773304
2436,9,59,0.2504898485142946
1335,1,50,0.95
1099,10,16,0.10436790336453314
3860,8,24,0.37253978655484715
4216,5,26,0.7462882820901321
4511,3,45,0.95
2711,11,5,0.15617517359928398
1546,10,37,0.19338785563114969
2270,3,54,0.5877158767695289
3021,6,17,0.4649856415906737
3783,8,48,0.3865509537374243
2361,10,41,0.22586114667912296
2045,2,60,0.8047215153293286
1953,12,22,0.08695720186588973
699,9,53,0.10330786703374767
4987,5,41,0.9085726411984492
4235,5,44,0.7664599704771891
3503,1,54,0.95
3090,6,57,0.37403742787429956
4843,13,18,0.20237625805260556
4377,11,4,0.42651970240646253
4460,11,8,0.31102046547390605
2918,5,13,0.5529184309688951
962,7,2,0.1438643019667364
4627,7,44,0.4458423917965223
4155,4,38,0.857494847184616
1319,5,7,0.2430212757060323
3895,10,47,0.24116083855470483
4704,14,61,0.2604828700138608
4642,8,62,0.42965667151143067
627,2,50,0.33245942863509975
3022,1,24,0.95
3304,14,26,0.21881705639325322
1262,6,26,0.13385532066871964
4864,11,4,0.335166197292351
3664,14,5,0.2101175288056355
946,4,31,0.20247530214514756
2217,13,34,0.1446078642740087
3186,10,30,0.1818401746991556
1870,3,5,0.5654305510058588
3383,7,15,0.4801281771755533
1925,8,22,0.2097895046013248
3423,11,8,0.25291445169327914
545,12,22,0.09314268660606098
1125,4,57,0.2620638537883032
1871,12,8,0.1297982402776251
1459,12,2,0.07977464962691513
118,15,61,0.05
660,10,35,0.05
571,12,24,0.05391945482732172
127,11,4,0.08465487416487691
659,11,19,0.05
2755,15,44,0.05
3336,6,13,0.5060495577033668
4653,13,15,0.4079947177697875
1044,11,42,0.17963829222699274
4048,11,29,0.29670371974176785
3756,15,43,0.24248170280435616
3163,2,46,0.95
2079,8,25,0.1463590013177824
2816,6,25,0.30211318273987736
915,11,4,0.06007008385651241
2426,9,60,0.18118178822264702
2430,11,59,0.20155817118577907
1102,13,10,0.05409836992437034
1642,13,25,0.1981401565202784
4304,6,61,0.6346425865787273
1329,6,3,0.17823033500739638
3405,12,56,0.13524825277694683
2629,2,41,0.95
1530,5,29,0.2718991775055527
4012,9,8,0.3616497005755864
1632,1,10,0.95
1992,4,46,0.3898362175723762
3224,10,40,0.3450012275404281
1521,10,61,0.1963543884549092
490,14,40,0.05
2918,3,34,0.8334895007895574
1969,1,35,0.95
3060,1,63,0.95
1295,15,22,0.05
2705,1,62,0.95
957,1,30,0.7491354968330821
3327,15,28,0.15896342631403174
1616,13,63,0.09571821448201344
1253,2,18,0.51303682564412
942,11,61,0.05
1782,5,43,0.28094623770925103
394,2,48,0.06913893357062909
744,4,49,0.188356276575199
3733,9,24,0.34188454758534703
2235,3,54,0.5504645924013329
210,2,46,0.05922690798942211
683,4,22,0.05
3325,9,9,0.25159254552617166
1586,4,10,0.2454655882117679
4964,15,59,0.3914139735868033
1748,12,34,0.1360989178079863
2481,5,59,0.41637738599197405
205,4,5,0.05
3653,13,60,0.24924283607314218
1794,8,19,0.1956915588604098
1833,14,33,0.14916898377312532
481,13,31,0.05
2836,15,26,0.1283322891898929
4456,15,58,0.21704960508410245
1416,4,34,0.28317729428867777
2802,2,36,0.95
4174,12,43,0.35608358539557816
4904,4,57,0.95
1006,2,35,0.40991248579832623
762,9,51,0.195967360791025
562,11,3,0.06800112580679732
3002,14,14,0.20811354956648695
4780,8,54,0.5399118063062592
1042,9,63,0.16050220267329543
257,4,42,0.10341800507129334
3409,1,24,0.95
1426,3,62,0.3790579889000132
2817,7,24,0.27047555920236466
2768,1,32,0.95
2668,11,3,0.2507238416520571
3492,8,3,0.4151155165037193
2206,9,6,0.21854804271266776
4899,8,61,0.5431959719254793
747,5,15,0.05
3422,12,24,0.21714215585063637
3038,11,56,0.20506508827143258
2583,14,58,0.22738863155083022
4341,12,36,0.3191906146846424
3006,13,47,0.20860223400608896
3125,15,2,0.10710530978558112
1475,9,42,0.07336562730574002
1923,4,49,0.39099179104135395
344,9,50,0.07063520727312608
2448,1,41,0.95
967,12,63,0.1408708968732655
2961,11,16,0.18578285065889608
579,3,31,0.18813874493721489
2562,4,22,0.5003645507544636
2035,11,9,0.21715096130475864
3473,10,8,0.3859601473849459
3121,1,42,0.95
3292,12,35,0.19781086274280327
187,6,58,0.05
1340,13,43,0.0507272252656936
672,15,38,0.05
913,4,49,0.16206441750974848
278,4,54,0.12269435996818379
1825,1,33,0.95
262,5,34,0.07186689471656581
2740,9,7,0.1919862438392354
1105,6,43,0.13718538351033346
2448,15,11,0.1673899993211343
2521,8,27,0.24111125394480037
2855,11,59,0.2325497954341266
4398,4,52,0.8966224885422964
4242,9,46,0.45306390240793626
4658,7,27,0.5557470255284013
3841,14,20,0.19863372880445457
4603,14,36,0.2899183898043785
1317,7,46,0.17284323010899097
2574,8,5,0.3165596265471943
1029,2,26,0.36801688340764704
416,12,62,0.05
1602,6,9,0.2345982399934331
520,7,13,0.05
4458,3,55,0.95
1549,8,25,0.17361633245080413
527,1,25,0.3939728705779568
496,1,18,0.4274849329111181
895,10,26,0.05
206,3,34,0.05
4149,6,28,0.5756734307729808
197,7,3,0.05
2003,2,10,0.8029288977937531
3670,14,56,0.22389855909422596
3401,6,59,0.49714466660289713
142,12,34,0.05
1677,5,20,0.3221582784577487
4290,15,63,0.19135760729100712
4383,6,50,0.5810448560387502
484,1,6,0.4778224051744117
3571,14,48,0.1733152638166548
3677,10,21,0.3057310992042099
3338,7,25,0.3592697724655618
1796,8,58,0.25950672208568026
2234,14,32,0.09067829878329414
3992,7,45,0.5596557540935598
2636,9,5,0.29825694272876235
4421,1,33,0.95
2492,10,48,0.2508364902943471
4713,9,36,0.5343306171190816
3915,11,15,0.2699835453760482
395,11,37,0.05
513,13,52,0.05
2095,15,7,0.07758817426251415
103,3,18,0.05
277,2,19,0.1299013416958306
845,6,9,0.23025731190149848
4454,11,52,0.28400518030439126
751,5,53,0.12426604230868693
3989,15,13,0.20323471430482243
3371,4,18,0.7307075544503889
2582,4,32,0.5670451657213228
389,8,52,0.05
902,10,2,0.083872094995972
2630,13,12,0.06475458615505421
333,3,43,0.14908383744257592
507,13,17,0.05
793,1,38,0.6152304846149055
1269,5,50,0.23345817818029557
4757,8,29,0.46275366352420183
2577,3,10,0.7344308590810977
531,2,56,0.31177455306152596
2644,1,60,0.95
1082,13,9,0.05
3260,4,26,0.667718690232921
3144,11,11,0.17867614436976476
4024,2,41,0.95
3412,14,4,0.22818036060776886
4973,8,56,0.476671336857333
4418,11,24,0.3508789712437081
1788,13,63,0.05
567,15,24,0.05
2716,10,45,0.29066460089825863
1445,12,57,0.13634112681864127
2522,9,5,0.24764135778877452
4607,13,60,0.3482762854328879
4821,10,55,0.3798473431860796
1111,1,51,0.8179231180617644
1777,15,24,0.16830592536343808
3797,2,10,0.95
4997,6,54,0.7111914430302388
4166,13,5,0.2724333640047998
1992,10,35,0.20756215758977137
2969,12,40,0.24767434815556286
4450,7,19,0.5216128291532672
1586,2,35,0.7266085417312365
3439,8,58,0.3972150001900291
1516,13,35,0.06807889506275765
4957,10,43,0.5287449816900663
2946,9,4,0.23412174946683842
1457,8,20,0.05444206804361758
4160,9,35,0.31925603595691976
4760,15,27,0.324279130243615
1491,6,36,0.26905915882040127
1678,11,42,0.0793087879332435
3849,7,44,0.428855524722599
3725,6,32,0.4885260457019295
2603,7,44,0.35271882440205954
3237,3,28,0.8404285263206629
3009,4,4,0.67620909270227
2764,9,38,0.265508391075887
499,3,13,0.11156043484844382
4482,2,48,0.95
4057,12,24,0.2703117649605608
2333,13,18,0.13914025137282224
1639,11,17,0.09001181663875027
336,7,63,0.14496601850560026
1027,6,18,0.17157965044622653
4609,3,16,0.95
519,6,27,0.07982378297125385
4224,15,46,0.2493445624907318
2495,7,3,0.28156700407412427
760,6,18,0.16229280218537934
2723,1,2,0.95
4050,12,31,0.24813993531235568
549,14,33,0.05
479,1,31,0.35567603198244374
1350,9,43,0.11662780234375006
2559,6,5,0.3582979398393073
3098,12,43,0.15679002549635962
4551,2,45,0.95
2401,15,33,0.24415124827872703
826,11,61,0.0627602129473654
1567,1,36,0.95
2828,11,2,0.22392813659076433
3252,12,20,0.172383681556657
3620,2,34,0.95
3454,8,20,0.33582815709092034
515,5,37,0.05
699,7,28,0.05351631316145439
3174,7,14,0.3441607938690566
4274,2,28,0.95
1667,4,47,0.3693451171111212
1194,2,15,0.5266472748475647
3043,7,25,0.29650646820903337
4253,5,36,0.6952205658838277
1547,1,20,0.95
1592,2,62,0.6379031554664634
2771,6,26,0.42483533049707073
1558,14,12,0.1706055566617385
1308,4,10,0.29612186078341196
2312,7,7,0.2753007510360358
1454,15,59,0.05
312,2,37,0.05671108477851931
3994,13,59,0.2160788047949359
4702,12,38,0.36349546860544046
3063,2,30,0.95
2948,12,10,0.2663621790560043
3142,6,34,0.41700106678417903
3134,8,24,0.269562342165164
1832,13,16,0.12845025478016364
3181,1,12,0.95
1370,5,24,0.2713901769418975
4968,1,27,0.95
1629,15,2,0.05
1181,11,31,0.06318262395088434
3631,6,18,0.4251073117734685
1251,7,48,0.1878265825595709
1822,6,47,0.30503661098038104
816,14,42,0.05
4299,13,24,0.3535342497083181
2290,9,37,0.1698953193215484
304,3,42,0.06873856556647644
3929,8,61,0.35505916188082165
3209,3,6,0.8073986606982517
4194,11,36,0.33646717954476413
1432,15,51,0.15439182169786259
2148,12,10,0.1265857712792715
1949,13,5,0.1250745061836964
4942,13,8,0.25433740186580533
1337,7,2,0.13019648242421258
2118,14,17,0.05
617,13,58,0.11439290918451911
1538,5,61,0.1962961819741284
4186,12,26,0.2906167174736135
2152,13,59,0.2171149777104241
4468,1,7,0.95
4617,15,39,0.25133170003333893
2412,11,15,0.19873383514451304
2359,12,55,0.09979409596244715
3249,4,38,0.5857702379605627
881,14,12,0.06409959751092885
2813,13,2,0.18640404644975173
1344,11,53,0.11741563267805805
2516,15,43,0.05
1075,9,2,0.05
3591,15,54,0.20527242058913772
3525,8,62,0.35880601829232084
516,3,37,0.18864669929080896
314,15,9,0.05
4078,2,33,0.95
1235,11,34,0.1500089884501777
3875,9,9,0.38939185478027744
1682,1,15,0.95
4623,9,25,0.444352321537283
832,12,50,0.0791589224603814
2846,7,42,0.39877702482055444
2363,12,30,0.14632339117565143
4608,2,26,0.95
3904,11,7,0.22605747060193052
2527,5,2,0.40217971170323885
331,14,56,0.05
4453,2,24,0.95
502,15,42,0.05904342915814285
4965,5,34,0.7914877271766061
164,7,15,0.05
2337,5,57,0.36455213260623537
1049,2,63,0.5290811596636139
272,11,29,0.05
2775,14,30,0.2714600866503385
1350,5,44,0.2587678569931503
3148,12,41,0.08373886801167507
4105,12,24,0.2601571058754395
737,10,45,0.07370041827717866
1048,14,39,0.059946069439776525
2360,6,50,0.24704288483511117
1794,15,44,0.05
4947,5,11,0.8304656015686028
4857,2,28,0.95
242,6,9,0.07537661637758955
4681,6,45,0.6368146997078588
1560,12,54,0.13792610975160555
3987,2,5,0.95
392,13,22,0.05
1743,13,22,0.1633792795511703
2818,4,31,0.5838096866167654
937,7,14,0.05
1137,1,59,0.9058156836959573
371,1,4,0.3191561954846721
2058,14,21,0.05
2469,11,37,0.05
905,12,41,0.05
3274,11,6,0.28687706114037315
982,6,23,0.05
931,7,59,0.1586350582458284
3271,12,3,0.24090384597893355
2291,5,26,0.3443610934797035
2140,15,41,0.1764711453684908
1694,12,25,0.050013713532062506
1726,10,59,0.11256141196116473
3684,8,6,0.37965790391981075
373,11,17,0.05
689,4,54,0.14590261371100455
2800,3,16,0.8062943487690957
682,7,52,0.05
3733,14,14,0.29606821620844453
2090,4,12,0.3883315882140497
1358,1,17,0.95
2966,11,19,0.2460069733393031
3838,8,26,0.38984194100708375
671,5,48,0.05
644,13,39,0.05
4322,8,41,0.40090022051405694
4928,8,5,0.5987295278300948
4612,12,54,0.3910979999354821
737,5,59,0.12796066827039854
140,8,49,0.05
4982,7,22,0.6460720645631275
4492,13,12,0.34696938209800526
1720,3,59,0.5008730733407817
3772,15,53,0.27895323729175336
4237,4,60,0.9003438439012754
4228,11,35,0.32681266116352514
1399,12,31,0.11071921414865575
4811,13,55,0.27862573929473583
259,7,5,0.06928553730159065
2052,4,15,0.4157442967948126
1831,6,12,0.2688245282197933
2546,12,5,0.16148502798810854
3262,2,27,0.95
1832,12,4,0.1385407534865696
680,2,57,0.3322649689128048
319,3,55,0.05979165489953683
4574,10,58,0.3504503644365432
1849,7,38,0.254256628356474
1570,3,39,0.5199633286589938
4428,12,42,0.2930159695400447
1494,3,5,0.44523603782265064
1021,13,27,0.05
2873,14,40,0.14642197411965135
4562,4,46,0.95
4676,15,43,0.27493993986095533
3534,10,45,0.30619929988584105
3682,6,43,0.49915585906036175
1218,1,12,0.9421938982816311
1965,6,12,0.20836381081043165
4411,8,55,0.5246668309139907
824,12,39,0.05
811,15,39,0.05
1925,15,63,0.11622826397730708
4026,8,21,0.5350367300716409
490,6,27,0.054550722270327374
1170,6,39,0.21249231697907509
4587,13,13,0.24498437327413275
2865,3,56,0.7701600019368244
4580,14,30,0.29653422433861676
2528,2,15,0.95
4594,7,51,0.566227574133231
2247,8,60,0.23587548777110331
3672,10,26,0.3020158604929956
4578,13,56,0.3567572671919724
2854,14,52,0.2445994527902338
3363,6,43,0.4618061152604696
3925,5,43,0.6517898851837736
3516,4,40,0.7185239161559606
2157,1,27,0.95
2411,9,11,0.2615732636305932
2979,11,15,0.2170808571271318
3742,10,6,0.3225664784877673
2709,4,58,0.5848190792868363
1530,2,23,0.47988730820111447
2013,4,12,0.3877263156213569
857,13,30,0.05917800588642984
2234,11,8,0.20598862444636828
2012,5,53,0.4127343074297383
1839,2,19,0.7670324903208745
3317,7,32,0.320802820077879
4856,3,44,0.95
1234,14,21,0.06784824608626576
3812,15,58,0.31176388096098867
864,8,36,0.15135982604263315
2825,4,8,0.524347480894901
3468,12,62,0.20808311231258336
3597,11,31,0.3464423510537774
1772,5,5,0.3005668691163379
3505,3,52,0.95
682,13,31,0.05
4866,11,31,0.4586578241577767
4733,5,31,0.7960989460872995
1921,9,54,0.2181609140652804
1285,11,19,0.05
4625,13,44,0.23564004700851618
1737,14,47,0.20705082531243682
2280,2,11,0.8923923593228161
288,7,15,0.06511726384493646
1846,15,37,0.14903240692219064
3926,15,24,0.23250259077763566
2720,10,13,0.275641191693942
4045,8,13,0.3297187613856199
2426,3,35,0.7347349143314794
1284,11,27,0.05
2893,4,7,0.645800217013422
3046,13,38,0.3302102492443191
2600,11,52,0.2602121921029462
269,10,54,0.05
2845,2,16,0.95
1180,15,43,0.06476662323682922
1363,10,40,0.059747470936915036
4964,13,20,0.3090717463772977
4553,9,41,0.34830298087065753
2348,3,48,0.6089103407609666
4008,15,24,0.2677275436231095
1425,9,37,0.17230933324494382
3277,13,14,0.23066030113412722
3973,7,32,0.4814135441766687
2248,6,62,0.22482624186003358
1788,11,38,0.1161933362395543
3085,12,27,0.21054454586012222
2176,11,44,0.08552468044827666
1629,3,49,0.38265432886532474
1561,11,53,0.16648421114768447
1502,7,19,0.19485255845999686
172,15,61,0.05
4449,11,48,0.40549274129706603
4134,14,58,0.2953554707390209
4711,3,34,0.95
2896,13,41,0.12240964478868926
4616,11,33,0.42948456908565424
2593,6,5,0.4441587748618191
4331,8,42,0.5094543952295777
3676,5,20,0.6685020605593951
132,11,8,0.05
2794,11,48,0.21698058954545885
4473,13,36,0.35480646539053745
4945,3,27,0.95
3698,6,45,0.47203408526847573
2492,15,24,0.0919728952889424
4212,8,35,0.4935442788909877
2971,10,52,0.35315332289596457
2777,3,57,0.7982904288920045
1501,12,8,0.21531766415450626
917,13,12,0.05
1760,14,52,0.05
4662,11,9,0.32764458262661894
4823,11,14,0.2658883861640634
2538,5,33,0.41210746534186643
3083,9,42,0.3444373517323436
1310,14,35,0.05
699,14,19,0.0877514487983319
1946,10,16,0.10075405873303472
1955,15,56,0.06780787680850808
1987,15,44,0.10369064405213575
779,10,25,0.061972186966545745
3352,3,48,0.95
1935,13,22,0.11428027437437427
4130,12,19,0.321382686165424
2277,11,15,0.22554559822292586
248,2,59,0.10938895733999075
1595,11,54,0.22986522528726872
1844,13,20,0.08725983691293718
1746,14,14,0.06341770710447162
3095,8,58,0.283267062211442
1772,14,17,0.21695455453137008
2039,14,3,0.1633734276296231
757,14,58,0.10476283412888243
3767,7,35,0.48307267773870893
1153,12,50,0.07542408199208078
4171,9,27,0.3937580110730087
676,15,55,0.05
3195,4,60,0.7697316224420073
3131,3,23,0.8648224443866328
4918,10,21,0.36649530589241835
4879,5,30,0.7400940819409445
4937,11,19,0.46032401152784447
3072,1,30,0.95
4048,5,43,0.6998207785584415
2145,13,45,0.05
4036,13,28,0.27858563929524494
3048,3,36,0.8336275204090241
1727,1,30,0.95
1588,3,7,0.5110571103550997
4245,5,53,0.640488244282131
4298,5,38,0.6438623480961589
4563,15,60,0.17034063198078836
1035,10,26,0.05
3663,12,22,0.18479089404989535
3729,8,59,0.4338672751580657
1814,11,32,0.09202485137666655
1902,1,60,0.95
1520,7,41,0.14884655571867966
3691,5,51,0.6645081870159182
3620,3,17,0.95
3411,4,61,0.7131845872988193
2405,3,15,0.74821057866899
2095,8,7,0.19004413088377392
2067,4,12,0.41297615006514865
3814,3,28,0.95
4135,2,39,0.95
4585,3,6,0.95
4968,7,16,0.6489494506657438
3558,6,39,0.46354560936969014
493,10,63,0.0737514322013525
4878,12,54,0.30011825678177734
3830,13,17,0.31254830816375484
4465,5,19,0.7957137532990325
4344,8,54,0.5043873659511237
127,11,34,0.05
3591,1,36,0.95
4361,3,63,0.95
1273,2,56,0.5331064950222137
438,2,53,0.2402573033027184
1168,12,25,0.12112405264343981
941,11,36,0.05
4384,12,8,0.45812611138087717
4846,1,15,0.95
393,5,51,0.05
1957,5,31,0.2969598690900207
1422,3,25,0.3431574975319703
1747,12,16,0.11458200691094689
4998,12,14,0.4259736169878503
3720,9,20,0.36696983740125955
4626,12,30,0.40411357231639333
3194,6,23,0.5227453202620971
3591,14,3,0.2824192899463696
3595,10,40,0.38410536097063824
4682,14,14,0.2784467181603376
3901,6,37,0.5504735855610186
188,10,39,0.05
4466,6,19,0.6498242357914568
2056,14,52,0.13435929219612155
999,2,16,0.5161932546298066
3577,11,36,0.25317948281039426
1844,15,53,0.05098851019659856
4473,10,18,0.3001914022556537
2353,10,49,0.2653228254775312
3761,8,14,0.40079066358010973
3060,6,23,0.40997153443451667
1733,13,60,0.12286989631728265
961,15,55,0.05
4801,14,53,0.22024740112977553
1113,3,41,0.3956600178562796
3399,10,22,0.29295938951601574
1606,9,27,0.16939012621405225
3305,2,47,0.95
4903,7,5,0.5521065844306374
1077,3,8,0.2675571540600275
3561,15,11,0.14615483566377188
1917,12,16,0.1901189237247144
3784,15,27,0.2340554779452138
4158,6,17,0.5507367960368276
2734,5,41,0.49257718326076055
4915,13,35,0.2744668809113414
3766,6,62,0.574153362028243
1048,8,18,0.0672409505245945
573,14,39,0.05
667,3,17,0.1513626452708969
3532,2,35,0.95
4123,8,60,0.5017725898122117
2358,1,57,0.95
3244,2,30,0.95
4410,10,54,0.3437239509273006
2082,1,19,0.95
1196,5,12,0.16428943313914468
3670,8,13,0.42677911916327976
3490,2,38,0.95
2772,4,3,0.5824589982164845
3746,4,55,0.7928419215648885
2519,11,57,0.26831752081974114
4379,11,19,0.3293902971165942
3448,7,55,0.5008464585575071
773,1,39,0.6875374361095318
2902,9,34,0.3117759098316981
2469,3,10,0.6551472508247242
4630,6,16,0.5833200248515594
1166,10,29,0.10175913721905216
787,14,9,0.05
168,5,61,0.05
2203,4,47,0.43563237794378845
519,9,37,0.05
4098,11,40,0.35926780124697794
2697,12,53,0.13079953491322657
4438,14,9,0.1819139977799883
2224,9,43,0.1785630474099969
3992,1,51,0.95
539,7,51,0.05
1386,10,20,0.15647954602602157
1308,9,63,0.15282502933014513
1178,5,5,0.2121340520862706
2663,1,28,0.95
3723,8,14,0.40947832828563946
1353,5,39,0.10498785636471988
3457,6,22,0.47458395183532
3309,7,27,0.4524696353570644
3649,10,46,0.27273938739975767
714,7,59,0.10141216640282803
3178,13,24,0.11266003313736964
2823,14,55,0.20498378577242626
3590,12,31,0.23396349099938257
3643,7,32,0.4177142876457758
4615,15,32,0.23940962735911164
2000,1,17,0.95
4471,7,53,0.5103085535199484
1812,11,60,0.14331440922004252
2429,3,43,0.6129441982868484
3719,5,42,0.598693257692046
1294,10,8,0.1225019933386995
1478,5,18,0.23765274793299654
1412,8,25,0.16438571584920478
3015,7,21,0.38966082521883055
849,7,40,0.13167233534244016
400,6,28,0.08934031784241508
4795,7,3,0.4695359872110302
4082,14,61,0.18440564988801614
4724,7,52,0.653126595194443
3937,15,2,0.2673647276237519
377,5,35,0.05
4858,5,28,0.8391713067229368
2658,4,38,0.5239316711452291
4017,14,51,0.2715228948166306
2261,4,62,0.4230503409143368
4775,5,7,0.8151656403191311
1489,10,39,0.11447694166844147
790,9,55,0.11037954708350942
4832,14,61,0.4046761860803837
3568,11,28,0.2742943903445279
1948,12,49,0.05
3916,6,17,0.5540461033645583
1039,8,63,0.1035951447290535
3282,9,36,0.1848633309021182
3409,12,28,0.19833839510393966
2150,14,36,0.16472029583675127
1846,4,59,0.4362889999760251
2551,12,56,0.22972049713749565
124,13,62,0.08949097901912952
2656,7,62,0.30175616280992906
160,5,37,0.05
222,4,39,0.05
2202,12,29,0.1527239563823033
1286,7,57,0.12318575640429004
1830,3,4,0.4651818540391944
4741,1,58,0.95
4189,7,42,0.47946766384849493
2572,9,32,0.19688241647885246
3065,2,4,0.95
2377,7,39,0.37028810506158394
4187,10,54,0.3476592654466204
3064,2,53,0.95
1410,13,25,0.13072130091899734
254,13,27,0.05
2312,3,42,0.6663953353296781
3353,13,48,0.2490072273211199
1362,10,29,0.06471505057064184
1462,14,10,0.07439177824623541
1037,12,38,0.05
611,10,54,0.05
286,3,28,0.05
1945,12,49,0.15248037465526323
1802,13,4,0.06172288247337322
490,4,42,0.10859597593618754
754,6,50,0.0904524116652291
4371,3,29,0.95
2921,13,33,0.22481846727516835
863,9,36,0.16481870060159187
3500,2,8,0.95
4906,7,8,0.6109206463703057
3367,6,22,0.5673331727335285
1185,14,33,0.11878913209042308
2029,15,39,0.1424896454138012
4476,2,21,0.95
2063,11,9,0.21823121578698018
1885,3,5,0.6065434523141626
2374,6,27,0.36254168980114276
2786,10,16,0.27869141859535673
3068,4,7,0.6915320052015236
4672,1,49,0.95
815,1,33,0.7194429642832134
342,3,6,0.05
4015,8,45,0.5428783362993345
1623,11,47,0.1714083410251323
937,4,59,0.2411474870614267
3423,11,7,0.2774596180003529
3053,1,4,0.95
1445,8,30,0.05
2523,10,20,0.23540600839621065
2128,6,11,0.29348379422094373
1532,1,8,0.95
339,12,46,0.05
238,10,2,0.05
3293,10,2,0.261442861315981
519,6,18,0.05
403,1,23,0.28289999941072086
2262,15,37,0.06333739058303148
2126,10,15,0.20153856640426918
4202,10,7,0.38102864371492945
2326,3,31,0.49838169688860934
1268,2,47,0.5180086356070522
515,4,48,0.09597319850798564
2813,2,34,0.95
249,11,21,0.05
2544,13,17,0.19763059926936286
938,5,5,0.13920111122196077
1796,4,35,0.33879668944977165
4439,6,2,0.5306289223650017
2010,14,14,0.11410037978915065
1521,15,49,0.05
3101,7,9,0.3338727315511302
1420,12,23,0.05
4135,2,5,0.95
1623,2,35,0.6121637836519881
3978,8,61,0.3712530555628185
652,13,46,0.06936554485092819
3856,13,38,0.3041452272625909
3771,9,58,0.31261218406534175
581,5,24,0.1729376566820049
699,7,21,0.06890773327373485
1264,13,54,0.13910227002197917
4778,12,25,0.33397790740312283
4332,9,28,0.33520319396728826
1103,14,14,0.05
2082,1,6,0.95
1734,8,17,0.23318683095714632
3097,10,61,0.2854888487583487
786,10,39,0.12871898012546606
3514,9,49,0.2902891493278833
1859,9,30,0.0926087564131224
2580,10,27,0.24507498818581724
1437,7,23,0.1934714551875876
214,12,25,0.05
4057,12,14,0.2564275049211493
668,12,44,0.05
1653,12,22,0.07675268099123315
2789,10,2,0.24949650087946154
4690,15,5,0.292315770450473
3440,3,4,0.95
3088,13,51,0.19833929746967258
3251,13,24,0.2250310066869479
3627,5,17,0.5217265854117071
3115,13,46,0.20509998923293
921,2,14,0.4142038645570566
3674,11,40,0.2380282905303645
3887,10,32,0.39466146126516044
1708,3,25,0.4342953259714295
659,10,48,0.06790350852936637
4163,7,59,0.5044328522968525
4535,1,16,0.95
711,3,6,0.1896579240765451
2263,5,50,0.3799470640242192
1981,11,23,0.15492829900817184
4269,14,23,0.1768729278556549
3963,4,12,0.8431695516028094
3808,3,25,0.95
1809,6,46,0.29526821905975553
1861,12,11,0.1671091800341601
1792,6,48,0.19983747588185888
1345,4,35,0.31444251622298436
225,9,12,0.05
4852,11,58,0.35841895147643343
1299,6,44,0.1238741036699341
2811,15,30,0.20510731184999495
3546,9,23,0.33331480276145276
1090,13,34,0.05
3165,11,58,0.22261499695379872
1621,10,9,0.06291267895444094
4828,10,59,0.37438429797686984
2598,2,50,0.95
2665,15,33,0.18064916407169024
4890,6,41,0.7242359309143392
2697,14,46,0.08938273752461617
215,4,24,0.05
1131,2,6,0.4514035229808392
1341,5,32,0.15941942427159794
1842,14,30,0.09549013866128418
3738,15,7,0.2509732821310777
4499,3,53,0.95
4190,6,26,0.6247871948745142
2075,11,26,0.08844711183945511
4283,15,62,0.3169717984679872
4503,14,32,0.26638419195674207
4997,8,59,0.48271440674007965
263,4,15,0.08613186592592614
3410,12,18,0.3607526057354529
3488,4,17,0.794316287117701
1095,5,29,0.1793882212922552
1977,6,10,0.33915258685305255
1923,11,52,0.25955774738540227
2395,7,61,0.266301182422295
3364,6,3,0.47540302123186695
1448,7,5,0.13137823229200166
1903,9,21,0.1568611307738495
2351,4,42,0.475859004442085
3000,10,37,0.22794717483734117
1693,15,38,0.15291143186153794
532,1,7,0.3493204385659019
3917,15,53,0.2188921200658892
1170,9,2,0.10544061009351532
4700,7,46,0.5359688371156759
214,4,51,0.08580597933927256
1539,10,4,0.1681848777779249
1890,8,53,0.1992006359787243
1094,12,38,0.09163263023047592
4418,7,46,0.523482555303056
4831,12,43,0.3666482715170232
4867,2,59,0.95
1057,1,4,0.9341496021408121
195,9,44,0.1298817063079877
2254,7,34,0.31040187365679006
731,14,60,0.05
3784,10,60,0.34751350398077935
1801,1,16,0.95
797,13,57,0.11669173845220379
131,4,57,0.05
4974,15,62,0.21005810941458497
648,5,5,0.1249120845865117
2348,5,16,0.3774872557848323
1993,14,8,0.13983769347038696
2934,14,48,0.19220279180809596
1803,14,5,0.1254180398194733
1256,5,63,0.22804598220352623
443,11,4,0.07718673635816276
4172,3,24,0.95
3562,5,15,0.5874883788298694
2348,4,7,0.47644654155677313
1044,15,34,0.05
3980,5,10,0.6498164633564741
2150,7,13,0.29899852770752905
3385,5,51,0.630718061677516
2955,14,62,0.21573449115412452
1430,15,36,0.09494974176468415
2103,14,54,0.1299255704094436
3715,14,32,0.23315286211775824
1887,8,52,0.20912536610842355
2346,8,4,0.21486482234054438
3772,3,57,0.95
2255,5,47,0.3803324181744479
3579,12,37,0.2060401629859813
3120,4,14,0.6106446213550253
151,14,14,0.05
2259,14,59,0.1938552571915208
4490,5,35,0.8231378082159796
3751,8,22,0.3909031147259067
4015,4,35,0.8396264752378865
2212,5,43,0.4048559291377144
2721,7,44,0.27922440078114197
4660,3,29,0.95
4829,13,57,0.40879727662408305
1454,6,48,0.198920193435929
3854,9,36,0.35166784403533424
309,11,15,0.05
337,4,19,0.058467192965597777
435,4,20,0.11205252684897941
3938,6,20,0.5623138694275412
1676,6,34,0.1306119970066738
599,3,52,0.1954797783504628
1664,14,36,0.050926831339174
890,1,21,0.7751751496068255
3640,3,30,0.95
3222,8,9,0.34268752056332036
1235,8,26,0.13941367665858329
4044,6,18,0.5347119325018977
2448,7,2,0.26174463403173853
4424,2,39,0.95
249,9,50,0.05
3306,3,61,0.8654283667714052
3628,2,54,0.95
1724,5,31,0.30907955475179894
2674,1,29,0.95
4528,5,34,0.7655162003178847
4369,10,14,0.3698855331519632
3384,4,25,0.735535139935472
2208,12,45,0.19523516034675248
4047,6,38,0.588236599604897
2363,12,23,0.20890422539509695
1712,5,53,0.3664726586602458
3915,9,14,0.3856725817547268
4819,5,41,0.8003741247157237
677,13,13,0.05
522,8,58,0.05
2863,12,42,0.21749479428485877
1329,13,50,0.07242444140942525
3276,2,47,0.95
853,3,8,0.2655307543077746
4942,3,37,0.95
787,3,30,0.23539990807260117
822,6,30,0.09452653994955315
846,7,27,0.19946071161780082
4437,7,28,0.5242182637520894
2812,12,25,0.24113858249635547
807,7,32,0.08507768880996623
534,12,8,0.05
4976,3,18,0.95
583,1,50,0.6104677564393114
3618,6,34,0.5514821474842632
1633,3,35,0.44873557099485434
269,13,59,0.05
1120,15,19,0.05
947,3,42,0.2977329648102244
795,15,6,0.1412615727263652
3446,3,2,0.9307998455213982
4113,15,8,0.24214651078753704
131,9,59,0.05
276,12,35,0.05
3064,15,4,0.14892668542092483
2212,4,37,0.46975818488850524
3986,5,36,0.6326109540258896
1602,3,52,0.4966039104584415
2415,10,58,0.19305735637365506
2744,13,13,0.169688141897785
165,15,16,0.05
4328,12,5,0.25961456799992005
2028,1,57,0.95
684,15,34,0.05
1848,12,17,0.07712511818221271
2304,4,30,0.5224172691335481
3730,15,7,0.2792255136186106
1992,1,50,0.95
2529,11,38,0.1466767641740759
3193,11,24,0.20060836283173333
1073,7,14,0.13879008949900687
4124,7,45,0.4963128962846742
2742,15,2,0.07482328246115938
1542,4,58,0.21634746888240897
4429,15,13,0.25091777319234376
1577,5,28,0.2995419877949976
870,10,26,0.13271307708326432
405,7,23,0.05
101,13,63,0.06355482649625684
370,6,35,0.05
4616,13,19,0.23773732157023245
3314,4,42,0.7813174886951715
963,4,17,0.11989692769614817
2839,2,30,0.95
3014,10,31,0.21921112952407393
206,2,31,0.10522919763423376
3268,12,21,0.2748585672009184
4744,4,48,0.8979864879532977
2699,5,23,0.4187403641472008
2335,4,62,0.5343462808123843
2899,14,43,0.13010751305696827
1611,3,35,0.37047442316088885
118,11,5,0.05
958,2,51,0.36939677830457834
1516,4,32,0.35555170179258466
3132,14,52,0.19041467111104843
4605,11,51,0.3127628713270725
1526,5,15,0.30300219266971806
2631,1,9,0.95
4819,15,38,0.1991630599333355
4851,13,6,0.27810376269388976
4963,1,9,0.95
4138,6,12,0.6738403323350715
4213,5,57,0.693638008091732
2331,11,30,0.11273806836580834
2552,4,56,0.5244603512062946
2946,1,22,0.95
3302,12,40,0.2256930897650034
1916,14,14,0.16851881963608129
1880,7,50,0.2618164702512834
4203,15,20,0.2677574457078825
804,4,4,0.20154747464991052
1441,3,35,0.4643775452710127
3562,14,39,0.26599209136875906
3690,7,20,0.3846090534752151
1259,2,33,0.47058981323641885
4726,10,48,0.4235178179793925
3822,1,37,0.95
3538,11,52,0.21267454669629487
3660,4,40,0.8069733036556445
3182,13,53,0.1828380741300788
1815,8,54,0.22506281362848185
2343,13,15,0.18029877221941992
1860,6,8,0.2598480049047905
4107,9,21,0.42389753379093387
1896,1,33,0.95
2775,1,47,0.95
3336,11,55,0.18361432918534779
143,5,58,0.05
588,6,32,0.05
4376,8,23,0.43939479804975456
3248,3,6,0.8518520368543996
4823,6,32,0.620340534536947
1056,3,16,0.2957370486174985
2214,8,45,0.31118164220240857
1215,12,63,0.10117452230516757
1881,11,62,0.15554865836714316
2926,11,18,0.15059715427074594
750,4,57,0.2417751966637297
1976,2,54,0.8338531211608514
440,12,38,0.08612904400856633
3050,9,20,0.2606081720857861
3475,15,11,0.22622557221059064
2545,10,45,0.14141398286408408
2850,15,35,0.17445510193784464
2244,13,50,0.1805499782501733
1454,8,26,0.2352468335373845
3376,15,38,0.28935530177344804
548,6,59,0.11709194409414173
4272,3,29,0.95
4744,2,16,0.95
897,13,21,0.05
3596,4,56,0.8100242490495495
2282,4,14,0.4748457519769876
3426,1,21,0.95
745,15,44,0.14282978119357834
819,9,32,0.0701366348175524
1622,10,19,0.0844355679238652
1169,8,42,0.14824738015628894
4843,7,49,0.5313702741474897
4987,6,57,0.6543258736902088
4774,3,29,0.95
3175,4,48,0.7727134049745155
3907,2,5,0.95
3461,7,25,0.4433579896282987
2256,2,45,0.9285198956196696
4655,14,46,0.28540062951032696
2413,15,10,0.2035250474620064
3605,10,48,0.33790629172804865
4239,1,51,0.95
732,6,53,0.08865420423154453
2299,4,33,0.5551985320592299
3163,15,60,0.2636710319791559
3010,8,33,0.3180672031302847
722,1,55,0.6460224241086573
460,9,40,0.09774227640702995
2467,6,22,0.3067344698418341
309,14,59,0.05
3567,2,45,0.95
1030,8,43,0.12198194320534231
4684,5,62,0.7500306458329339
4043,5,40,0.6441891622285181
4796,5,47,0.8394341040277365
4969,7,28,0.5451007176834538
977,7,48,0.09818139150935988
4895,10,37,0.36670270389284987
2599,11,9,0.22340400718983122
2623,7,20,0.3705017432279907
4451,12,30,0.184322871588469
491,10,20,0.05
4002,2,6,0.95
2421,8,23,0.2968298732445663
4081,1,36,0.95
238,13,11,0.05236160474415037
202,14,16,0.08544165019777385
583,2,3,0.24777676999394196
4419,11,54,0.35469350266433963
4173,7,43,0.49426686367851175
1948,4,23,0.3285088427308465
1984,11,49,0.12605129390506128
3305,10,36,0.32222620889232856
2261,10,40,0.2304589426717657
1564,9,20,0.17975729308885346
743,11,48,0.05
3536,9,13,0.36066810452754644
4653,14,62,0.279787540117777
710,3,35,0.11176869648320056
4402,13,63,0.23796228049204488
1643,14,46,0.06629943493260346
3639,13,59,0.1701402202270815
1566,3,21,0.4306477836453519
1016,9,52,0.13127028052526454
1281,13,8,0.17397729603285017
2246,10,25,0.15536496412957232
2372,15,4,0.10092894120249658
951,12,7,0.11218590869443505
4636,8,34,0.4506068080188972
819,1,54,0.738575942362519
4780,6,35,0.665125852719293
2114,7,34,0.23545199367074005
3572,14,30,0.2012577236131475
3742,11,24,0.37098237021490227
3970,14,59,0.23317700207878972
163,8,5,0.05
4963,12,6,0.4364491597095291
659,12,35,0.08512525541269601
1833,2,17,0.7747586893250963
769,14,41,0.05
3994,1,48,0.95
1642,4,44,0.33831027467129987
1371,1,62,0.95
2515,2,43,0.95
2891,3,63,0.751441891002337
4813,4,4,0.95
3154,12,56,0.26079370227888937
2558,12,44,0.2160323439253115
3165,6,50,0.47768875756517276
1263,8,43,0.0984341118590838
4659,9,50,0.5174444283057646
2849,15,15,0.17166102107355627
2048,4,56,0.3283372444765065
159,1,34,0.16067455254505753
3202,14,29,0.14983874941779957
432,5,58,0.05986529798512427
4271,5,42,0.7250340828748992
289,9,57,0.05
3660,6,57,0.5615409135661167
395,5,16,0.07574352553779502
2648,10,5,0.2870009241453508
276,10,21,0.05
899,5,54,0.20362035239440487
905,8,26,0.05
1842,11,36,0.07448974579320367
314,1,53,0.286505630279904
1979,5,59,0.26906538348626785
2800,1,54,0.95
696,15,40,0.058635874645247985
1817,7,54,0.2671374184364091
1455,14,58,0.12192425583700914
4323,15,23,0.2963448021864171
1392,7,36,0.21955076418600517
2698,13,55,0.18464561577133465
3537,10,55,0.2907466740424029
4814,8,48,0.5576168167863104
241,14,29,0.10379434731205783
3316,7,11,0.38183038457798346
2939,11,17,0.2794558609051683
4440,9,50,0.40022133482498157
3613,8,24,0.35943703106968894
2850,8,20,0.3275265836754955
1814,3,2,0.5446262153412487
1235,15,2,0.09810554808939789
3821,10,54,0.3266135637464471
2009,15,47,0.12126674040952637
2347,4,59,0.4249292208315349
4616,4,27,0.95
4202,1,35,0.95
1648,6,3,0.286991431936423
2739,2,29,0.95
4866,15,21,0.300921106350196
4611,9,43,0.452047513868705
2931,14,48,0.2593705334685277
1106,1,28,0.95
3321,1,29,0.95
3162,11,61,0.27458933539365293
4623,13,32,0.26273273545894943
3152,10,48,0.27823975276792673
4529,11,8,0.44595397075813004
2419,6,9,0.3400345868769513
3639,13,33,0.21507284459975096
2466,1,12,0.95
626,12,49,0.05
2907,15,27,0.11691900506492842
1295,3,56,0.43744378617898905
1853,10,26,0.1326601587095959
1772,2,8,0.7357097739242898
2128,13,21,0.1253782133477221
1754,11,42,0.22926560641249732
4649,9,58,0.33022804922127275
4941,5,52,0.853691847179528
4141,6,59,0.5124407854884319
947,2,31,0.44869253021820177
967,8,57,0.073993463686865
873,6,2,0.10815128860100233
642,11,19,0.05
4517,12,9,0.31884533782316604
885,8,30,0.05
3405,8,41,0.40841103519708666
4735,14,23,0.2516572348289184
2983,15,33,0.14496783259078358
548,1,41,0.4064380306335117
3410,7,63,0.4572375041926632
4685,2,15,0.95
2005,15,57,0.18875166543917515
4659,11,3,0.20000323471224404
4509,8,36,0.5104594313368036
3351,12,8,0.1733500444468413
484,2,4,0.16534156729556088
394,4,62,0.08192750731676579
1338,2,16,0.5908814269377842
4957,13,44,0.45902162098420385
2916,7,35,0.30989891841476847
1198,5,23,0.16650190231647594
1837,13,19,0.08615419705599618
2289,11,47,0.1538440536280246
2865,13,19,0.23580215208363844
1322,11,60,0.10447579453262336
3342,9,35,0.39228798668191744
3999,5,37,0.7349115046414391
4423,11,47,0.37008388034318324
510,8,40,0.05
3099,2,48,0.95
3045,3,39,0.8409868927693195
4886,6,38,0.6407496828569356
977,11,53,0.07091255303328375
886,7,19,0.08964729158301692
2209,14,44,0.11272233560824209
2086,10,41,0.17320153261291907
978,8,30,0.05
1707,15,13,0.06975057548272709
2503,3,19,0.7587411214178299
170,7,32,0.07066446503803644
2410,8,16,0.2500500188574553
4501,10,60,0.2921166054280916
3395,15,41,0.17361244434286585
861,6,59,0.09242015548956078
4783,4,31,0.95
2221,13,37,0.15011182116847296
3682,6,29,0.5361065880815647
4297,9,54,0.3281751487395728
1729,3,16,0.38621365854490697
4388,15,44,0.22194696772644953
1185,2,34,0.44153026011538415
2557,5,3,0.4357657684973419
4495,7,60,0.5384327339849425
3366,3,9,0.8725833128306691
553,5,49,0.10632596356126056
2721,4,34,0.6014563063370965
718,11,36,0.13476268015281193
736,7,19,0.05
2448,2,27,0.95
4974,12,49,0.3155744035692062
3136,11,22,0.3323612554797351
2349,13,29,0.06266638952161947
2821,7,21,0.3732807474539467
2449,12,53,0.14954372156444512
4532,2,46,0.95
2094,3,21,0.5716720031363738
2920,5,60,0.4970039672432703
1171,7,5,0.05
2131,13,37,0.1232943032900979
1349,6,55,0.1716293850351367
1395,12,35,0.05
3656,7,46,0.4765679227478771
427,11,14,0.05
896,6,32,0.18746444945954477
2961,13,53,0.16082803350438965
4860,12,63,0.2300300432409666
2893,1,40,0.95
3194,15,8,0.11506905508770887
3077,5,18,0.48251329473298316
1062,12,43,0.05
1368,1,13,0.95
472,7,58,0.06414775827308153
4480,4,56,0.95
2668,5,60,0.343664320493153
4842,1,55,0.95
3793,8,31,0.4467034825797881
1704,15,49,0.09694196556830677
195,4,35,0.055360031896071644
4469,3,23,0.95
4041,1,22,0.95
1300,4,10,0.27920852544945846
4044,3,13,0.95
4979,8,18,0.5409588075450031
231,9,17,0.05
3215,12,6,0.13357379890267432
1490,5,20,0.26284411296770643
1249,9,58,0.08707989018711165
3610,1,29,0.95
3747,7,18,0.4062515263697344
907,11,23,0.13767469480512054
4939,14,36,0.34566736019112476
150,7,50,0.05
3308,6,60,0.5419582728536363
155,4,16,0.05
3764,13,20,0.27160991297230286
843,11,48,0.05132622644255617
4638,9,51,0.42292695138014563
2976,14,27,0.2317866829315085
179,3,45,0.06781325924574741
4572,11,61,0.2837746179638452
4040,15,45,0.1983300302576183
3066,11,57,0.25610718086340317
3828,1,36,0.95
4636,15,44,0.30001686148237416
225,2,24,0.08328250619497021
318,3,11,0.07057616038775473
1047,2,23,0.5362795575511747
4473,6,48,0.6663026536876003
694,13,56,0.05
240,15,12,0.05
2993,14,56,0.12557248800987497
3155,7,27,0.3585963317929695
1730,5,2,0.25924933098886266
976,5,53,0.14373132612145367
4305,7,37,0.5681962028068995
2760,6,54,0.31947266973528277
3490,12,63,0.2327400504647064
4991,8,59,0.47257316267873317
2129,9,22,0.20988154604013443
4924,2,9,0.95
2652,12,21,0.21981874992076364
3711,2,46,0.95
1140,15,18,0.11385018582269615
414,1,16,0.3900298327406388
3559,7,22,0.4021733781678409
4272,11,2,0.23817490142615294
3125,15,61,0.23181999399234154
3046,14,4,0.12252006507941027
3336,4,32,0.6368414763057432
3780,15,57,0.1966668449367782
4907,9,59,0.42522433637921775
3206,6,32,0.3865254646114531
1637,12,22,0.1093421813842105
3972,7,24,0.45818986106722603
1967,13,63,0.1502806308056211
1261,7,18,0.15082360976332218
4020,8,23,0.43482961989473995
3982,4,61,0.8220204369717588
2856,3,63,0.8099501192014362
2012,3,57,0.5381407126711704
364,10,23,0.05
4528,8,37,0.4290804265483821
1402,12,60,0.05370194277434504
1294,15,9,0.074334546330605
1626,13,48,0.19580020773006374
3704,15,9,0.22716194896237435
4494,3,63,0.95
2348,8,15,0.17108336075177982
1258,2,39,0.5595670314195387
4467,15,25,0.3056242307933926
4730,5,61,0.8139497633915898
3613,5,23,0.6249799779990872
2178,7,16,0.18871848757711251
1244,5,21,0.21359801847186038
168,9,28,0.05
3817,3,29,0.95
3108,9,23,0.23409425864602035
926,1,32,0.7680846561582542
1269,3,10,0.3899739290899044
1083,4,57,0.18955580759578908
4676,6,63,0.63081267834687
4077,10,24,0.3832501988163842
3434,8,6,0.4458643188895993
2440,7,46,0.32659836006371507
2115,8,40,0.22400542562371592
1552,6,18,0.1846215069448119
2233,6,41,0.29874028504619793
1139,14,6,0.10072026247394417
4823,6,56,0.6440597156015904
4313,3,8,0.95
3566,14,9,0.14802911949927705
3126,10,8,0.36145070696427417
4357,15,23,0.2904458450406381
2847,4,45,0.5732440963968927
4362,11,39,0.39828094116265106
4495,6,54,0.643811351726164
3595,13,22,0.18446864650614092
3955,7,5,0.4437207757788301
661,3,33,0.13323071019027327
2303,4,56,0.49685921237953806
3519,6,30,0.5964752145508122
1244,1,61,0.95
2799,11,60,0.1807541693590966
1651,15,31,0.08336056589923013
4121,7,4,0.5755964002443498
660,13,6,0.07991785550234849
1287,15,20,0.07980424381936307
3233,11,9,0.1664691669847977
3511,1,38,0.95
1789,11,32,0.09911503949770123
4507,13,28,0.35866709142437486
2523,12,14,0.1263481172221849
1469,13,43,0.052435543518289045
680,12,7,0.07601201845144268
1076,13,2,0.07298237622839865
4372,10,31,0.32395505082022025
4709,11,12,0.3014767404189319
2456,15,53,0.2278650824972222
218,11,42,0.05
1642,9,32,0.15729808877746496
4962,10,17,0.4190208076073079
3143,9,16,0.19884428489391795
1072,11,6,0.1238024221990533
1015,9,16,0.06257033535636769
1537,4,2,0.28837764421907114
686,2,16,0.2884144282542966
450,7,37,0.05
4691,13,61,0.21295526913210097
2662,4,49,0.5966230783485367
1970,14,55,0.15033022077222297
372,5,40,0.05
3027,1,56,0.95
4458,11,9,0.40546316259119347
3539,12,54,0.17815924328902152
3141,10,23,0.2787368085486936
4048,13,28,0.23322987807966
1864,6,60,0.1365150300683886
4390,12,35,0.23876168889959937
1870,15,31,0.12195902033733971
1622,7,13,0.14705107153815092
931,3,59,0.3137993393122255
661,10,61,0.06434273153996793
3640,2,3,0.95
4236,13,47,0.1912012531767009
1579,12,52,0.19495060621616717
4566,12,53,0.370803412285869
1305,10,39,0.10073535140105634
756,7,23,0.16242335771373895
4040,1,52,0.95
689,2,18,0.3659547143906712
4426,3,36,0.95
1471,4,53,0.314705426977066
4674,15,58,0.2543843214792953
3851,5,43,0.5773686027596314
3859,4,57,0.7596620316863941
2200,15,46,0.13311742571941199
1984,10,53,0.15605736009032392
847,3,24,0.2511318197578789
563,1,30,0.42668469849337676
853,15,30,0.05
682,7,58,0.053345674163501375
2305,12,51,0.17243355113312228
4214,10,20,0.34065083929104967
4250,6,18,0.5688524003444192
4127,2,9,0.95
4916,2,51,0.95
3453,3,8,0.95
2908,8,56,0.29910785557319697
3703,8,12,0.3500181355845859
4013,10,4,0.2715499005128925
1519,15,3,0.06820963550882961
2267,10,20,0.19449485859557475
2244,10,29,0.2305363335059685
2267,12,57,0.14306576239952604
1660,10,29,0.07919681199298792
1276,11,26,0.05
1368,14,12,0.09170648658200457
3687,12,41,0.29598513997733067
1266,8,44,0.06570452620369396
3675,7,3,0.4952952128722241
2941,14,13,0.1174999755298041
1970,2,62,0.7852326156497906
4029,1,42,0.95
2367,6,39,0.3046212919844767
2986,11,13,0.2190534376089977
259,8,51,0.05
2758,1,26,0.95
3863,3,38,0.95
4834,15,32,0.2740616593883033
1155,1,55,0.95
433,10,18,0.05
3696,9,49,0.40644501519060416
991,7,13,0.05
3087,14,62,0.19886826673205832
4547,8,31,0.5309952856208789
1462,9,3,0.20033382479704226
1025,3,17,0.2432249512934492
2543,10,2,0.23186187566611596
2677,11,53,0.15941927303618986
4080,2,35,0.95
2505,6,46,0.40505935377915375
1519,5,49,0.2570699715821881
2975,4,2,0.632845985438127
159,6,52,0.06493481386052347
2624,15,37,0.19921883975995178
3897,6,53,0.5321960881826326
2759,12,4,0.10840183820518408
4196,3,35,0.95
1678,14,13,0.13080211054707408
4506,2,57,0.95
3205,9,59,0.2720953444246111
807,8,46,0.06361835449637468
1880,14,28,0.12373939093358766
2513,4,51,0.4916045940491933
3506,6,38,0.48916655482039983
2261,3,56,0.570631747816177
3639,11,26,0.29955626017224335
708,8,13,0.09507477312690463
408,3,52,0.28147081346232283
4407,2,34,0.95
2464,15,10,0.11619679403680153
284,7,2,0.0993786544623961
345,14,57,0.05
338,3,51,0.2312883959149134
619,13,24,0.05
4007,9,29,0.2943970443988412
376,15,4,0.05
4128,3,39,0.95
4409,15,55,0.19508192695455473
705,8,37,0.05
4673,2,57,0.95
4703,9,45,0.3698106469939503
4153,1,45,0.95
2812,12,6,0.16199349087958717
241,3,56,0.19871050343765842
3761,11,30,0.3614914124396531
2469,14,54,0.08293581628730845
1817,2,14,0.7367745154636122
4656,13,45,0.3431609651626028
4865,14,5,0.14226988694421355
3527,13,7,0.18025163568659444
2424,12,52,0.14427325938763136
1944,15,39,0.05
499,7,7,0.06016390722357591
4863,5,12,0.7896655328409934
2663,15,28,0.10604623988867783
1622,8,55,0.23883460062151646
1434,2,47,0.6398010194102443
2723,8,63,0.3252579806004219
338,7,60,0.05
3315,12,36,0.24680759350782866
3747,11,62,0.36960750103561735
1716,5,41,0.2270431515011324
2529,2,5,0.95
3752,10,28,0.3677375122187405
1821,11,17,0.16487536685931287
1372,7,19,0.1345949017745123
3239,10,8,0.29246957828330095
2978,4,12,0.563745229453195
1635,4,9,0.3608115425690569
635,8,60,0.05
1048,6,53,0.2220305661100618
2742,9,7,0.2697719958087589
4041,11,57,0.30685562139424005
1121,15,49,0.05
533,2,6,0.23741216860446257
1503,5,58,0.29327304892056966
3611,6,7,0.48775648206864125
3035,8,39,0.41474801376440196
4978,4,61,0.95
4364,11,62,0.358196261415043
4904,7,3,0.6010396103564406
3433,11,32,0.14263285329795572
1702,7,40,0.25428417814207305
328,4,33,0.1869621726297277
4622,1,10,0.95
4317,3,16,0.95
2296,2,22,0.95
2999,13,47,0.14172145885018228
210,13,54,0.05
1344,12,29,0.10404538558799369
4259,3,46,0.95
2785,5,28,0.4850648514908142
3901,11,6,0.3227911381163989
3967,12,18,0.2559112555871821
1477,1,38,0.95
1871,5,59,0.3844293641085894
112,2,25,0.06200353690850375
4434,14,32,0.2819367752077719
3361,4,36,0.667972155104057
762,6,42,0.1361598484828688
3192,9,42,0.29516069197040135
793,10,55,0.05
3490,6,5,0.4688735330434852
1281,10,21,0.11372218384556369
3118,13,44,0.20537209265140924
1604,11,18,0.19175044412255363
2002,12,47,0.11082357274321847
4271,2,11,0.95
428,8,38,0.05
1539,5,22,0.2041332052410449
3946,9,22,0.27183831281418863
4267,15,61,0.29104799038678686
324,10,50,0.07487350154466935
2620,9,17,0.10804583302525819
3814,4,34,0.802717628010704
2507,13,11,0.1388752666662335
910,1,45,0.7730588645422058
3217,11,19,0.248441092419117
4873,14,34,0.2789599185386925
3390,9,30,0.26138319349649547
4486,9,32,0.3826465270306512
2351,8,25,0.2118969302915037
4761,5,61,0.7742363011215017
2629,5,13,0.4785595439820784
4706,10,21,0.4789064807671625
1023,6,7,0.10289269117159777
3152,1,9,0.95
115,9,15,0.05
3696,5,6,0.5306168139185903
2503,7,55,0.3061666971202426
4551,11,37,0.3847267826495394
4110,15,55,0.2542939481179489
2746,8,49,0.26145117759058534
1201,5,39,0.26673422590581103
3075,3,4,0.8244543613756419
1190,6,37,0.14685552210355968
3006,7,23,0.37234844542330314
1846,13,9,0.14163998521745802
4409,14,62,0.20633871965466916
1820,4,63,0.32482273846910326
548,9,15,0.09247449267517655
3112,14,8,0.16469867862582152
3604,11,5,0.30890407018054133
1668,4,63,0.2858209659159508
3286,11,20,0.23009733437393318
3591,10,44,0.35518743923100016
2646,2,48,0.95
4905,9,25,0.4273298737695382
4575,4,17,0.848080166655626
1147,4,7,0.2728042580326176
4734,10,45,0.40561871142511663
4948,1,9,0.95
4730,14,26,0.2227036290484693
4868,2,33,0.95
1164,12,26,0.08589319585449741
3921,3,11,0.95
667,7,44,0.1398434089103541
1536,12,42,0.160469581626901
4610,9,59,0.438505155702746
4644,12,18,0.2790504280104892
4805,5,61,0.7894711152347978
2805,4,47,0.5214091858075172
2583,13,4,0.16023794492129434
4900,2,10,0.95
4929,14,53,0.2929254636271129
3879,13,59,0.24455338978468835
4995,12,61,0.2993778334870967
2894,14,19,0.2003993472196631
1960,7,50,0.16966684460291642
3436,6,31,0.6089120621633934
1990,12,6,0.2002461442975032
4926,12,63,0.28213146160366176
4391,7,53,0.5362878993259911
1197,8,33,0.11687968373751238
1738,9,54,0.15398032092437963
1758,10,28,0.12329298976447166
1225,5,22,0.2503340026617201
363,11,25,0.05
3092,5,39,0.5711593352429007
260,4,4,0.13306768923038229
1356,11,17,0.05951177852608303
4965,3,16,0.95
410,13,26,0.06251095539997183
326,7,9,0.05
372,13,42,0.1087619370301045
4512,13,5,0.2658900223414331
2022,5,33,0.34358869707972123
3257,7,46,0.4584538186100677
2438,15,57,0.1744057547386363
1701,2,60,0.6987180949857006
3818,9,36,0.3937079224994946
2522,9,54,0.2914792677691751
2025,13,31,0.1319798254412032
666,9,40,0.05
3015,13,49,0.21054070988550996
351,13,50,0.05
2454,5,31,0.4616693432340647
3601,14,18,0.17009651447687485
4870,10,20,0.3699532255443361
2411,12,53,0.21743356226918403
2215,9,32,0.20586023067464754
1702,1,18,0.95
3370,2,57,0.95
613,10,3,0.05
541,5,60,0.06589093305742022
100,5,38,0.09017769220962434
1002,6,49,0.17193947012622682
1320,14,30,0.06063574822364667
2421,8,31,0.2662135431890675
955,12,55,0.05705530316669422
1117,1,44,0.95
2320,10,23,0.20195613237546595
4780,12,39,0.32662894397920655
3604,9,12,0.2793083993126604
4650,4,34,0.95
295,8,20,0.05
4794,12,4,0.38199540521014813
1432,15,41,0.05
4751,13,23,0.2788919659098111
1617,12,19,0.14331673505386225
4634,5,46,0.7719339510583223
2797,1,31,0.95
4554,14,2,0.32836289871764734
3207,9,21,0.3449347349399635
1157,8,50,0.08224918375058338
2805,5,6,0.459979393743019
2163,14,13,0.08051857754718597
2892,15,12,0.14830899040265993
520,11,25,0.05
4748,14,59,0.26032123893610265
2914,4,19,0.6424949304324858
2940,8,9,0.3428328213444473
1131,9,30,0.1628506498487732
1591,7,57,0.20865445772137226
1985,4,23,0.3318562326171283
609,7,57,0.07276214276301865
1959,6,46,0.310696531045356
1958,11,3,0.1547168762564731
1013,12,24,0.11265746757437115
2165,3,17,0.6568926530346688
3066,10,45,0.18395754400546616
4989,3,9,0.95
3937,1,5,0.95
1696,14,15,0.1835113452872189
4542,13,10,0.26111834125312
1155,5,12,0.2511293039250201
1123,8,49,0.11277504180494888
3304,12,39,0.2396965102550629
675,6,45,0.09512927609016432
298,8,52,0.11718741697199103
1465,7,17,0.12964551514283074
2098,2,14,0.8877790949918574
1116,8,37,0.1743418259593032
3718,4,45,0.8759252181609541
125,11,37,0.05
1658,5,18,0.326812998709633
3824,11,15,0.27657074382661423
3558,13,30,0.2742305109344965
3456,8,59,0.32674499666391615
2467,5,18,0.47577056030043563
570,5,2,0.07831503974553417
2567,6,21,0.4051474339190202
4846,15,34,0.2668486110836866
985,15,63,0.05
975,7,55,0.12849293801534284
1041,9,63,0.05
3141,14,3,0.17067336743235753
671,11,18,0.18658213627808268
4249,7,24,0.5219956830846665
704,6,23,0.10130495754531238
4520,15,2,0.18884865707063236
3629,12,13,0.1579069288861621
4460,10,14,0.3307472976562703
481,4,15,0.07090466670985716
1336,14,11,0.05
2480,11,13,0.15346105985502295
3879,10,58,0.2483194844134507
2205,12,23,0.13415094375277956
1617,2,19,0.5820301617603266
1633,11,40,0.1311584427037317
3394,13,20,0.16581230244904646
3540,11,31,0.2576676489411567
3589,15,16,0.21821488045401757
4045,9,40,0.31909854613699234
4742,10,15,0.33314519434083345
970,11,10,0.08580793482622823
2250,5,6,0.3261378433204864
3332,5,34,0.5193357708786838
3331,11,49,0.22536053946736118
3866,12,6,0.3278540174252043
3307,3,25,0.95
4593,13,9,0.24567091952231762
4587,3,20,0.95
3926,1,53,0.95
1712,12,13,0.14846215285298586
1177,11,9,0.11907832749923045
1400,5,9,0.29200986117128475
2258,3,56,0.7312588118274913
2371,15,39,0.12612808600506956
2629,11,21,0.13262374292278242
3360,2,59,0.95
463,11,30,0.05
945,9,42,0.05
3132,13,35,0.27442042349772994
1427,14,19,0.05
3262,10,2,0.32567253063532603
491,6,12,0.0880619809293798
3355,3,48,0.9069260400080258
2159,7,45,0.28533586785661075
3337,12,36,0.25719240667926085
2146,9,52,0.16005687981817054
4341,9,53,0.38096740096933474
1405,15,33,0.210172281051676
2994,1,52,0.95
2132,15,43,0.2265696762782323
864,2,17,0.3492499292937256
598,15,7,0.05
3468,8,10,0.38227327696540286
3044,15,41,0.14141286318561413
3904,11,23,0.30302635631474384
4313,1,49,0.95
4560,11,9,0.33956098921793043
235,12,57,0.05
1200,15,33,0.05672216043074625
1971,11,27,0.1731415247266189
4133,14,55,0.25998883857273014
4213,3,19,0.95
4112,11,38,0.27451413730920826
304,7,53,0.05
4694,8,13,0.43262268008224825
2471,5,39,0.44513455538989066
4790,14,35,0.395929510928163
661,2,5,0.267279183306476
3414,15,17,0.16343032459816528
4060,3,62,0.95
2626,9,25,0.21080297447948926
2311,15,15,0.16627724822573153
2471,13,18,0.17455122994816852
4835,11,52,0.41276160661230504
2781,13,32,0.2648815760743328
2906,10,5,0.22165282158131142
3869,7,51,0.4129676496568906
2355,13,45,0.18752011717036188
4510,1,35,0.95
1000,3,39,0.2251706597826186
1850,9,39,0.10791860598844066
4999,7,4,0.6386928954317621
3395,15,9,0.19837455763230283
3259,12,13,0.16205605877445242
1552,13,36,0.10801379360623484
1343,13,3,0.05
2422,13,54,0.18910272150066804
1770,14,30,0.15304403488616541
2127,15,24,0.16692297379834198
1868,15,34,0.12147175498957775
3763,2,51,0.95
2402,6,19,0.3266800962061752
1269,9,41,0.07461164958753211
4810,15,59,0.3270046636571453
2532,4,23,0.5601655473215652
486,10,15,0.05
2530,2,30,0.95
3448,3,46,0.9307363666543511
1505,7,16,0.24588679402141433
223,4,16,0.07138257435059162
4097,7,46,0.4995645381808695
3552,5,5,0.6581719698092683
3996,14,37,0.13494303814386915
1724,8,6,0.1755646829308024
1281,8,4,0.1948887920600751
827,5,13,0.08763271422466828
3984,7,63,0.4305124743574391
3770,11,21,0.2750383992017752
1241,6,45,0.14569138756822533
2475,13,21,0.1394309667793633
4131,8,40,0.43841106293742227
458,9,40,0.05
3842,5,2,0.6238903775066
2944,7,45,0.3091863420264334
4638,14,4,0.266371498883718
2311,1,48,0.95
1072,11,10,0.08682129536595148
460,8,55,0.05
2732,3,55,0.7213910366086937
3290,1,21,0.95
1724,6,59,0.21867491412922066
4028,14,10,0.18361777261808493
1856,13,32,0.07062873852042306
340,8,47,0.06096016177193654
4861,11,29,0.25066253131949995
1075,3,36,0.3274846556318089
4418,1,41,0.95
2413,3,62,0.7143384646088048
1405,15,39,0.07367930194815052
887,5,45,0.20568717164069236
2528,11,3,0.23694623899896042
655,8,4,0.18785055107961318
2209,9,15,0.31912817222759615
2749,13,18,0.13608764675947177
1659,12,36,0.2751503264668087
4335,9,5,0.4772465766420406
1463,4,48,0.293430277105286
4059,8,31,0.3591257343008456
689,11,55,0.05
1849,5,59,0.28833751972661237
640,3,63,0.20584667651335425
2522,5,40,0.3750185031840627
390,2,52,0.16049592823780529
2190,11,15,0.2006545888620673
4035,11,49,0.2571353564469123
4058,11,28,0.3010140968328362
3959,6,14,0.5097656745375192
1355,1,56,0.95
107,6,62,0.05
1757,13,21,0.12845629645372186
4678,5,50,0.7241977431835134
4528,13,50,0.2487741305837437
1356,9,25,0.10613217496826385
4050,13,11,0.19624274629800417
1139,14,8,0.07525375759823988
2216,7,53,0.1879990723589301
784,6,18,0.11169305489522653
4118,15,23,0.23216880106606413
1897,11,60,0.15096015393720824
1924,12,45,0.1743638281009036
3634,7,12,0.48328096030428724
162,10,43,0.05
360,5,24,0.07988445465499135
3671,1,55,0.95
3292,15,61,0.2308107605774657
1588,9,23,0.12175175225642028
1230,5,41,0.11878483347350667
4375,4,63,0.9010995625265469
454,6,48,0.06089750464882251
2874,5,55,0.5374805521179875
688,1,19,0.6163823282025699
704,2,56,0.23081603997847722
2328,4,46,0.5427193287740457
273,8,27,0.05
453,5,49,0.05
3390,7,31,0.41110222734279434
533,2,14,0.2315292763094877
3052,8,5,0.3105553284102524
358,5,44,0.05266293746648325
967,4,28,0.1366565455379995
2706,9,52,0.2454237927137112
3745,6,41,0.580778286085891
695,15,11,0.05
493,14,45,0.11884252478222873
4531,4,29,0.9439241421394409
2210,8,22,0.18815201770866613
3964,3,53,0.95
4239,14,12,0.3066059869175596
2300,13,21,0.1618812638857458
4097,10,54,0.271091202594554
3953,2,61,0.95
3854,7,37,0.48569953615600475
4470,14,20,0.2012291643802101
3529,12,53,0.2335264609028088
4621,15,11,0.21413307734198944
4678,4,16,0.95
313,4,46,0.05
2226,10,46,0.08846879443823337
238,9,54,0.05
4293,2,61,0.95
4060,1,19,0.95
763,15,8,0.13289728618768584
2932,7,31,0.2964366573801332
1173,15,15,0.07768469857671603
4674,12,38,0.33635020700461926
4122,8,42,0.42850509877068477
261,3,31,0.1305205631524828
1600,2,55,0.6030894363854893
3278,4,28,0.7382580272050376
4590,2,50,0.95
4996,12,58,0.3690855786953055
285,2,38,0.111024450870486
4753,5,49,0.8657343997452457
2080,10,42,0.12866436248554167
4641,5,18,0.6988129098521141
4088,8,31,0.4611824784612918
929,9,19,0.09327519595690525
3619,2,4,0.95
3611,1,29,0.95
3428,3,38,0.95
3448,6,31,0.46512201024788813
2585,14,55,0.15248807450999632
4711,5,22,0.8833488580463699
1325,8,50,0.15445334976024166
4951,8,21,0.5542855678774594
2944,2,23,0.95
2833,14,37,0.21095775510557832
4520,9,37,0.39857136896202716
4096,14,22,0.15674775202081775
2770,14,25,0.17549146047408512
4882,4,22,0.95
1598,14,8,0.11297925826530748
1788,1,9,0.95
2547,14,23,0.20412152884907442
967,2,23,0.41833112441197523
4412,14,31,0.24601528526259486
3108,11,35,0.289178603951056
3624,6,30,0.5217030263614553
2112,5,62,0.3593269529280563
339,12,11,0.05
147,7,6,0.11642464130363932
4149,9,50,0.33461748341412095
3557,6,58,0.47624125920840443
3379,6,40,0.45171426156138156
3328,2,35,0.95
1348,7,39,0.19044801078414217
1267,2,11,0.5493501825074406
3590,13,10,0.2579876334007324
1997,7,61,0.23332759924948035
3636,8,33,0.4365429156517717
2279,12,6,0.1195519101100252
4820,1,36,0.95
2070,9,12,0.13064683138445957
4796,8,43,0.47757600047484283
2820,9,17,0.26611691986745056
2481,5,28,0.3854485746537172
2043,13,21,0.10589797348915672
3246,14,52,0.2487076733399985
3583,4,2,0.7120556186388788
3796,1,27,0.95
2925,9,63,0.28981118885503665
1927,14,12,0.05
322,4,62,0.05
1846,15,16,0.14052426688677436
629,4,40,0.05
233,4,41,0.05
3903,2,49,0.95
4586,12,19,0.3008989374615143
201,11,25,0.05
3823,13,29,0.2026477348430829
2828,4,26,0.6469703023095852
2645,2,24,0.95
2658,8,12,0.28784267496488497
3141,7,34,0.3916642675208306
2100,11,17,0.21219574787088274
1048,10,37,0.06319984771457245
1668,2,24,0.6910420302940704
2153,14,7,0.11660921091526079
3105,2,44,0.95
293,2,63,0.11408559496458547
841,1,25,0.7160443871241841
4006,13,39,0.30009277556258074
3059,6,43,0.38084904222607135
4668,6,7,0.7026521580104328
2363,1,11,0.95
3520,11,23,0.3281691273169473
3023,1,24,0.95
3354,6,6,0.4796652451169745
3339,11,29,0.23381919737662443
3965,6,60,0.6288313217689607
137,4,10,0.05
1798,3,40,0.550889424963849
4666,14,50,0.22228584377831626
4126,9,60,0.3482272810657043
3313,6,45,0.5448506920235662
1883,1,29,0.95
2066,3,63,0.5873644105868211
202,1,26,0.1784009796487541
141,3,44,0.09477769671518596
3094,2,39,0.95
3318,5,28,0.5546597287691298
3090,15,25,0.19477781726816848
4388,3,58,0.95
3469,7,44,0.39306729924957623
1161,8,44,0.08514432608250039
2649,7,47,0.2627360442696158
1776,2,17,0.7630288313595457
3789,10,3,0.307627775988098
4097,10,3,0.2599884493427717
425,7,6,0.05
1220,10,47,0.11619698305960106
207,3,22,0.05
2778,7,61,0.34519833170793485
434,15,11,0.05
2139,1,43,0.95
903,2,19,0.3897897984593214
1948,12,27,0.05
866,10,21,0.05
3627,1,42,0.95
2406,9,37,0.17571361584632625
2929,13,50,0.2029126479703633
1588,13,22,0.14383576845503415
4229,15,3,0.1960890324393665
3666,2,47,0.95
2473,2,55,0.95
936,6,34,0.15239662395789155
3409,7,24,0.47207876725304526
3712,14,40,0.17505853733051863
4934,13,32,0.248175121271849
2891,2,5,0.95
4312,14,42,0.2597861462542676
4083,4,4,0.8726906126296373
3868,3,38,0.95
1604,13,54,0.10004625628984284
2550,5,57,0.4407141560533263
3144,9,11,0.30753107947955205
2133,2,43,0.9105608104832341
1799,13,33,0.14096036868802594
2380,5,37,0.4419013875822587
1407,8,50,0.08444346597712235
2627,6,28,0.32824006497310243
3938,4,54,0.8447796976021231
1075,15,50,0.05
2156,10,20,0.17280535215490714
4910,8,39,0.5626174603162097
2526,3,2,0.77750249526574
3774,4,27,0.8183127759194561
2528,11,47,0.21122530870646752
3833,9,63,0.40206601174485257
459,5,14,0.09735318299723092
2323,6,36,0.35501655993155545
584,12,56,0.1347854219527742
1528,11,3,0.11837972421390831
2180,2,23,0.8965536689299874
795,9,40,0.1397630463716334
4760,8,29,0.4895920544258557
301,7,45,0.059940312249213784
3957,9,3,0.4053557935339749
1298,5,12,0.15979922837797
1367,5,49,0.2264282525751764
3070,11,60,0.20670601829087118
173,11,38,0.05
195,9,27,0.0602504505095376
4368,11,29,0.2733566567075189
3577,5,27,0.5826358613361134
2302,9,18,0.22650553446079533
357,1,4,0.2930828541736187
3758,15,15,0.2267371351083515
4525,10,17,0.40532789573725303
2906,10,50,0.27468377179792863
4356,11,61,0.3849578420598001
285,8,52,0.14700864526841217
242,3,37,0.1129295429075614
3453,13,29,0.2189836693434859
739,8,29,0.09980953896028714
3849,5,54,0.625304632141466
2174,2,53,0.95
4068,9,53,0.39105029967443833
301,4,26,0.14289341543342732
3192,14,58,0.17328428703870363
3265,14,10,0.18074947314837206
3179,7,12,0.3681646637859429
4667,12,38,0.29861501753190556
2202,8,44,0.25735794509296794
1010,7,46,0.13300118610089523
1671,11,22,0.1436945139221259
3548,6,3,0.39377642367571764
2259,15,55,0.07644913887782433
4425,14,35,0.2594826650887399
2644,12,43,0.1895954681763319
1429,7,14,0.2505249645500595
3713,4,6,0.72594747322871
560,10,12,0.05
906,1,30,0.7020380673411918
3799,5,48,0.6383923090044068
2373,8,29,0.2832020002544563
158,10,29,0.05
2575,6,6,0.3655258971060788
4923,5,21,0.7613161032822733
1255,2,38,0.45935956496904784
597,10,40,0.05
4425,12,11,0.3500458320070936
4528,5,33,0.7197004384943732
4076,10,30,0.3306491662382201
1707,12,3,0.07197994809054921
820,3,2,0.17413498028135072
1374,13,21,0.11058461519812754
3967,15,56,0.19161916169504167
790,2,2,0.2592034265247223
4123,14,5,0.1729296999540539
4252,3,16,0.95
3537,4,48,0.6534273914365517
2455,2,31,0.95
849,14,7,0.08268042481265213
3151,4,39,0.6345361072564716
4873,4,2,0.95
3664,15,8,0.19345611247802988
4755,6,63,0.6810799945574829
1804,12,6,0.05
3545,5,55,0.5981181036435429
4544,7,50,0.5229133632270677
2477,11,8,0.1628126396904456
3331,7,37,0.44114458740875506
2315,3,4,0.7484803404453713
985,9,13,0.1561550189845125
964,7,60,0.1729382471475942
3594,7,62,0.38639667862664445
3154,2,16,0.95
885,15,21,0.05
556,12,42,0.05
444,10,22,0.1446298126662064
653,3,33,0.08133109257665555
887,3,13,0.27046310405920465
1919,12,38,0.15395856538351088
804,13,41,0.09340355221699112
1052,6,48,0.18677025255263013
914,4,8,0.21603202409860336
1648,4,52,0.3640262243154605
243,1,46,0.1639287602608897
2877,6,32,0.4027358477243591
3866,8,2,0.4448904078199687
3925,8,61,0.3753015845847622
1316,15,12,0.09193954287682775
1907,8,46,0.2414151930619877
4570,5,35,0.7454844213256422
4872,10,20,0.4841753525833388
2839,6,12,0.42300635608516524
1389,5,34,0.15256026170679432
655,4,34,0.14121167524901526
962,12,9,0.05
2585,4,46,0.48750659724706785
2455,4,9,0.4636838510035709
1065,4,35,0.31745300466706733
2495,14,41,0.1086744402704476
575,15,28,0.05
1438,6,30,0.2160916491819426
624,15,15,0.05
2671,6,35,0.3297586818541053
661,5,46,0.079050671276616
3802,12,60,0.2349614571164962
4764,11,38,0.3874486300510998
1305,14,2,0.05
4133,11,10,0.38986256097910643
3947,9,53,0.35475259518057267
4301,8,11,0.5291202950731118
2338,10,31,0.19172300357418448
1260,6,44,0.10069490444559094
4895,11,19,0.3392263739227941
3925,9,18,0.3901553688116543
171,5,7,0.05
854,10,12,0.06918625532338574
3952,15,25,0.2370597548316662
1004,4,37,0.22798179231802063
151,14,34,0.05
2721,6,34,0.3897164881315786
3290,4,55,0.6351998297185072
4048,8,19,0.4080147919661261
1387,7,6,0.1657309729785869
4880,5,32,0.8355926829339693
1872,10,17,0.11934805643548019
4002,6,3,0.55377633463506
4020,11,10,0.4002954486594638
1049,7,3,0.17143706933785652
3238,2,38,0.95
2516,9,21,0.23008181956751778
2379,7,60,0.2926819817625513
1525,8,18,0.15967056487419468
1684,14,59,0.12432881692022212
1146,5,26,0.1292691847164985
2265,15,20,0.08597684948116617
4123,3,43,0.95
1276,2,9,0.5690367341686658
2260,15,53,0.1619408974433251
1131,2,12,0.4388118567564661
3388,3,14,0.9059099760471198
4626,1,14,0.95
1415,1,10,0.95
992,7,6,0.19932031594553418
206,10,19,0.05
3180,12,41,0.21512989482093028
844,11,62,0.0701880831569677
721,8,53,0.10339716609308638
4340,6,15,0.651139478929692
920,7,35,0.10358377783911796
511,1,23,0.4368155758963457
213,14,49,0.05
2546,1,34,0.95
3446,9,25,0.27677402418969443
4319,5,58,0.6964232346769669
185,7,56,0.05002823851692444
4242,6,30,0.48390483747972796
1672,4,14,0.37715868129008656
2105,1,58,0.95
4179,4,51,0.847782392474956
903,10,28,0.1704489670415591
3434,10,2,0.29885380723044225
3449,8,8,0.37130442157992305
1169,13,5,0.06681937785538727
2769,12,11,0.10088140801514514
4241,11,41,0.2887459963771807
2871,13,36,0.14445710073377793
4735,1,56,0.95
4282,2,40,0.95
1508,8,60,0.17214554067368137
3840,15,59,0.13229342118427118
364,2,58,0.2198887467001815
3948,11,17,0.33484832581691193
3193,13,28,0.20343632210365248
4898,12,21,0.3159962035679748
1573,15,63,0.12904810948970047
4381,10,11,0.3392137688237024
425,9,46,0.05
1306,3,63,0.3513199712226815
4592,3,34,0.95
1604,6,8,0.1913865209242627
3634,3,43,0.95
1540,9,45,0.10412465857607273
1055,11,47,0.05
654,8,23,0.08784131693495949
3354,4,44,0.6554429203458164
4239,6,18,0.5739423321625117
4677,8,10,0.5292227538358114
2136,4,59,0.3995116381291209
1386,15,41,0.0562310080580944
1297,13,11,0.11528182174442408
4761,5,37,0.7706421343583234
2367,7,32,0.28614184351076266
3729,8,32,0.381124002287772
3565,7,6,0.4172126007054263
871,8,57,0.08032667108399402
2556,4,19,0.5548470622513988
570,1,7,0.3795410364829289
1470,6,43,0.19081898325181623
3232,5,51,0.49931694888603545
771,11,29,0.09236839912484018
1274,15,44,0.13036892872041883
210,4,25,0.05
3659,2,6,0.95
1126,1,29,0.95
3654,9,59,0.34467021411997495
3333,12,4,0.22355930034223112
4539,2,19,0.95
1572,9,5,0.12875784895126302
2479,6,41,0.3802256310598269
4972,13,50,0.4062435648973214
3071,6,43,0.41787286263126944
2481,2,33,0.95
3390,6,33,0.372343550848538
4853,3,20,0.95
1933,15,30,0.11839122460888724
553,7,34,0.05
840,13,3,0.05
2480,10,59,0.22906478451745405
2457,4,12,0.49732627185434025
1543,9,48,0.16506482447074441
3780,5,56,0.6362388295344953
1848,12,34,0.16576834216540826
2501,10,42,0.20183608631506278
3271,3,41,0.9076137696988635
4340,1,2,0.95
2106,1,43,0.95
1886,13,18,0.14309950256451773
1509,4,51,0.26756579475267556
1862,15,17,0.15611564159848998
1009,10,3,0.05
860,10,55,0.05520267549729006
3340,4,50,0.6752028788638672
2789,9,5,0.28675858146026567
630,8,33,0.12676485674867466
1459,4,8,0.31949594259209824
3918,6,30,0.6216503288518163
2127,7,62,0.218521080599131
2660,10,61,0.20824513944362893
2277,8,10,0.16779556032437065
1637,4,59,0.28544323797050014
1373,1,36,0.95
2881,5,53,0.47005543354966495
1046,14,54,0.05
1398,1,6,0.95
2611,11,51,0.23183943144164823
2288,11,62,0.1527375166023922
981,4,22,0.14665245051889975
1947,7,59,0.23303202057027467
2075,7,18,0.2724609296072792
4368,1,40,0.95
4668,9,15,0.40589516223375655
3064,2,33,0.95
3163,5,16,0.45887584768631096
3228,6,22,0.4808581251676082
597,1,55,0.5162458289901304
2316,14,15,0.18856872467784463
1088,12,42,0.05
2708,2,17,0.95
2575,7,52,0.23210881683249202
4614,6,2,0.5908610220692213
1470,6,41,0.14406942098826053
3688,6,19,0.5383876067827293
2602,14,35,0.1304246413125045
4909,14,27,0.2799442634829323
278,7,62,0.05
2029,10,37,0.16047518289979595
2648,12,22,0.21701629822374105
4934,14,2,0.37100515712685683
211,14,28,0.05721294965292041
3319,12,52,0.23200363098750348
814,9,12,0.06047843332500655
1501,9,57,0.19940535315729543
3024,15,39,0.12095958872616017
1481,2,52,0.616265533708651
3227,2,15,0.95
3111,5,29,0.5769532684445079
1308,10,56,0.1784638826765539
3225,7,28,0.31914114180396874
136,12,23,0.05
1928,14,22,0.08947756105911589
3160,12,57,0.24735469579736657
3441,15,25,0.1508984805946782
4041,13,20,0.22139792685387077
909,3,25,0.2834962440701817
3172,15,27,0.1886300529666804
4218,15,26,0.22941503219706227
1626,3,46,0.45391328321125046
3619,4,45,0.766710703473986
4991,3,30,0.95
595,15,11,0.07474748282510499
524,15,52,0.05
2847,3,12,0.7846287231840482
2165,8,25,0.19479451405593076
2082,7,25,0.26816302914686013
1568,13,13,0.0500597290046159
3900,7,8,0.40698220763310944
1333,15,41,0.05004175976217873
1897,14,18,0.05
664,10,36,0.05
3119,2,7,0.95
1404,11,13,0.1286664800616258
232,9,16,0.05
548,13,33,0.05
1930,6,24,0.3405945920686877
2258,14,8,0.12441977530876179
3726,3,60,0.95
949,9,39,0.05126947159686585
4062,9,32,0.38192022578293283
1580,6,30,0.24045675425111465
1000,13,45,0.05
4954,10,29,0.39454182858970194
1639,6,13,0.2163448504446315
1999,8,28,0.16465325959082386
3044,8,5,0.32441539436648004
3344,15,22,0.2430621770551179
614,6,10,0.1410176673710341
1691,7,50,0.2962619064774269
183,4,35,0.05
3842,1,38,0.95
4993,4,22,0.95
2227,8,61,0.29892044131131845
1701,12,24,0.17016599079110573
4717,13,25,0.3335168745010739
1322,8,11,0.09576334273162834
4429,14,39,0.22543883053123698
1942,2,7,0.833630590672806
2391,15,22,0.15268776847032636
1689,7,38,0.1928546052643526
2996,13,30,0.21425770453576137
4588,1,60,0.95
108,2,41,0.08266517062560991
4808,14,22,0.25731506624010836
814,8,23,0.05
2027,11,36,0.08927326323798208
209,10,47,0.05
365,15,6,0.05
3323,13,16,0.21123392936249227
1054,13,63,0.05
1449,4,42,0.24653425509375357
1674,14,48,0.05
2323,3,20,0.6543621138962532
3931,14,17,0.23271916362560918
3355,2,41,0.95
1158,11,48,0.06389587212939254
2057,6,44,0.37499326415859535
3247,4,24,0.6174118518057117
2619,3,5,0.730360356342452
3753,3,22,0.9319414315982484
2670,10,25,0.24250816585266205
3027,3,43,0.8021808697561659
3987,12,56,0.2097296547803994
987,8,27,0.1251627878308726
844,9,43,0.05
3614,9,3,0.2926782699377619
3030,5,41,0.5534919779832685
2779,1,9,0.95
275,10,10,0.05
665,5,3,0.11763310307889227
3317,1,15,0.95
4457,9,21,0.4446108874602338
4726,13,3,0.29468935152638553
1494,10,5,0.0767807429617878
1320,13,36,0.05
1047,15,56,0.11415232603453285
684,8,15,0.05
2962,7,22,0.38976030646035076
1720,2,49,0.672864485319936
3455,2,16,0.95
2449,14,40,0.20766223800410652
3291,4,51,0.651519682406421
3307,9,21,0.2922182737934883
2676,14,7,0.2170997090164885
631,9,29,0.08860009731382576
1331,14,54,0.11208600793792964
2093,8,49,0.1765495556794061
1797,11,44,0.09207060217448718
3470,15,3,0.22031816021549439
1645,5,29,0.2741068775441147
3265,14,56,0.19174125395439912
1537,7,35,0.12125489812900578
470,12,15,0.05
4604,9,10,0.34052839412917846
716,3,24,0.20496833081334412
4266,4,45,0.9098677930431207
4114,2,36,0.95
4279,9,23,0.323811209239722
2356,7,6,0.3141094224152303
4454,6,61,0.6149815319052763
3410,5,42,0.6200886619920483
1031,12,30,0.05
2429,7,36,0.367647272736886
493,3,51,0.12619614069259807
2565,5,35,0.43716580493063434
3377,2,5,0.95
2029,5,46,0.28868550424675965
725,7,50,0.111252098766575
4757,15,10,0.24727325399467023
2979,11,52,0.3064947469263845
3266,10,15,0.2574156590822431
3522,11,46,0.30836468790227484
2209,7,6,0.2518026508678857
1265,9,51,0.05
2881,3,57,0.7789427810044731
1991,8,48,0.24444834758614237
3282,5,28,0.5542292940775134
1739,7,12,0.18153652506290552
881,1,31,0.7451173207332877
4792,1,52,0.95
2156,4,38,0.5021518662753824
2423,5,40,0.33092730413396926
2374,13,35,0.15341943231134644
2333,10,52,0.20263928316148577
2738,3,25,0.7056080852358495
3387,6,17,0.43081445866940266
2580,3,59,0.6684133639797785
2716,5,31,0.40787451186070756
455,11,25,0.05
4587,13,4,0.28436055505936464
4774,15,30,0.2999367552893086
3446,1,43,0.95
3622,3,13,0.95
2567,7,56,0.36972881182584205
263,3,63,0.05731701699426302
3734,5,28,0.6093143221833707
4833,7,30,0.6384866723376241
3763,13,3,0.20573236978143564
3354,2,58,0.95
3481,3,62,0.95
2164,4,30,0.4252546771121468
4365,5,41,0.7233004169655726
4084,12,58,0.22062250189035365
3987,9,10,0.3116518129228382
439,9,56,0.11625954905318259
4921,4,53,0.95
3881,14,45,0.26579276290889603
3690,9,29,0.3615149569093971
2033,4,38,0.4296083004458965
1745,2,24,0.7009021080208193
4328,10,14,0.4482473940165258
2787,1,6,0.95
2226,7,33,0.20531120916183437
4541,4,29,0.9143829320269016
4804,12,59,0.35322726917919284
738,8,16,0.08526503263959412
1324,8,25,0.09702650601620752
3805,12,33,0.24714907101730596
4010,8,22,0.3951208035736134
4345,6,6,0.6150099070743414
1649,9,38,0.12921503722670272
4245,14,37,0.3359309353276462
1605,4,60,0.31974603853564726
4530,5,29,0.7406930457254685
1475,4,33,0.34248762913600045
767,5,60,0.1544442738691615
2474,2,61,0.95
4190,5,24,0.7460480895786002
1115,10,17,0.08117119847455043
435,8,51,0.10254591456071428
4861,9,11,0.42975572070127244
180,7,30,0.05
2234,7,53,0.26390892678701844
1899,14,28,0.13204908265056806
357,6,36,0.06033862726900891
284,2,43,0.14082121502865894
222,10,46,0.05
4800,12,25,0.3636020389511398
3614,11,24,0.3427726955458157
1494,10,4,0.08553208950257368
2452,13,37,0.20190126044931941
3319,9,46,0.3265012125537584
1408,14,15,0.11758827858359316
4044,5,5,0.6345486228813937
2041,6,45,0.290351924618305
590,1,49,0.4935368209360556
1154,5,43,0.19088321610624992
801,6,56,0.12291195346244302
3034,10,33,0.27960401012521785
4795,11,57,0.4337623908758299
1234,2,21,0.5651246222820466
179,7,57,0.06724706614456749
935,14,18,0.1222950154971761
751,4,30,0.1665027135179717
516,5,58,0.05
3780,3,40,0.95
3966,5,33,0.6832400478555121
845,12,5,0.10010830056160244
2102,4,25,0.46507787466784123
339,12,45,0.05
2993,14,43,0.238352681684146
2044,10,3,0.1855116503669945
955,6,15,0.12220426501927581
3615,2,41,0.95
2746,3,43,0.7858123433859936
3294,12,39,0.17059981621155001
4615,15,56,0.2062278653035278
4904,10,56,0.431461762948601
2698,1,35,0.95
1453,7,47,0.11702923432653045
2135,9,44,0.17798297317723075
2980,2,3,0.95
779,7,37,0.13362093257782837
586,15,7,0.05
3720,3,37,0.95
3750,5,23,0.5824943437964033
4818,6,6,0.6059260368691268
1538,8,39,0.21450376580034852
4414,4,42,0.95
1584,2,55,0.7182270483319315
790,3,23,0.2547155293043143
1112,8,49,0.12107167503412235
4642,7,12,0.5807734086094881
2447,6,44,0.36602370550823216
3808,5,57,0.7238722624787622
4570,11,32,0.3102650876138241
2022,5,54,0.308175984961382
737,1,54,0.5694359282821813
3108,14,43,0.25267715266549057
2333,6,30,0.32454555588749584
2225,13,60,0.10703721384330801
3557,9,34,0.23291965100554962
4389,8,23,0.41620511676975097
3274,12,50,0.239474066594165
3788,10,28,0.2287430083584268
1499,15,9,0.05
2434,1,59,0.95
1605,11,49,0.11106904208424394
349,13,58,0.05
635,6,7,0.05
3632,3,47,0.95
3649,6,26,0.5247989962799586
557,9,35,0.08010350494965521
2838,6,10,0.38816696019560315
3469,15,37,0.2572017858090801
4235,8,32,0.41681364824770056
3796,14,20,0.1730088872590542
3511,15,50,0.10471388072104516
4169,6,2,0.6107953083433361
3487,6,25,0.47988169037499345
3285,15,35,0.10926638131396023
3338,7,18,0.41037989848488393
360,11,35,0.07137274893804263
1347,13,36,0.09897260397934236
3433,10,37,0.25405067954623894
3422,11,14,0.20292099552214293
2673,4,60,0.5690626351232497
225,13,26,0.05
1329,13,56,0.20586210602986166
3311,8,13,0.2953383509808978
3233,15,22,0.19898678887782373
1406,4,38,0.2655449629214884
2201,15,47,0.08838566478466063
235,7,39,0.05
2477,1,2,0.95
1559,12,49,0.15866405637072406
4331,9,7,0.44428018250538254
912,10,46,0.053623057585104515
951,9,46,0.11277107063283744
1844,7,12,0.2824349780912735
2038,8,17,0.09787464488795533
970,2,23,0.42955168952080713
734,10,47,0.10645431788753645
768,14,12,0.0794718989254238
1393,14,38,0.05
3188,12,27,0.17809652977335616
368,15,58,0.05
960,10,27,0.08219711790333507
581,7,43,0.11232505730263276
3390,1,22,0.95
3490,3,58,0.9436890445842216
1361,6,27,0.11120018879224171
2432,5,16,0.3407277417595408
202,5,40,0.05
3894,9,36,0.33623869550659113
4987,6,12,0.7066829187204344
4434,3,10,0.95
2792,15,43,0.09638578690896046
3771,2,24,0.95
981,14,5,0.05
2335,9,31,0.18432967660594693
3134,15,29,0.13609473160796431
4989,10,26,0.43011088717840734
2677,14,23,0.14644448441244634
775,4,26,0.1330696484619515
2539,11,53,0.13516860649328416
1781,5,27,0.26834146988721863
1376,9,51,0.1388287118190503
4867,5,30,0.8400462531019063
3347,7,47,0.44279016059289683
3748,2,42,0.95
1412,2,33,0.5151698437283924
1173,4,27,0.27140517894334987
4199,8,29,0.44466533340507153
1754,2,63,0.6631085196985116
3847,10,21,0.35603090343411514
4188,7,49,0.35725784158446533
1993,13,60,0.07866573024828721
1385,13,3,0.16985532027247313
634,1,24,0.6671126816656396
3547,9,40,0.37380428830832924
1479,10,6,0.1066587119125079
745,6,22,0.12138332516335866
123,11,57,0.05
4752,1,23,0.95
4551,10,50,0.29843105322375996
4770,6,12,0.7180445945616253
4224,14,31,0.29050186098322167
464,5,29,0.10827977260501201
2755,14,37,0.20400289220134457
508,12,18,0.05
1414,5,22,0.2336991998752266
318,5,38,0.05
4803,4,37,0.95
1639,7,26,0.19029311351440242
3533,15,25,0.21472248095562502
1702,13,31,0.054348302007134974
2804,9,43,0.26017226454174947
3748,13,63,0.24011167543102668
1205,4,36,0.2602423316694783
3511,2,22,0.95
2588,2,7,0.95
716,2,22,0.2569228318202576
4421,7,9,0.6237762980042705
2518,4,6,0.5843483744668762
127,4,41,0.05
3155,1,11,0.95
115,4,32,0.10072995905167484
3448,6,59,0.5590306329539247
432,2,31,0.199922624730565
4678,4,52,0.9331520699025859
4761,11,22,0.42106075844647484
2261,7,37,0.28084956894617774
2185,13,62,0.1231011318353804
4649,9,28,0.46433808235775353
4053,2,39,0.95
2889,8,36,0.22420488934626776
4361,14,61,0.3233786893540566
2352,6,33,0.3490962062020898
344,8,27,0.07716514285530854
1994,2,5,0.7385274403123494
1456,14,28,0.10757956485422704
1042,11,37,0.09346091853871863
3567,1,38,0.95
3292,7,28,0.3751028460828731
1845,13,48,0.09297090871852376
4605,9,49,0.505139443584199
2457,9,7,0.26942188986751164
3979,15,19,0.20793764527584874
3877,2,27,0.95
2215,4,45,0.4603632971053973
2367,13,25,0.15131467993881262
2367,1,53,0.95
1596,11,8,0.17622188741013559
2896,7,56,0.3319001389522215
4581,2,45,0.95
1029,4,15,0.2548429925507047
3424,12,14,0.31659412923331365
4600,2,27,0.95
4687,1,44,0.95
456,7,44,0.08397472961005967
4410,6,3,0.6205637471990131
4164,2,47,0.95
3941,14,48,0.2537852188323788
4030,4,24,0.8072682953274279
4947,12,29,0.2666093752729925
926,11,2,0.07676464487921297
765,3,33,0.1653464361726662
2128,12,13,0.13395298388894447
3791,3,47,0.95
2682,3,51,0.6397096162605287
653,11,54,0.05
427,4,57,0.05
1288,1,61,0.95
249,1,56,0.2092370251081226
4852,7,36,0.5522456204285405
2953,5,62,0.5228472390711338
2036,3,27,0.5859149225552193
4488,9,32,0.44322952176352587
2836,5,58,0.3762305639943134
1056,10,13,0.09456700525459455
3348,3,30,0.9386019754093551
515,9,6,0.05
3554,1,36,0.95
2745,14,8,0.175051553356574
3874,9,17,0.3600917722229549
184,14,33,0.05
2035,5,53,0.36174027442053225
1516,6,18,0.24213971759263245
1170,2,22,0.4203544314673716
3512,8,28,0.32935082888211875
1621,15,41,0.06935389561142287
1601,3,48,0.4359717076550518
4191,1,61,0.95
2573,7,53,0.29669613671614253
835,12,16,0.09433305369489284
2938,3,24,0.7473131208815296
2662,4,9,0.477984907623072
4006,15,26,0.28326120254227044
1372,5,12,0.2475042265366047
4936,1,58,0.95
1962,11,22,0.1550160837504199
4326,11,55,0.3215253750984143
1863,9,56,0.13460534288157863
4518,7,11,0.6547140386752721
922,2,51,0.44353066412595393
642,13,10,0.06456942062118097
2865,1,49,0.95
2178,14,2,0.07150429761057606
984,11,63,0.07457239856391179
4386,2,23,0.95
3749,3,7,0.95
4610,12,31,0.32521816005237303
3671,3,56,0.95
4033,8,35,0.3687591815491268
3766,5,14,0.6532532233608633
1821,9,23,0.16362763201033761
474,3,7,0.16929680339904837
657,6,42,0.12039188695244453
1380,4,47,0.34858063267092243
3523,8,25,0.32724790921918073
1228,12,22,0.18393196887740043
1460,1,40,0.95
3697,4,24,0.7527732410280938
1200,7,6,0.15187257139382568
1634,9,8,0.17915479930375589
2725,13,4,0.1594604990740582
4227,1,56,0.95
1731,8,14,0.27967826786146543
157,2,55,0.05
1227,4,13,0.20470830881440893
411,4,7,0.05
3817,14,35,0.1965654919057431
2101,8,16,0.052013603826818244
2837,11,48,0.21484070140231248
3977,2,19,0.95
2382,7,56,0.28054490486553846
3283,3,50,0.95
1531,9,58,0.12241960665665007
3225,5,4,0.6251469570551609
4997,14,23,0.31779479796286764
4434,12,36,0.3062652407120525
1875,15,29,0.05508722390058918
1418,8,42,0.1568638578892328
4307,15,43,0.32815743678000164
3259,5,13,0.4471559030809834
1428,1,56,0.95
4485,9,2,0.3968711348015571
4074,10,37,0.2703691105264578
4777,11,31,0.32474116948405085
4565,12,54,0.3578454317363154
319,7,56,0.05
3402,4,24,0.7645445353870045
2966,7,38,0.33710141627990636
1996,5,29,0.3287870884441043
4544,10,50,0.42296041808142415
2402,14,54,0.1366283808770255
4647,9,6,0.4444068667098472
4284,2,37,0.95
3826,4,62,0.782069240500781
2142,6,55,0.3371360819031677
622,11,48,0.05
2807,5,57,0.4136632977619404
3098,1,11,0.95
4021,9,6,0.3710972157785957
1009,9,15,0.05
4637,3,25,0.95
4233,4,29,0.8914273495929071
1980,4,22,0.37196291299007833
3379,10,46,0.30774159554198594
4405,8,52,0.5064058783734012
2660,6,41,0.31469028458766957
3172,15,13,0.2007434836311295
3926,2,21,0.95
4576,4,63,0.95
2975,1,52,0.95
3006,3,33,0.797207280013102
4589,4,52,0.95
4591,8,39,0.3777998443043149
644,3,41,0.27791960562316714
3197,5,43,0.42725545686697286
3725,1,22,0.95
3605,13,18,0.28214738505705717
1184,4,2,0.24242710772061574
652,2,52,0.2529296313475727
1253,4,45,0.2546535960444196
4038,5,29,0.6575651840046365
2345,3,55,0.5690279001329773
1786,14,3,0.05
793,6,18,0.1666473089616869
3890,12,40,0.22964835529863545
597,15,15,0.05
2195,2,15,0.8516532016972058
712,5,45,0.10306790555901635
4067,4,49,0.8875300808226729
475,5,19,0.05299731372565089
905,13,41,0.12199215139830297
1020,9,35,0.10131604801624686
3704,6,44,0.515906290840212
1543,7,2,0.1993865025501279
1645,14,43,0.11094008848366523
1310,11,19,0.1285070630666042
2180,8,49,0.21789813317795462
4787,15,35,0.22139720757790737
2248,9,24,0.27216089821273115
1608,14,50,0.1452811621660844
1013,5,17,0.18693840417219204
2880,8,20,0.34756225030214694
489,2,38,0.14311347951776843
4149,10,61,0.2952055418362665
4355,9,56,0.43080176821222066
3725,2,63,0.95
1170,13,7,0.16499701164507896
4891,15,25,0.23752618482554544
4953,12,18,0.27006315143641835
2670,5,49,0.40802887299058876
3837,6,17,0.4877385184847471
2879,4,40,0.6054463501244786
438,8,49,0.060413508121619164
2076,10,42,0.12735243003814672
3536,15,56,0.19703153376447746
894,3,7,0.2082032516576365
1822,11,17,0.1891575355859566
3319,13,10,0.15949661212780847
998,5,30,0.2409586264763662
202,2,5,0.08079191714481235
2959,3,61,0.85629204237619
4288,8,27,0.38723386733129866
1547,11,55,0.10548063639531646
4314,5,39,0.8168868309373734
2132,14,63,0.10025042043511065
4132,3,27,0.95
3160,5,15,0.5064571914124153
1634,9,36,0.12806855346765925
2947,3,56,0.8790031808047258
3309,12,50,0.2997692199050308
4670,15,44,0.16584851130490288
3563,10,25,0.269618353892962
534,7,9,0.05
1357,8,41,0.15769016977926595
154,5,26,0.05
1030,3,5,0.24809983323259016
2899,11,16,0.19193086447839316
411,6,17,0.0658542986421204
1056,13,55,0.05428683264892788
4183,12,12,0.33738014519830517
4952,3,29,0.95
2612,9,8,0.26884277729712514
1363,2,51,0.5572777884967868
2847,13,39,0.2367762080838613
2882,3,25,0.8178134033496608
1193,7,32,0.07267179997345838
2886,14,5,0.12117677571299414
2915,14,38,0.12316703201021723
3863,10,57,0.3098842122876224
4135,8,36,0.414518312061656
4939,5,7,0.828828849414426
2423,5,47,0.4753625886616106
332,5,34,0.08502798108459317
2201,4,53,0.44850955750334975
4452,9,33,0.3804558370718422
2128,6,47,0.3453475536964912
2029,13,39,0.16373360988838834
1558,12,36,0.20171197193530377
1748,13,18,0.1522010437578381
507,8,55,0.05
3440,8,33,0.4055059768853386
2077,5,15,0.4358773900948162
2513,12,20,0.14816345881401877
1860,9,25,0.1342302554110687
3697,2,40,0.95
1478,14,12,0.08132828870266341
720,8,8,0.05
1029,3,46,0.2815523555112441
1074,7,61,0.11667578298191553
4587,13,25,0.3207010136101646
4547,9,56,0.4669416167760075
2953,14,54,0.19235729174613486
1789,11,59,0.14597729182045605
4771,5,25,0.8040730203554193
4718,15,15,0.21902853250440002
825,11,25,0.09349191359291398
261,8,12,0.05
758,4,9,0.05
2997,15,45,0.18371773093541968
4719,14,16,0.27472603876397417
4199,1,43,0.95
2642,1,55,0.95
1678,6,3,0.29781324356384736
4094,8,25,0.39116343546628
1174,10,46,0.05
3305,2,11,0.95
4144,11,33,0.3643595077461919
3533,4,18,0.7025743310788886
977,3,58,0.24833312990122458
1191,13,58,0.08116640229220749
3159,9,55,0.29459221471282543
1774,3,11,0.44845402305065596
1708,11,23,0.1669916925687836
2926,8,7,0.314613510607764
1317,14,28,0.05
3152,7,21,0.3785576654173785
413,1,2,0.3754405298141452
829,8,18,0.05877171505487176
4139,9,2,0.3715481504442843
483,8,38,0.05749710751953206
1912,10,62,0.06391196633604868
2424,10,16,0.19217630632977728
3529,1,56,0.95
2845,15,2,0.1634324688465511
1964,11,18,0.2163688918905432
3391,13,47,0.2533179064072243
4946,11,46,0.35410989384455394
327,7,61,0.05
2164,13,44,0.15625310613353563
111,9,45,0.05
1622,14,39,0.05
791,5,44,0.12965535223142446
3805,2,3,0.95
1839,14,19,0.0991212824010147
1625,8,13,0.22013913675811267
169,15,30,0.05
2348,9,24,0.1936459836740156
3223,7,48,0.346567209030603
4824,12,10,0.34943928540023106
3430,13,9,0.263652722068251
1387,5,51,0.2202945132241791
675,8,17,0.051181145520032986
2272,15,63,0.1945609914656829
844,6,24,0.22650081871674
2627,12,54,0.16087888305609183
3173,4,30,0.6565283068971458
4310,1,60,0.95
4676,6,11,0.6692829713714954
1124,8,13,0.12877601195531516
1041,3,63,0.18819453671292496
867,12,62,0.08145213598209294
2538,7,53,0.3992365801320609
933,13,13,0.05
2290,12,31,0.07898830918809663
727,7,11,0.05
476,9,15,0.07553236867125623
3986,1,5,0.95
189,5,48,0.0887296575714801
2955,8,21,0.25474803225438314
1165,13,42,0.11569552497342422
1158,13,40,0.05
3159,3,8,0.84092622849982
4172,5,31,0.7200761170255874
2700,14,53,0.18970615088343892
4319,1,42,0.95
2204,9,25,0.21715066986942844
2953,4,11,0.6483006639554437
2755,5,53,0.3653765126048957
1615,3,46,0.4451488621911468
3117,14,39,0.18117240214612126
4247,2,37,0.95
1673,12,18,0.1157932760786026
2636,14,22,0.1540701216737804
4026,7,59,0.5205901965733382
2152,11,47,0.18637783576414907
3896,5,60,0.7196565019399839
731,11,4,0.07399770399865314
1961,10,2,0.11462178750348014
4052,14,19,0.21859651570086158
1332,3,3,0.4200767713767014
2364,15,41,0.1723202443465356
2147,2,49,0.9314132950008451
635,10,5,0.09481596623828209
3633,6,33,0.5202797701887186
4925,10,20,0.4180211044993952
3197,6,21,0.43616288843208006
1375,3,43,0.43374754750469846
3173,15,50,0.19240603489900182
1125,13,50,0.05
2151,9,54,0.21828080609705838
3721,1,8,0.95
4663,3,10,0.95
300,13,8,0.05
4503,1,28,0.95
3423,7,22,0.4775954941715866
3458,2,36,0.95
3071,11,25,0.21731474049376528
685,11,33,0.07625290219340519
3445,12,13,0.24952814570057807
3954,4,24,0.7904274788619615
4704,4,37,0.95
3524,14,50,0.21251370865535202
4200,13,30,0.33247064349924527
459,8,4,0.05
3769,11,44,0.28964390235466114
4409,4,9,0.94635973669502
3577,3,35,0.95
4758,10,58,0.3665700755142579
2912,12,15,0.29530539877564554
144,3,37,0.05
2850,5,49,0.40094252404375075
733,6,47,0.11260598265358222
1310,7,33,0.07408253379754627
1849,13,8,0.08702939300078671
3341,5,11,0.5817422994069438
2868,7,13,0.4130076742204341
693,4,56,0.15836518152284407
1524,5,61,0.27293519618015094
2026,6,41,0.31503602170119893
956,9,24,0.05
651,6,12,0.121093346673565
4238,10,53,0.35334880239832656
2988,14,14,0.13796008234359344
4374,11,13,0.28329682946568224
1580,1,8,0.95
706,12,54,0.08985014880767014
771,11,45,0.11274926280964279
3415,7,11,0.40023924550804063
116,14,8,0.059225297384417085
2973,11,52,0.17103289472887456
2694,13,59,0.15044707439952987
2584,11,28,0.28130776684751313
715,3,8,0.25841668229691045
3305,6,56,0.41876887192749024
2949,2,51,0.95
4507,15,25,0.22200960913450762
3907,14,24,0.2177448221943053
2172,12,26,0.14826215236868495
624,7,45,0.05
3273,1,37,0.95
1573,13,58,0.16953737379226552
2525,2,34,0.95
3374,9,38,0.28492777989848095
3438,9,43,0.28914970826482467
2107,7,40,0.1419390877404998
4657,2,53,0.95
2512,5,62,0.5118007942302115
2251,4,8,0.4467729008813707
3282,2,31,0.95
527,2,61,0.17527513421962984
4664,10,32,0.38562629954349076
1114,8,58,0.10376251597697815
1704,5,46,0.3034137696519615
969,8,47,0.05
2827,2,38,0.95
2952,2,22,0.95
985,11,35,0.06015704410930409
2708,11,47,0.24605131178895237
1373,3,22,0.4470702517415494
4526,11,41,0.3287960188910347
2055,10,21,0.168349991171583
686,8,35,0.08802315688022619
300,15,9,0.05
4649,8,33,0.5225686077595452
3717,3,53,0.95
925,1,31,0.8074841801037695
210,7,30,0.05
3011,4,6,0.6668642836888615
3999,3,31,0.95
1007,5,13,0.16121649589285217
3815,12,40,0.3306045605412218
3789,6,28,0.45437112682417413
654,14,54,0.05
2003,1,14,0.95
206,12,48,0.05
3436,12,11,0.3291596003123772
2634,9,37,0.2391228458877266
2326,6,32,0.3927096262597522
3393,3,17,0.9163601697912839
1493,1,40,0.95
2784,13,46,0.19128799933012347
2935,9,37,0.2651062513947778
266,2,27,0.05196842261589761
2810,14,45,0.18568025122179976
3724,10,21,0.3144004530381177
2447,6,35,0.31079742613447503
1504,6,38,0.09897734651919651
1625,12,9,0.05
4509,3,5,0.95
4938,11,60,0.37097128992049755
2874,6,30,0.4546422882233664
925,14,32,0.05
1224,2,3,0.5400337421294421
668,8,26,0.05
2058,13,39,0.11985842621189517
3839,1,4,0.95
2209,6,62,0.3095983990826593
4564,14,47,0.26145756861647457
4289,1,43,0.95
4194,9,44,0.42881752344117247
3030,13,6,0.2200651047398658
863,13,23,0.06626579853084669
3460,9,17,0.329604098803343
3550,6,10,0.4538431677490126
2247,6,54,0.2887886684246294
3495,9,49,0.32737983293466993
4524,14,10,0.27835625297855615
3819,5,50,0.5769300158618124
4901,9,13,0.34594066806056695
320,5,48,0.05172772078316414
1961,14,43,0.06757142977681416
2714,14,5,0.2310825412359397
1121,4,50,0.2672053125446946
209,2,19,0.11635245077426132
4344,2,19,0.95
3948,15,43,0.26306749486061515
798,13,44,0.05
207,1,54,0.21075874126767397
488,10,34,0.08386590721172335
524,14,43,0.05
2594,3,63,0.6707820742236514
3065,1,4,0.95
2803,13,60,0.10545591714125306
2099,6,39,0.31844369973246356
3675,14,18,0.16562677178554924
1627,11,13,0.18159598806748606
4153,13,12,0.25510862172691134
2126,7,18,0.2495163359818575
2468,9,36,0.2857382485996352
2866,14,42,0.2546636836090774
1955,7,51,0.22706879210059117
546,4,61,0.14008411815789265
1697,14,7,0.0995789822235943
309,4,36,0.15330287851500057
948,8,7,0.17242521282430667
1751,4,33,0.37037931515184574
2016,1,12,0.95
3629,9,44,0.39002538382447544
2018,3,40,0.527539934658648
676,14,14,0.05
788,1,14,0.7072498313613903
889,9,40,0.05
1455,11,47,0.1425445032159639
1787,11,35,0.16297935507516328
449,14,4,0.05
2817,15,33,0.2115436481395949
3639,13,5,0.25398001068169107
4621,10,41,0.3525440433790816
4522,14,54,0.19888221137131
1229,10,2,0.0794101623538366
4450,5,10,0.6953374905797995
4639,12,50,0.29715553174733034
4308,15,51,0.2180487781005042
4884,14,8,0.3503553763849015
1090,9,28,0.05
1973,3,4,0.49474173119519904
4241,6,23,0.5676879276850755
4952,11,17,0.5044311346921198
1476,12,9,0.05
1326,11,6,0.05
663,12,50,0.10995491707049881
2987,7,59,0.33007497219246357
1440,5,31,0.19924063775331968
3837,12,29,0.28523288131169644
1537,8,52,0.19481456583699708
194,10,28,0.05761917877749509
3396,6,51,0.499913686848043
1048,12,23,0.05
4748,6,31,0.6924102002599775
2792,13,38,0.19910211832983504
4261,7,8,0.5742808538126654
3381,8,51,0.4255942408613306
1597,12,31,0.06565754625063572
4860,13,14,0.39625386802373164
2831,2,23,0.95
2843,7,12,0.2670166729431635
4375,9,6,0.48828803569924906
2981,13,23,0.2319814395992384
301,1,16,0.15163245075766546
1598,13,54,0.07715453986863677
3186,15,40,0.1412407034797485
3213,12,38,0.19455502150858567
2690,1,32,0.95
2048,7,63,0.23314910474512093
3704,13,30,0.2135459090620641
4063,14,40,0.2927869288881399
793,5,18,0.10821572684955508
1819,1,42,0.95
4033,14,7,0.2501515964031107
3832,15,42,0.2615994734667488
2759,13,18,0.27421741756107654
1821,1,35,0.95
4151,2,24,0.95
2391,11,53,0.15389988743767885
4299,10,31,0.3685722606107054
2798,9,14,0.16461596607875037
3474,12,59,0.21461032417383527
1110,12,31,0.14534306034123706
1141,3,50,0.35798934408610644
1657,9,54,0.13839978913535878
1307,6,21,0.18707022544701546
1780,13,7,0.1516774781812979
3721,10,62,0.3489667053143257
3452,6,56,0.5005263199088652
1778,7,32,0.262256961993254
3696,10,60,0.29938920848809936
2845,11,20,0.14237297093681228
3645,8,7,0.3313999595486331
3093,11,35,0.21200247743572098
880,15,29,0.05
1045,3,59,0.23427556274635536
3528,8,14,0.31888156384334854
3198,15,53,0.11242410574024883
647,6,63,0.05
2307,6,11,0.40680722315383144
3084,11,62,0.27994834794809603
2690,14,42,0.14667101201247637
2274,3,46,0.6401579580739566
1897,6,8,0.2425733868071135
1980,11,19,0.12840433919589078
3156,13,23,0.24802901108571196
2357,8,15,0.2565065188740876
2297,13,37,0.09597029385890865
130,7,9,0.07259771982537827
711,10,13,0.08064099903918127
4497,15,41,0.2943252858166962
3110,10,49,0.2687455407172262
3012,7,34,0.3625182318632358
3902,3,25,0.95
2912,10,43,0.2689127785171097
782,14,40,0.05
356,3,63,0.1258719040066476
1039,5,15,0.09401928910336747
2994,12,50,0.17714741023834726
3285,5,52,0.6197906167073205
876,9,63,0.05
2832,13,6,0.15308642654881416
831,9,20,0.05115507406961234
2142,10,4,0.13839520024965257
1069,5,2,0.16612494991259136
202,12,41,0.05
1183,14,42,0.14081504373982462
4962,5,38,0.8785322260502483
3170,6,34,0.46964388848495253
3848,13,50,0.23997388919423418
471,13,58,0.05
778,8,47,0.10951818287571326
301,6,18,0.06240106190186023
188,14,10,0.05
2096,11,32,0.139466803783453
4594,13,36,0.30168695293439224
287,13,4,0.05
4847,12,14,0.3069875479360132
1654,14,53,0.15423759468068324
4782,6,38,0.5846389248829797
329,9,39,0.05
3652,1,15,0.95
154,14,7,0.05
4466,4,59,0.9023735017741897
4131,10,30,0.31532797248500066
1223,13,62,0.1188302938217623
3240,10,58,0.2815202084297595
3470,12,50,0.19934947694808208
1652,2,10,0.7145179681710772
215,9,37,0.05
3713,3,24,0.9367481659327558
4518,10,16,0.3528979749156756
2710,11,55,0.23586797867678888
459,2,58,0.2100220245131808
127,8,51,0.05
3937,4,48,0.7790698939349754
3633,11,60,0.2947560324541109
1518,2,51,0.5440535099500511
4139,4,8,0.8521541778905306
3016,7,48,0.4456422956466617
1394,15,61,0.12141181255429642
3729,14,26,0.23129967432287085
2175,7,38,0.2307882774618267
4939,1,24,0.95
3777,13,12,0.24176809495728593
3253,12,57,0.2059610664598464
1878,12,47,0.1976155699708017
4775,1,9,0.95
3994,3,37,0.95
2598,2,43,0.95
4628,3,40,0.95
473,4,2,0.1349947052365549
2365,14,53,0.13788203108316624
1231,7,45,0.14074232995549057
1942,2,14,0.7550720607420172
1673,7,17,0.24327528982772384
4544,15,47,0.23405525111536196
887,5,14,0.15957786712930092
1645,15,38,0.1598802071838064
4221,8,15,0.525946932936532
469,8,59,0.05
4474,5,14,0.7305934782992292
1802,10,47,0.17938188541801559
1757,8,13,0.14931392862420906
2028,12,56,0.19062771436259313
4155,14,29,0.28029905585972775
706,9,23,0.09618232194196816
2676,7,21,0.3079134050441128
4224,6,48,0.5907164219739001
422,7,20,0.07584527691446846
1976,7,12,0.24515266608663533
683,3,31,0.1146237114779937
2909,6,55,0.4719247434507171
755,6,27,0.11227359565897727
4981,11,16,0.37830267626440756
322,9,31,0.09109129437895819
2222,1,30,0.95
2320,13,61,0.09823035105473463
3650,7,33,0.4192125115022161
2542,1,54,0.95
4085,10,31,0.2924794416775351
266,13,45,0.05
2116,4,52,0.41190336000787453
217,13,17,0.05
1909,7,37,0.2859373595888926
2306,6,19,0.3308199432628008
1350,6,42,0.16921480059590766
4106,5,49,0.6132549949556176
3209,11,40,0.21654615735877483
4658,7,29,0.45959301006841435
1771,9,63,0.21799952559840519
2251,14,59,0.08042555694349267
2397,6,20,0.29386909213104706
1136,10,57,0.05
2714,7,57,0.31502330008374396
1979,9,12,0.19747077854162126
696,7,18,0.13744705603214394
720,6,63,0.09647919855402662
170,3,22,0.05
1903,14,38,0.1616083906493869
4633,1,45,0.95
1167,10,52,0.09533537769610174
2025,9,35,0.16663401014292725
1137,7,34,0.08932155542319428
3542,15,30,0.22796196365387122
3283,3,5,0.9091145730348215
1502,10,33,0.05
2461,9,61,0.2156344972357613
1538,3,12,0.47346902179270395
3911,3,27,0.95
584,13,19,0.05
4364,14,54,0.2986290864546619
4998,7,33,0.5749658049576541
345,2,61,0.1490211257418304
3471,10,28,0.30544694183220644
1450,14,17,0.15673844228921044
629,7,11,0.1310761940401005
3914,7,45,0.49696968638169636
1888,1,35,0.95
1802,13,34,0.14057802410010728
3725,10,11,0.3858720154547636
3420,11,43,0.28728912354782377
859,2,61,0.39287079297112215
1503,5,27,0.2578473377067822
897,14,43,0.05
631,4,26,0.1583555519146188
2017,14,3,0.10978362551857246
4237,3,27,0.95
3516,10,21,0.3607334536340302
698,14,4,0.07501897472085782
405,11,33,0.05
3009,8,2,0.19055857365194173
778,7,25,0.08304540094387292
3484,9,51,0.3532093444762838
830,3,44,0.2004475162984543
2125,10,57,0.13222284055504635
4328,1,45,0.95
2866,9,34,0.25792701944129387
2198,9,39,0.19173471164231862
491,12,49,0.05
2843,12,53,0.20598861276740513
3884,1,36,0.95
3937,14,18,0.15936919108164027
4703,8,59,0.5137525000329516
1785,14,49,0.08744528992721673
3014,14,44,0.13968107284432202
1518,10,49,0.13513278828475056
4291,1,45,0.95
4301,6,34,0.5789729056744624
4190,9,12,0.3470147660203993
3826,3,24,0.95
4873,6,39,0.7365352455839932
3729,3,33,0.95
3413,11,20,0.2250241851868991
4985,14,13,0.3400892678599141
4710,5,29,0.7886816846566744
1184,11,3,0.05
1107,14,11,0.07663908122301515
1417,7,20,0.1347281433982739
2449,11,29,0.22411190511267898
2793,10,48,0.1356249903546956
2378,12,9,0.15931693773213407
3822,4,44,0.8520631939604159
3793,4,24,0.7725045612269432
4492,7,49,0.5280621411937313
4650,5,46,0.7385791374569063
4435,1,31,0.95
3347,11,29,0.18307125687022258
3234,15,14,0.11814253731357133
2698,10,56,0.1602332673699514
2285,13,38,0.21746935540477916
4152,15,13,0.15599710471130251
4649,12,11,0.2823653463624673
3924,13,52,0.1740024360275837
3620,15,18,0.27677728037717236
1349,2,2,0.5359791999187823
2174,6,23,0.23042807878838484
2604,13,16,0.12952022913080832
4890,12,17,0.2921554971985503
4905,9,21,0.4996367093182873
2114,7,56,0.24026704100241902
1048,4,11,0.15959325512896388
206,15,43,0.08271770201438011
2591,12,27,0.20769996077354003
4792,12,50,0.28843065413446195
254,15,62,0.05
3340,13,55,0.13697105040956753
895,2,24,0.2851970886272207
4467,4,18,0.8729537219527235
1670,14,35,0.13755810603920032
1734,5,42,0.3633970685901253
2038,2,58,0.794867347488586
1632,1,23,0.95
3128,4,60,0.7365682908873383
4317,11,5,0.36476763742153046
1540,13,8,0.06966512713527048
1498,6,6,0.2536489879453689
3746,1,32,0.95
3497,1,20,0.95
4345,9,5,0.28226898564262354
4902,5,51,0.77549950104044
3142,2,63,0.95
1715,11,23,0.0702897370598739
1613,14,4,0.07726465729442174
2698,2,24,0.95
944,4,5,0.21761027754916215
3519,11,47,0.2081119508755585
3630,2,25,0.95
2427,4,60,0.5515808221592521
3140,15,15,0.16605011275938536
2076,11,50,0.17917549037076513
1935,13,42,0.14143430419258327
4999,6,52,0.6910625005506763
454,7,4,0.1733498126469564
1705,6,48,0.21480944913160613
4573,4,22,0.8875750353514775
3295,10,27,0.2826980452766433
2227,3,2,0.6174410952218293
1087,4,31,0.24413400925002798
4428,12,52,0.28510664184179907
253,5,5,0.05
1006,4,15,0.2742654102000785
3863,3,19,0.95
1720,1,13,0.95
3728,3,39,0.95
3674,11,43,0.3003387286530325
4518,5,37,0.749880869529179
431,13,17,0.05
4438,14,2,0.14714463337620826
529,15,4,0.06390328467354245
2523,6,40,0.3307409349887554
180,12,63,0.08219029437058861
1673,14,36,0.05
519,13,62,0.05471933153911813
566,4,55,0.059094149639136714
3493,1,60,0.95
1665,10,16,0.10860090514393606
1618,13,39,0.05
4130,7,17,0.5269781120201457
2135,13,18,0.15788889379807808
903,9,35,0.10831737136249257
1177,15,11,0.12926585754173636
1732,13,12,0.1499003991604011
2084,6,29,0.26996426724212425
103,14,28,0.10784091787942543
702,6,39,0.12717413399184363
2467,9,19,0.1785978510541098
3775,4,48,0.7720948147985586
600,5,49,0.0678641393468351
284,5,31,0.1416633650884139
3609,14,14,0.2624603789698825
3351,12,17,0.24630266242486495
3247,5,3,0.5214821791959486
3040,8,21,0.41606451577717407
1395,11,13,0.16720388884093626
154,1,30,0.1060444784440328
1824,10,47,0.15697712172694617
3010,11,9,0.2551249168236567
1970,15,39,0.0704765942268043
4272,10,47,0.3180290454769458
2443,11,57,0.28621026179551906
3390,3,48,0.9388676084433623
3448,15,21,0.1754119619485066
1701,8,60,0.21835235564227257
2893,15,36,0.10812694698886546
3437,11,40,0.26114906824338346
2190,9,32,0.2684778117997497
1351,2,17,0.48554556060040216
270,12,24,0.05
2909,4,35,0.5941210884474422
2454,14,33,0.10820591870090937
1873,8,18,0.25296950059071854
3854,5,44,0.7043638564037423
4091,1,25,0.95
2181,6,36,0.29867099969796895
926,14,55,0.1345848243503052
1765,9,24,0.1427314800610855
229,9,9,0.05
1517,11,55,0.12709097898678373
3887,1,24,0.95
1507,4,22,0.3041396491255826
693,1,20,0.5229322094017954
1137,7,32,0.19258290075291531
2228,3,51,0.5201682113572319
3378,2,8,0.95
4399,14,49,0.2257952210732952
122,8,25,0.05
1733,9,47,0.060657024578254504
4101,15,9,0.28193361836743314
4299,7,14,0.4946191248338093
1505,6,4,0.23843887218001003
1578,10,35,0.13245630524732974
1294,13,14,0.07270167294690819
675,11,58,0.0716801364815276
1706,6,55,0.17767405127116395
4469,9,59,0.4142372867550401
551,5,33,0.05
224,5,36,0.05
3554,2,22,0.95
2464,6,2,0.3049205510235969
1966,14,3,0.12653111850579277
1783,12,58,0.0547579903731171
1006,12,43,0.10138688379652619
3634,12,44,0.3616544259366998
529,6,27,0.12432972206646709
2851,6,4,0.4178048702951951
3925,4,25,0.7894201759105226
461,11,27,0.05
4991,15,9,0.30537222518855667
531,7,48,0.11923985397411468
2822,15,38,0.24176803132204608
3161,9,9,0.2620862793937574
3323,1,19,0.95
1730,3,19,0.5046370459092572
4771,10,13,0.39050660416696875
